"","taxon_id","60010","60011","60012","60013","60014","60015","60016","60017","60018","60019","60020","60021","60022","60023","60024","60025","60026","60027"
"1","ab",0.269616255147345,0.0750910380704658,0.257660231888714,0.54220678677375,0.343452627400795,0.335470859437536,0.347753585211301,0.365563284312202,0.571560980838467,0.320439328774343,0.300782321802619,0.456427062222414,0.319004932253854,0.306278875309341,0.374591127700022,0.255657310269934,0.30229012341449,0.530527348126402
"2","ac",0.304040283711691,0.518434618113029,0.411591899534616,0.0901179364734824,0.269576762122451,0.238884193486359,0.272309304873982,0.218584231856781,0.0628219597853707,0.338352126697421,0.344017480107343,0.206722435427537,0.297472139517835,0.23226095255792,0.162124048101331,0.388438754901198,0.287437213477602,0.0308017549044123
"3","ad",0.426343461140964,0.406474343816505,0.33074786857667,0.367675276752768,0.386970610476754,0.425644947076106,0.379937109914717,0.415852483831017,0.365617059376163,0.341208544528236,0.355200198090037,0.33685050235005,0.383522928228311,0.46146017213274,0.463284824198647,0.355903934828868,0.410272663107907,0.438670896969185
"4","ae",0.117512403532552,0.0469425396074722,0.118941241614852,0.240081036104479,0.186975400945091,0.211856562160422,0.206185382819572,0.21960075817771,0.306512020882855,0.138780264039717,0.0238511112449557,0.157129921090078,0.0539847080838805,0.0984484404165646,0.0830784558637691,0.0236272416954508,0.0774955287087733,0.18749939110922
"5","af",0.128339938891876,0.024838023173327,0.125695856352424,0.28931915201505,0.142341923099296,0.114138527790075,0.093816999380628,0.116958233641251,0.202907962849703,0.124289962196384,0.187499581735563,0.276025182182743,0.236580989923283,0.187069773727375,0.244550506030981,0.124205405441979,0.165828370942432,0.328658134618445
"6","ag",0.00691249432544423,0.00122014660676283,0.00926117702754682,0.0118978366254251,0.0110009683589566,0.0074545104931067,0.0296226594883034,0.0151236033860536,0.0156022421326742,0.00415774713870218,0.00907801133663929,0.00570911129317408,0.0171214157562039,0.0163982195494818,0.0451710029413165,0.102580931083829,0.0532032261822368,0.0113399818794104
"7","ah",0.0168514183974733,0.00209032868290376,0.00376195689389168,0.000908762028796759,0.00313433499745079,0.00202125899393175,0.0181285435227977,0.013880689107188,0.0465387549732344,0.0532113553995406,0.0803536174854611,0.0175628476564184,0.011317818490486,0.00436244161591932,0.00179116286395587,0.00524373204867537,0.00576299758104858,0.00302984051932701
"8","ai",0.304040283711691,0.518434618113029,0.411591899534616,0.0901179364734824,0.269576762122451,0.238884193486359,0.272309304873982,0.218584231856781,0.0628219597853707,0.338352126697421,0.344017480107343,0.206722435427537,0.297472139517835,0.23226095255792,0.162124048101331,0.388438754901198,0.287437213477602,0.0308017549044123
"9","aj",0.272346481131498,0.189070702293686,0.197798621179395,0.207035670356704,0.291914031623935,0.343658747087732,0.289461146314736,0.34182362158587,0.277782331540552,0.199526316131929,0.198461456095619,0.207287309732224,0.193390008166835,0.292173788187201,0.287007292853297,0.123704713607654,0.243145733257498,0.345895426661947
"10","ak",0.126739794653522,0.196826672972334,0.107165048461613,0.129918240358874,0.0867793339195954,0.0716428989862402,0.07704630997189,0.0567523537689156,0.061920314756083,0.125519718392338,0.137348002703661,0.104100728730973,0.1668156417396,0.140438524624779,0.111901892625464,0.190344090313981,0.127101164248857,0.0739274591880807
"11","al",0.0259693429105883,0.0198202884842752,0.0247824194032437,0.0236654366543665,0.00769554520662316,0.00979326813431534,0.0131973891085807,0.0156074521588977,0.0251640930901204,0.0160128571335619,0.0182898672930595,0.0142167220042258,0.0222916010211759,0.0274584660084293,0.0433761771676184,0.0324942234371141,0.0289691703613352,0.0137041018130332
"12","am",0.00126208559644813,0.000567510049657129,0.000748164460920031,0.00688228058751176,0.00043456391340202,0.000545561055884234,0.000226309019009958,0.00162910550122738,0.000715641334434643,0.000143146223867681,0.00102725745681838,0.0112155577594757,0.000999954985949186,0.00134716251256366,0.0207503836897955,0.00781146922605898,0.010902412784124,0.00513091963615934
"13","an",2.57568489071047e-05,0.000189170016552376,0.000224026646490179,0.000173648795311483,0.000106074656027265,4.47181193347733e-06,5.95550050026204e-06,3.99508161063935e-05,2.8373444977585e-05,6.50664653944004e-06,7.02684253849706e-05,3.01841231512225e-05,1.60764467194403e-05,2.53384798601316e-05,0.000249077862472391,0.00146486192069447,0.000154182456092263,1.29896699649604e-05
"14","ao",0,0,2.95884250081368e-05,0,4.10611571718444e-05,0,0,0,6.30520999501888e-06,0,3.34611549452241e-06,0,9.64586803166417e-06,1.68923199067544e-05,0,8.45763233657317e-05,0,0
"15","ap",0.117512403532552,0.0469425396074722,0.118941241614852,0.240081036104479,0.186975400945091,0.211856562160422,0.206185382819572,0.21960075817771,0.306512020882855,0.138780264039717,0.0238511112449557,0.157129921090078,0.0539847080838805,0.0984484404165646,0.0830784558637691,0.0236272416954508,0.0774955287087733,0.18749939110922
"16","aq",0.124959352472818,0.0234192480491842,0.124529227023531,0.279557195571956,0.14019305587397,0.112796984210032,0.0875518128543523,0.114703232021023,0.198377669468282,0.119780856144552,0.179800169982667,0.264395670734337,0.226041271454018,0.184527479581408,0.241294179270129,0.0988426575910633,0.144102349740631,0.325683500196469
"17","ar",0.00400840961116817,0.00056278079924332,0.00355906483669303,0.00880399392229216,0.00853045540245067,0.00446286830961037,0.00208442517509171,0.00629447302654066,0.00520179824589058,0.00216020665109409,0.00414249098221874,0.00160838256220085,0.00195489592108394,0.00239026326680575,0.0036592468324988,0.00812271009604487,0.0139072575395221,0.00635519603035686
"18","as",0.0033773668129441,0.00141877512414282,0.00116662932889225,0.00946964763765285,0.00214544546222887,0.0013415435800432,0.00625923102577541,0.00225500162022754,0.00453029338142107,0.00448958611221363,0.00767598894443441,0.0116165753956276,0.0105268573118895,0.00249584026622296,0.00324167512188332,0.0252781715275499,0.0216506431121557,0.0028837067322212
"19","at",0.00169995202786891,0.000430361787656656,0.00485250170133444,2.89414658852471e-05,0.000828066669632195,0.00141309257097883,0.0259898041831436,0.00661851853495918,0.00704291956443609,0.00150954199715009,0.00407556867232829,0.00285886766418007,0.0114142771708026,0.0114149851769893,0.0196844769548034,0.0566153908610208,0.0322344121536891,0.00369880852252246
"20","au",0.0168514183974733,0.00209032868290376,0.00376195689389168,0.000908762028796759,0.00313433499745079,0.00202125899393175,0.0181285435227977,0.013880689107188,0.0465387549732344,0.0532113553995406,0.0803536174854611,0.0175628476564184,0.011317818490486,0.00436244161591932,0.00179116286395587,0.00524373204867537,0.00576299758104858,0.00302984051932701
"21","av",5.79529100409856e-05,1.41877512414282e-05,7.18576035911894e-05,7.23536647131177e-05,0.000218992838249837,0.000152041605738229,0.000250131021011006,0.000275216733177377,0.00034048133973102,3.90398792366402e-05,1.6730577472612e-05,0.00038808158337286,0.00158192235719292,0.000709477436083685,0.0139630119374229,7.10441116272146e-05,0.000640713761983403,4.22164273861212e-05
"22","aw",0.000772705467213141,7.09387562071412e-05,0.0003212457572312,0.00119817668764923,0.000975202482831304,0.00115372747883715,0.000535995045023584,0.00112306183054639,0.00128626283898385,0.000240745921959281,0.000421610552309824,0.000392393600965892,0.00124110168674079,0.00138517023235386,0.00739175185984242,0.0025778863361875,0.00515654658708568,0.00071767926556406
"23","ax",6.43921222677618e-05,6.14802553795223e-05,0.000219799728631873,0.000460169307575429,0.000215571075152183,5.36617432017279e-05,0.000452618038019915,0.000594823262028525,0.000608452764519322,2.60265861577602e-05,6.69223098904482e-06,0.000319089301884352,0.000697717787623708,0.000333623318158399,5.86065558758567e-05,0.0342703262277945,0.000681829083608007,5.84535148423216e-05
"24","ay",0.000128784244535524,1.89170016552376e-05,8.45383571661052e-05,0.000234425873670501,8.89658405389961e-05,7.15489909356372e-05,7.14660060031445e-05,3.99508161063935e-05,0.000100883359920302,3.25332326972002e-05,5.6883963406881e-05,0,4.82293401583208e-05,0,0,9.47254821696195e-05,8.56569200512571e-05,6.17009323335617e-05
"25","az",0.000177078336236345,6.14802553795223e-05,0.000126807535749158,0.00025179075320165,0.000143714050101455,0.000147569793804752,0.000238220020010482,0.000164242243992951,0.00102144401919306,0.000149652870407121,0.000321227087474151,0.000142296580570049,0.000183271492601619,0.000164700119090855,0.000413908800873238,0.000828847968984171,0.000493383859495241,0.000405927186405011
"26","ba",0,0,0,5.78829317704942e-06,0,0,0,0,0,0,3.34611549452241e-06,1.29360527790953e-05,0,4.2230799766886e-06,1.46516389689642e-05,2.36813705424049e-05,0,3.24741749124009e-06
"27","bb",3.21960611338809e-06,0,2.53615071498316e-05,0.00084798495043774,0,0,0,1.33169387021312e-05,0,0,3.68072704397465e-05,0,0,0,0,0,3.42627680205028e-06,0
"28","bc",0,0,0,0.000286520512263946,0,0,0,0,0,1.95199396183201e-05,0,0,3.21528934388806e-06,1.26692399300658e-05,0,6.08949528233268e-05,7.1951812843056e-05,8.76802722634825e-05
"29","bd",3.21960611338809e-06,0,0,0,3.4217630976537e-06,0,5.95550050026204e-06,0,0,0,2.00766929671345e-05,0,9.64586803166417e-06,2.95615598368202e-05,0,0,3.42627680205028e-06,0
"30","be",0.227284873968519,0.518358950106408,0.411520041931025,0.089779321322625,0.156932320947692,0.0997079906807439,0.270600076230406,0.218135894920476,0.0627652128954155,0.336243973218643,0.341758852148541,0.204005864343927,0.295243944002521,0.223793677204659,0.151366082188369,0.386046936476415,0.286912993126889,0.0306134046899203
"31","bf",0.076755409743172,7.56680066209506e-05,7.18576035911894e-05,0.000338615150857391,0.11264444117476,0.139176202805615,0.00170922864357521,0.000448336936305082,5.674688995517e-05,0.00210815347877857,0.00225862795880263,0.00271657108361002,0.00222819551531442,0.00846727535326064,0.0107579659129619,0.00239181842478289,0.000524220350713693,0.000188350214491925
"32","bg",0.272346481131498,0.189070702293686,0.197798621179395,0.207035670356704,0.291914031623935,0.343658747087732,0.289461146314736,0.34182362158587,0.277782331540552,0.199526316131929,0.198461456095619,0.207287309732224,0.193390008166835,0.292173788187201,0.287007292853297,0.123704713607654,0.243145733257498,0.345895426661947
"33","bh",0.107647530401131,0.181659966895247,0.0863136626665934,0.105254323131467,0.0658552525774431,0.0491675722085832,0.068726475773024,0.033341175530569,0.0363463830162864,0.0965846612314479,0.108240144016811,0.0866672416023457,0.145109223379012,0.111375288225208,0.0743424161285242,0.169108667043313,0.107862620005345,0.0327209786417352
"34","bi",0.0190922642523914,0.0151288720737763,0.0208429319593032,0.0246465523478764,0.0209240813421524,0.0224350804702557,0.00812925818285769,0.0233401545652685,0.0253154181300008,0.0288309508162588,0.0287197092894858,0.0173343107239878,0.021513500999955,0.0288267439208764,0.0370979498694173,0.0212354232706679,0.019214560305898,0.0411967382938718
"35","bj",0.0259693429105883,0.0198202884842752,0.0247824194032437,0.0236654366543665,0.00769554520662316,0.00979326813431534,0.0131973891085807,0.0156074521588977,0.0251640930901204,0.0160128571335619,0.0182898672930595,0.0142167220042258,0.0222916010211759,0.0274584660084293,0.0433761771676184,0.0324942234371141,0.0289691703613352,0.0137041018130332
"36","bk",0.00126208559644813,0.000567510049657129,0.000748164460920031,0.00679545618985602,0.000431142150304366,0.000545561055884234,0.000226309019009958,0.00162910550122738,0.000715641334434643,0.000143146223867681,0.00102725745681838,0.00514854900607994,0.000999954985949186,0.00134716251256366,0.0207503836897955,0.00781146922605898,0.010902412784124,0.00513091963615934
"37","bl",0,0,0,8.68243976557413e-05,3.4217630976537e-06,0,0,0,0,0,0,0.00606700875339571,0,0,0,0,0,0
"38","bm",0,3.78340033104753e-05,8.45383571661052e-06,1.73648795311483e-05,0,4.02463074012959e-05,0.000190576016008385,7.10236730780328e-05,0.000258513609795774,0.000104106344631041,0.000388149397364599,9.91764046397309e-05,0.000192917360633283,0.000236492478694562,0.000461526627522371,0,2.3983937614352e-05,9.74225247372027e-06
"39","bn",2.57568489071047e-05,0.000189170016552376,0.000224026646490179,0.000173648795311483,0.000106074656027265,4.47181193347733e-06,5.95550050026204e-06,3.99508161063935e-05,2.8373444977585e-05,6.50664653944004e-06,7.02684253849706e-05,3.01841231512225e-05,1.60764467194403e-05,2.53384798601316e-05,0.000249077862472391,0.00146486192069447,0.000154182456092263,1.29896699649604e-05
"40","bo",0,0,2.95884250081368e-05,0,4.10611571718444e-05,0,0,0,6.30520999501888e-06,0,3.34611549452241e-06,0,9.64586803166417e-06,1.68923199067544e-05,0,8.45763233657317e-05,0,0
"41","bp",0.117512403532552,0.0469425396074722,0.118941241614852,0.240081036104479,0.186975400945091,0.211856562160422,0.206185382819572,0.21960075817771,0.306512020882855,0.138780264039717,0.0238511112449557,0.157129921090078,0.0539847080838805,0.0984484404165646,0.0830784558637691,0.0236272416954508,0.0774955287087733,0.18749939110922
"42","bq",0.0242339752154721,0.0111137384724521,0.0384184564141365,0.0327791042616309,0.012657101698221,0.0134825129794341,0.0055862594692458,0.00354230569476689,0.00262611996292536,0.0704019155567412,0.140975191899724,0.0716571083610021,0.199344724031716,0.114766421446489,0.119213060470977,0.0386750611486818,0.0325838923874982,0.0317500008118544
"43","br",0.0815976973377077,0.00883896902340979,0.0716082154375494,0.211530280008682,0.105140514701605,0.0755557344280329,0.0710014769641241,0.0988205631289479,0.177800616649538,0.0398727299936886,0.03352473113962,0.160480358759864,0.0187708591896185,0.0362762569997551,0.078107887343548,0.0513276791241953,0.0888913253523926,0.21703790060954
"44","bs",0.0158404620778694,0.00305036651690707,0.0129385955642724,0.0337689023949063,0.0200994364356178,0.0213752610420216,0.0105174138834628,0.0119985617706202,0.01751902597116,0.00794461542465629,0.0040019541314488,0.0297227372687681,0.00700290019098819,0.0326444082198029,0.0433468738896805,0.00760510299704659,0.0203555104809807,0.0697577751293284
"45","bt",0.000756607436646201,0.000189170016552376,0.0015301442647065,0.000778525432313147,0.0050026176487697,0.000715489909356372,0.00058363904902568,0.000488287752411476,0.000942628894255323,0.000468478550839683,0.00157936651341458,0.000237160967616748,0.000495154558958761,0.000730592835967128,0.00138824279230935,0.00262524907727231,0.00180907415148255,0.00104891584967055
"46","bu",0.0033773668129441,0.00141877512414282,0.00116662932889225,0.00946964763765285,0.00214202369913121,0.0013415435800432,0.00625327552527514,0.00225056264066016,0.00453029338142107,0.00447657281913475,0.00767598894443441,0.0116165753956276,0.0105268573118895,0.00249161718624627,0.00324167512188332,0.0252781715275499,0.0216506431121557,0.0028837067322212
"47","bv",0.00169995202786891,0.000430361787656656,0.00485250170133444,2.89414658852471e-05,0.000828066669632195,0.00141309257097883,0.0259898041831436,0.00661851853495918,0.00704291956443609,0.00150954199715009,0.00407556867232829,0.00285886766418007,0.0114142771708026,0.0114149851769893,0.0196844769548034,0.0566153908610208,0.0322344121536891,0.00369880852252246
"48","bw",0.0168514183974733,0.00209032868290376,0.00376195689389168,0.000908762028796759,0.00313433499745079,0.00202125899393175,0.0181285435227977,0.013880689107188,0.0465387549732344,0.0532113553995406,0.0803536174854611,0.0175628476564184,0.011317818490486,0.00436244161591932,0.00179116286395587,0.00524373204867537,0.00576299758104858,0.00302984051932701
"49","bx",0.00267227307411211,0.000260108772759518,0.00172880940404685,0.00735981477461833,0.00283321984485726,0.00313474016536761,0.001113678593549,0.00537560425609361,0.00339535558231767,0.00156810181600505,0.00198424648825179,0.000996076063990341,0.00120894879330191,0.0010008699544752,0.00152377045277227,0.0032714121877865,0.0108133295872707,0.004422982623069
"50","by",1.60980305669404e-05,0,2.95884250081368e-05,0,0,0,0,4.43897956737705e-06,6.30520999501888e-06,3.90398792366402e-05,0,0.00038808158337286,0.00140186615393519,0,0.000293032779379283,3.38305293462927e-06,3.42627680205028e-06,0
"51","bz",0.000772705467213141,7.09387562071412e-05,0.0003212457572312,0.00119817668764923,0.000975202482831304,0.00115372747883715,0.000535995045023584,0.00112306183054639,0.00128626283898385,0.000240745921959281,0.000421610552309824,0.000392393600965892,0.00124110168674079,0.00138517023235386,0.00739175185984242,0.0025778863361875,0.00515654658708568,0.00071767926556406
"52","ca",6.43921222677618e-05,6.14802553795223e-05,0.000219799728631873,0.000460169307575429,0.000215571075152183,5.36617432017279e-05,0.000452618038019915,0.000594823262028525,0.000608452764519322,2.60265861577602e-05,6.69223098904482e-06,0.000319089301884352,0.000697717787623708,0.000333623318158399,5.86065558758567e-05,0.0342703262277945,0.000681829083608007,5.84535148423216e-05
"53","cb",0.00323248453784164,0.000364152281863325,0.00115394857531734,0.00129657767165907,0.00220361543488898,0.00220460328320432,0.000416885035018343,0.000337362447120656,0.000431906884658794,0.000559571602391843,0.000699338138355184,0.0018455435298176,0.000848836386786447,0.000772823635734014,0.000600717197727531,0.00121789905646654,0.00226819524295729,0.00713782364574572
"54","cc",0.000566650675956304,0.000113502009931426,0.000295884250081368,0.000662759568772158,0.0006946179088237,0.000608166422952916,0.000387107532517033,0.000417264079333443,0.000860661164320078,0.000110612991170481,0.000565493518574287,0.000375145530593765,0.000250792568823268,0.000578561956806338,0.000747233587417172,0.000747654698553068,0.0012334596487381,0.000880050140126065
"55","cd",0.000128784244535524,1.89170016552376e-05,8.45383571661052e-05,0.000234425873670501,8.89658405389961e-05,7.15489909356372e-05,7.14660060031445e-05,3.99508161063935e-05,0.000100883359920302,3.25332326972002e-05,5.6883963406881e-05,0,4.82293401583208e-05,0,0,9.47254821696195e-05,8.56569200512571e-05,6.17009323335617e-05
"56","ce",0.000177078336236345,6.14802553795223e-05,0.000126807535749158,0.00025179075320165,0.000143714050101455,0.000147569793804752,0.000238220020010482,0.000164242243992951,0.00102144401919306,0.000149652870407121,0.000321227087474151,0.000142296580570049,0.000183271492601619,0.000164700119090855,0.000413908800873238,0.000828847968984171,0.000493383859495241,0.000405927186405011
"57","cf",4.18548794740451e-05,1.41877512414282e-05,4.22691785830526e-05,7.23536647131177e-05,0.000218992838249837,0.000147569793804752,0.000238220020010482,0.000253021835340492,0.000249055794803246,0,1.6730577472612e-05,0,0.000180056203257731,0.000709477436083685,0.00601083488701755,6.42780057579561e-05,0.000637287485181353,4.22164273861212e-05
"58","cg",0,0,0,0,0,0,0,0,0,0,0,0,0,0,0.00765914427102602,0,0,0
"59","ch",0,0,0,5.78829317704942e-06,0,0,0,0,0,0,3.34611549452241e-06,1.29360527790953e-05,0,4.2230799766886e-06,1.46516389689642e-05,2.36813705424049e-05,0,3.24741749124009e-06
"60","ci",0,0,0,0,0,4.47181193347733e-06,1.19110010005241e-05,1.77559182695082e-05,8.51203349327549e-05,0,0,0,0,0,0,3.38305293462927e-06,0,0
"61","cj",0,0,0,0,0,0,0,0,0,0,0,0,0,0,0,0,0,0
"62","ck",9.65881834016426e-06,0,0,0,0,0,0,0,3.15260499750944e-06,1.30132930788801e-05,0,0,0,8.02385195570834e-05,0,1.35322117385171e-05,6.85255360410057e-06,0
"63","cl",0,0,0,0,3.4217630976537e-06,0,5.95550050026204e-06,4.43897956737705e-06,0,1.30132930788801e-05,0,0,0,4.2230799766886e-06,0,0,0,0
"64","cm",3.21960611338809e-06,0,2.53615071498316e-05,0.00084798495043774,0,0,0,1.33169387021312e-05,0,0,3.68072704397465e-05,0,0,0,0,0,3.42627680205028e-06,0
"65","cn",5.47333039275975e-05,5.20217545519035e-05,0.00041001103225561,0.000182331235077057,9.23876036366498e-05,0.000178872477339093,2.97775025013102e-05,4.43897956737705e-06,0,0.00100202356707377,0.000598954673519511,0.000689922814885085,7.39516549094253e-05,6.75692796270176e-05,2.56403681956873e-05,1.69152646731463e-05,3.42627680205028e-06,0
"66","co",3.21960611338809e-06,0,0,2.89414658852471e-06,0,0,0,1.33169387021312e-05,0,0,3.34611549452241e-06,0,0,0,0,5.41288469540683e-05,3.76890448225531e-05,3.24741749124009e-06
"67","cp",0,0,4.22691785830526e-06,0,0,4.47181193347733e-06,0,0,0,0,1.00383464835672e-05,0,0,0,0,0.0014107330737404,6.85255360410057e-06,0
"68","cq",0,0,0,0.000286520512263946,0,0,0,0,0,1.95199396183201e-05,0,0,3.21528934388806e-06,1.26692399300658e-05,0,6.08949528233268e-05,7.1951812843056e-05,8.76802722634825e-05
"69","cr",3.21960611338809e-06,0,0,0,3.4217630976537e-06,0,5.95550050026204e-06,0,0,0,2.00766929671345e-05,0,9.64586803166417e-06,2.95615598368202e-05,0,0,3.42627680205028e-06,0
"70","cs",0.22640270189345,0.518358950106408,0.411520041931025,0.0897764271760365,0.154201753995764,0.0970651498280588,0.270588165229406,0.218029359410859,0.0625224623106072,0.336237466572103,0.341758852148541,0.20399724030874,0.295240728713177,0.223793677204659,0.151362419278627,0.386040170370546,0.286878730358868,0.0305517037575868
"71","ct",0.0766877980147909,7.09387562071412e-05,4.22691785830526e-05,0.000144707329426235,0.112507570650854,0.139104653814679,0.00168540664157416,0.000381752242794426,5.35942849576605e-05,0.00204308701338417,0.00220843622638479,0.0022120650252253,0.0020995839415589,0.00843771379342382,0.00045786371778013,0.00237152010717512,0.000452268537870637,0.000146133787105804
"72","cu",0,0,0,0,0,0,0,0,0,0,0,0,0,0,0,0,0,0
"73","cv",6.76117283811499e-05,4.72925041380941e-06,2.95884250081368e-05,0.000193907821431155,0.000133448760808494,7.15489909356372e-05,2.38220020010482e-05,6.65846935106558e-05,3.15260499750944e-06,6.50664653944004e-05,5.01917324178361e-05,0.000504506058384718,0.000128611573755522,2.53384798601316e-05,0.00380576322218844,2.02983176077756e-05,4.7967875228704e-05,4.22164273861212e-05
"74","cw",0.000882172075068336,0,0,2.89414658852471e-06,0.00273056695192765,0.0026428408526851,1.19110010005241e-05,0.000106535509617049,0.000242750584808227,6.50664653944004e-06,0,8.62403518606356e-06,3.21528934388806e-06,0,3.66290974224104e-06,6.76610586925854e-06,3.42627680205028e-05,6.17009323335617e-05
"75","cx",0,0,0,0,3.4217630976537e-06,0,0,0,0,0,0,0,0,4.2230799766886e-06,0.00649433897299337,0,2.3983937614352e-05,0
"76","cy",0.0705158130954259,0.108574131000236,0.117368828171562,0.110993415816511,0.108620447771919,0.124235879135867,0.178123064462337,0.18991730181066,0.156621416276269,0.0807865234336875,0.0667449657692385,0.083989478677073,0.100014790330982,0.150100931611443,0.137805990322592,0.0402109671810035,0.0847249727610994,0.195624429672303
"77","cz",0.113967617201712,0.0514826200047292,0.050583526010339,0.0655582085232617,0.139241805732822,0.172468842650354,0.0805838772690457,0.124562205640167,0.074625312896046,0.0581564067695151,0.0580082582130405,0.0589927126902678,0.0460815268766036,0.0776497715313733,0.0795437479625065,0.0341789837985595,0.109226278172561,0.115422959891147
"78","da",0.0878566116221342,0.0290139512887207,0.0298462669974934,0.0303538094204471,0.0440346693037054,0.0469495534895784,0.0307482490828529,0.0273396751554753,0.0465292971582419,0.0605833859287262,0.0737082321133396,0.0482212927428744,0.0472936909592494,0.0644230850443846,0.0696575545681979,0.0484047213886756,0.0491670721094216,0.0348382948460237
"79","db",0.0888224934561506,0.0948120122960511,0.0644731780927301,0.083866579842269,0.061992082040192,0.0459344521806791,0.0644742484158369,0.0302427677925398,0.0354163645420211,0.0947953334331019,0.102116752661835,0.082902850243629,0.066778344383211,0.0730297220368759,0.0620716684920167,0.133556163753294,0.0963194934592376,0.0281161406391567
"80","dc",0.0171154260987711,0.00799243319933791,0.0185730770693933,0.0181144634975762,0.0204210821667973,0.0217464214325002,0.0066522940587927,0.0226920635484315,0.0249560211602847,0.025551600960381,0.0247077168115535,0.0146824199042732,0.0174204376651855,0.0261915420154227,0.0322629090096591,0.0151696093588776,0.0168641344196915,0.0408297801173617
"81","dd",0.0070284001455262,0.0120170253014897,0.0125708537105998,0.0117618117357644,0.00356889891085281,0.00408723610719828,0.00655105055028825,0.0128508458475566,0.0134616233393653,0.00860178672513973,0.00832178923487723,0.00847742658790048,0.00890635148256992,0.0101691765838661,0.0217869871468497,0.0163232304095862,0.0124990577738794,0.00678385513920055
"82","de",0.0121218170169062,0.0335303854339087,0.0196932103018442,0.0197236090007959,0.00324040965347805,0.00249974287081383,0.000190576016008385,0.000155364284858197,0.000554858479561662,0.00132084924750633,0.00341638391990738,0.00233711353542322,0.0442777495546824,0.020097637609061,0.00630386766639683,0.0319563180205081,0.00860680732675031,0.00170814160039229
"83","df",0.0189409427650621,0.00780326318278553,0.0122073387747856,0.0118949424788366,0.00411980276957505,0.00570603202711707,0.00664633855829244,0.00275660631134115,0.011702469750755,0.0074110704084222,0.00996807805818226,0.0057392954163253,0.013385249538606,0.0172892894245631,0.0215891900207687,0.0159578606926463,0.0164701125874557,0.00692024667383263
"84","dg",0.00126208559644813,0.000567510049657129,0.000748164460920031,0.00679545618985602,0.000431142150304366,0.000545561055884234,0.000226309019009958,0.00162910550122738,0.000715641334434643,0.000143146223867681,0.00102725745681838,0.00514854900607994,0.000999954985949186,0.00134716251256366,0.0207503836897955,0.00781146922605898,0.010902412784124,0.00513091963615934
"85","dh",0.0056761655779032,0.0530621896429416,0.00170344789689702,0.000219955140727878,0.000331911020472409,0.000129682546070842,0,8.8779591347541e-06,1.89156299850567e-05,0.000409918731984722,0.0021047066460546,0.00019404079168643,0.0338666426591729,0.0178889667812529,0.00119777148571282,0.000636013951710302,2.3983937614352e-05,3.24741749124009e-06
"86","di",0.00191566563746591,0.00712225112319697,0.00219799728631873,0.00627450980392157,0.000479046833671518,0.000684187225822031,0.00130425460955739,0.000585945302893771,0.000318413104748454,0.00327934985587778,0.0040019541314488,0.00265189081971454,0.00407055630936228,0.00261408650557024,0.00459328881677027,0.00482085043184671,0.00214484927808348,0.00036695817651013
"87","dj",0.000328399823565585,0.000113502009931426,7.60845214494947e-05,0.00139787280225743,5.47482095624592e-05,0.00013415435800432,7.74215065034065e-05,0.000257460814907869,8.82729399302644e-05,1.95199396183201e-05,0.000177344121209688,0.00113837264456039,0.000157549177850515,0.000346292558088465,0.00463724373367716,0.00159003487927576,0.00203863469721992,0.000993709752319468
"88","dk",0.000698654526605215,0.000141877512414282,0.000367741853672558,4.63063454163953e-05,0.000236101653738105,0.000469540253015119,0.00398422983467531,0.00267670467912836,0.000267971424788303,3.90398792366402e-05,0.000424956667804346,9.48643870466992e-05,2.89376040949925e-05,1.26692399300658e-05,0.000131864750720678,0.00137013643852485,0.000873700584522822,0.00189973923237545
"89","dl",6.43921222677618e-06,0,0,0.000130236596483612,1.71088154882685e-05,4.47181193347733e-06,0,4.43897956737705e-06,6.30520999501888e-06,0,0,0.0160838256220085,0,0,0,0,2.74102144164023e-05,0
"90","dm",0,0,0,8.68243976557413e-05,3.4217630976537e-06,0,0,0,0,0,0,0.00606700875339571,0,0,0,0,0,0
"91","dn",2.89764550204928e-05,9.45850082761882e-06,5.07230142996631e-05,0.000199696114608205,6.84352619530739e-06,0,0.000160798513507075,5.77067343759017e-05,4.09838649676227e-05,0,6.69223098904482e-06,0,6.43057868777611e-06,8.4461599533772e-06,0,2.70644234770341e-05,0,0
"92","do",3.21960611338809e-05,4.72925041380941e-06,2.11345892915263e-05,5.78829317704942e-05,1.71088154882685e-05,4.47181193347733e-06,1.19110010005241e-05,4.43897956737705e-06,0,0,3.34611549452241e-06,0,1.60764467194403e-05,1.26692399300658e-05,0.000241752042987909,0.00121789905646654,0.000205576608123017,0
"93","dp",0,3.78340033104753e-05,8.45383571661052e-06,1.73648795311483e-05,0,4.02463074012959e-05,0.000190576016008385,7.10236730780328e-05,0.000258513609795774,0.000104106344631041,0.000388149397364599,9.91764046397309e-05,0.000192917360633283,0.000236492478694562,0.000461526627522371,0,2.3983937614352e-05,9.74225247372027e-06
"94","dq",2.57568489071047e-05,0.000189170016552376,0.000224026646490179,0.000173648795311483,0.000106074656027265,4.47181193347733e-06,5.95550050026204e-06,3.99508161063935e-05,2.8373444977585e-05,6.50664653944004e-06,7.02684253849706e-05,3.01841231512225e-05,1.60764467194403e-05,2.53384798601316e-05,0.000249077862472391,0.00146486192069447,0.000154182456092263,1.29896699649604e-05
"95","dr",0,0,2.95884250081368e-05,0,4.10611571718444e-05,0,0,0,6.30520999501888e-06,0,3.34611549452241e-06,0,9.64586803166417e-06,1.68923199067544e-05,0,8.45763233657317e-05,0,0
"96","ds",0,0,0,0,0,0,5.95550050026204e-06,0,0,0,0,0,0,0,0,0.000910041239415273,0,9.74225247372027e-06
"97","dt",0,0,4.22691785830526e-06,8.68243976557413e-06,6.84352619530739e-06,0,0,0,0,0,0,0,0,0,0,0.000213132334881644,0,0
"98","du",0.117512403532552,0.0469425396074722,0.118941241614852,0.240081036104479,0.186975400945091,0.211856562160422,0.206185382819572,0.21960075817771,0.306512020882855,0.138780264039717,0.0238511112449557,0.157129921090078,0.0539847080838805,0.0984484404165646,0.0830784558637691,0.0236272416954508,0.0774955287087733,0.18749939110922
"99","dv",0.0242339752154721,0.0111137384724521,0.0384184564141365,0.0327791042616309,0.012657101698221,0.0134825129794341,0.0055862594692458,0.00354230569476689,0.00262611996292536,0.0704019155567412,0.140975191899724,0.0716571083610021,0.199344724031716,0.114766421446489,0.119213060470977,0.0386750611486818,0.0325838923874982,0.0317500008118544
"100","dw",0.0577726120986359,0.00607708678174509,0.0492774083921227,0.11586137037841,0.0582555167375542,0.0384531108159715,0.031046024107866,0.0322358696182921,0.0914066292977888,0.0311603302773783,0.0289438990276188,0.112215945841059,0.01056865607336,0.0234803246703886,0.0494089895130894,0.0479852228247815,0.0763648573640967,0.167868752374674
"101","dx",0.0133839026133543,0.00179711515724758,0.0191859801588476,0.0595904782577238,0.0291944827491813,0.0205435040223948,0.022112773357473,0.0569698637677171,0.0751801713756077,0.0027783380723409,0.0014488680091282,0.013703591910655,0.00529879683872752,0.0101100534641925,0.0232411623145194,0.00186744521991536,0.00744187321405322,0.0308861877591845
"102","dy",0.0158404620778694,0.00305036651690707,0.0129385955642724,0.0337689023949063,0.0200994364356178,0.0213752610420216,0.0105174138834628,0.0119985617706202,0.01751902597116,0.00794461542465629,0.0040019541314488,0.0297227372687681,0.00700290019098819,0.0326444082198029,0.0433468738896805,0.00760510299704659,0.0203555104809807,0.0697577751293284
"103","dz",0.000582748706523244,0.000184440766138567,0.00144137898968209,0.000509369799580349,0.00482468596769171,0.000514258372349892,0.000458573538520177,0.000324045508418525,0.000643131419491926,0.000364372206208642,0.00136856123725967,0.000237160967616748,0.000392265299954343,0.000494100357272566,0.000468852447006853,0.00214485556055496,0.00119577060391555,0.000604019653370657
"104","ea",0.0104411826257176,0.00096476708441712,0.00314482688657911,0.036078431372549,0.0176905152148696,0.0165591195896665,0.0178426794987851,0.00961482974293869,0.0112138159761411,0.00593406164396931,0.00313196410287297,0.0345608210081497,0.00290340627753092,0.00268587886517395,0.00545773551593915,0.00147501107949836,0.00508459477424262,0.0182829604756817
"105","eb",0.0033773668129441,0.00141877512414282,0.00116662932889225,0.00946964763765285,0.00214202369913121,0.0013415435800432,0.00625327552527514,0.00225056264066016,0.00453029338142107,0.00447657281913475,0.00767598894443441,0.0116165753956276,0.0105268573118895,0.00249161718624627,0.00324167512188332,0.0252781715275499,0.0216506431121557,0.0028837067322212
"106","ec",0.000132003850648912,0.000425632537242847,0.00485250170133444,1.44707329426235e-05,0.00062960440996828,0.00131471270844233,0.0259898041831436,0.00661851853495918,0.00702400393445104,0.00106709003246817,0.00406553032584473,0.00125479711957225,0.00984200068164134,0.0100424841845655,0.0187504349705319,0.0566153908610208,0.0321761654480542,0.00361437566775022
"107","ed",0.0168514183974733,0.00209032868290376,0.00376195689389168,0.000908762028796759,0.00313433499745079,0.00202125899393175,0.0181285435227977,0.013880689107188,0.0465387549732344,0.0532113553995406,0.0803536174854611,0.0175628476564184,0.011317818490486,0.00436244161591932,0.00179116286395587,0.00524373204867537,0.00576299758104858,0.00302984051932701
"108","ee",0.00239860655447413,0.000231733270276661,0.00161890953973091,0.00373923739237392,0.00242260827313882,0.00298717037156285,0.000952880080041927,0.00522911793037017,0.0032377253324422,0.00143796888521625,0.0017767873275914,0.000922771764908801,0.000839190518754783,0.000895292955057983,0.00123806349287747,0.00299061879421227,0.0102925355133591,0.00423463240857708
"109","ef",1.60980305669404e-05,0,2.95884250081368e-05,0,0,0,0,4.43897956737705e-06,6.30520999501888e-06,3.90398792366402e-05,0,0.00038808158337286,0.00140186615393519,0,0.000293032779379283,3.38305293462927e-06,3.42627680205028e-06,0
"110","eg",0.000157760699556016,9.45850082761882e-06,5.49499321579684e-05,0.000515158092757398,0.000136870523906148,7.15489909356372e-05,7.74215065034065e-05,8.8779591347541e-05,6.93573099452077e-05,9.10930515521605e-05,0.000100383464835672,7.33042990815403e-05,0.000196132649977171,9.71308394638378e-05,0.000249077862472391,7.78102174964732e-05,0.000263823313757872,0.000188350214491925
"111","eh",0.000109466607855195,1.89170016552376e-05,5.49499321579684e-05,0.00310541928948701,0.000266897521616988,7.15489909356372e-05,8.33770070036686e-05,5.77067343759017e-05,8.82729399302644e-05,3.90398792366402e-05,0.000100383464835672,0,0.000173625624569955,8.4461599533772e-06,3.66290974224104e-05,0.000199600123143127,0.000256970760153771,0
"112","ei",1.93176366803285e-05,0,2.11345892915263e-05,7.23536647131177e-05,3.76393940741907e-05,1.78872477339093e-05,1.78665015007861e-05,2.66338774042623e-05,6.62047049476983e-05,1.95199396183201e-05,5.35378479123585e-05,0,3.53681827827686e-05,8.86846795104606e-05,0.000439549169068925,9.13424292349902e-05,8.56569200512571e-05,6.81957673160419e-05
"113","ej",0.000598846737090184,6.14802553795223e-05,0.000202892057198652,0.000489110773460676,0.0006946179088237,0.00097038318956458,0.000375196531516509,0.000847845097369017,0.00110656435412581,0.000117119637709921,0.00026434312406727,0.000271657108361002,0.00054659918846097,0.000840392915361031,0.00600350906753307,0.00116377020951247,0.0042588620649485,0.000467628118738573
"114","ek",0.00156794817722,4.72925041380941e-06,0,1.44707329426235e-05,0.000198462259663914,9.83798625365012e-05,0,0,1.89156299850567e-05,0.000442451964681923,1.00383464835672e-05,0.00160407054460782,0.00157227648916126,0.00137250099242379,0.000934041984271466,0,5.82467056348548e-05,8.44328547722424e-05
"115","el",0,0,0,0,0,0,5.95550050026204e-06,4.43897956737705e-06,0,0,0,0,0,0,0,0.0272268100178964,0.000126772241675861,0
"116","em",0.00323248453784164,0.000364152281863325,0.00115394857531734,0.00129657767165907,0.00220361543488898,0.00220460328320432,0.000416885035018343,0.000337362447120656,0.000431906884658794,0.000559571602391843,0.000699338138355184,0.0018455435298176,0.000848836386786447,0.000772823635734014,0.000600717197727531,0.00121789905646654,0.00226819524295729,0.00713782364574572
"117","en",0.000276886125751376,5.20217545519035e-05,0.000185984385765431,0.000136024889660661,0.000133448760808494,0.000223590596673866,0.000166754014007337,0.000128730407453934,0.00034048133973102,3.25332326972002e-05,0.000227535853627524,0.000116424475011858,7.71669442533134e-05,0.00029983867834489,0.000443212078811166,0.000307857817051263,0.000489957582693191,0.000331236584106489
"118","eo",0,0,0,8.68243976557413e-06,0,0,0,0,0,0,0,0,0,0,8.7909833813785e-05,0,0,0
"119","ep",7.4050940607926e-05,1.89170016552376e-05,3.38153428664421e-05,0.00030099124520657,0.000126605234613187,0.000120738922203888,5.35995045023584e-05,4.88287752411476e-05,0.000157630249875472,2.60265861577602e-05,0.000127152388791852,0.000146608598163081,6.75210762216492e-05,4.64538797435746e-05,2.19774584534463e-05,9.13424292349902e-05,0.000370037894621431,0.000402679768913771
"120","eq",0.000128784244535524,1.89170016552376e-05,8.45383571661052e-05,0.000234425873670501,8.89658405389961e-05,7.15489909356372e-05,7.14660060031445e-05,3.99508161063935e-05,0.000100883359920302,3.25332326972002e-05,5.6883963406881e-05,0,4.82293401583208e-05,0,0,9.47254821696195e-05,8.56569200512571e-05,6.17009323335617e-05
"121","er",0,0,0,2.89414658852471e-06,7.18570250507276e-05,4.47181193347733e-06,3.57330030015722e-05,0,0,0,7.02684253849706e-05,0,0,0,0,0,0,5.52060973510816e-05
"122","es",3.21960611338809e-05,1.41877512414282e-05,2.11345892915263e-05,0,6.84352619530739e-05,6.26053670686826e-05,4.16885035018343e-05,8.8779591347541e-05,0,1.30132930788801e-05,2.00766929671345e-05,0.000112112457418826,6.43057868777611e-06,4.64538797435746e-05,0.000102561472782749,0.000175918752600722,0.00012334596487381,0
"123","et",0.000177078336236345,6.14802553795223e-05,0.000126807535749158,0.00025179075320165,0.000143714050101455,0.000147569793804752,0.000238220020010482,0.000164242243992951,0.00102144401919306,0.000149652870407121,0.000321227087474151,0.000142296580570049,0.000183271492601619,0.000164700119090855,0.000413908800873238,0.000828847968984171,0.000493383859495241,0.000405927186405011
"124","eu",0,0,0,0,0,0,0,0,9.45781499252833e-06,0,0,0,0,0.000705254356106996,0,0,0,0
"125","ev",0,0,0,0,0,0,0,0,0,0,0,0,0,0,0,0,0,0
"126","ew",0.000128784244535524,4.72925041380941e-06,3.38153428664421e-05,0.000292308805440996,8.89658405389961e-05,9.83798625365012e-05,3.57330030015722e-05,5.32677548085246e-05,7.88151249377361e-05,4.55465257760803e-05,0.000143882966264464,0.00012073649260489,0.000376188853234903,0.000236492478694562,0.00123073767339299,0.000673227533991224,0.00036661161781938,0.000217576971913086
"127","ex",0,0,0,0,0,0,0,0,0,0,0,0,0,0,0.00765914427102602,0,0,0
"128","ey",0.000154541093442628,4.72925041380941e-06,5.91768500162736e-05,0,0.000140292287003802,0.00018334428927257,8.93325075039306e-05,0.000110974489184426,0.00011349377991034,3.90398792366402e-05,0.000127152388791852,0,3.85834721266567e-05,1.68923199067544e-05,0.000325998967059453,0.000145471276189059,0.000212429161727118,2.59793399299207e-05
"129","ez",3.21960611338809e-06,0,0,5.20946385934448e-05,1.71088154882685e-05,0,0,0,0,0,0,0,0,0,0,8.11932704311024e-05,0.000133624795279961,0
"130","fa",4.18548794740451e-05,1.41877512414282e-05,4.22691785830526e-05,7.23536647131177e-05,0.000218992838249837,0.000147569793804752,0.000238220020010482,0.000253021835340492,0.000239597979810718,0,1.6730577472612e-05,0,0.000180056203257731,4.2230799766886e-06,0.00601083488701755,6.42780057579561e-05,0.000637287485181353,4.22164273861212e-05
"131","fb",0,0,0,5.78829317704942e-06,0,0,0,0,0,0,3.34611549452241e-06,1.29360527790953e-05,0,4.2230799766886e-06,1.46516389689642e-05,2.36813705424049e-05,0,3.24741749124009e-06
"132","fc",0,0,0,0,0,4.47181193347733e-06,1.19110010005241e-05,1.77559182695082e-05,8.51203349327549e-05,0,0,0,0,0,0,3.38305293462927e-06,0,0
"133","fd",0,0,8.45383571661052e-06,0.000188119528254106,0,0,1.78665015007861e-05,1.77559182695082e-05,0.000119798989905359,4.55465257760803e-05,3.01150394507017e-05,0,2.89376040949925e-05,0.000130915479277347,6.59323753603388e-05,0.000226664546620161,0.000315217465788626,0.00035072108905393
"134","fe",1.28784244535524e-05,0,0,0,0,0,0,0,0,6.50664653944004e-06,3.34611549452241e-06,0,3.21528934388806e-06,4.2230799766886e-06,0,0.00431677554458695,0.000102788304061509,3.24741749124009e-05
"135","ff",5.15136978142094e-05,6.14802553795223e-05,0.000219799728631873,0.000460169307575429,0.000215571075152183,5.36617432017279e-05,0.000446662537519653,0.000590384282461148,0.000608452764519322,1.95199396183201e-05,3.34611549452241e-06,0.000319089301884352,0.00069450249827982,0.000329400238181711,5.86065558758567e-05,0.00272674066531119,0.000452268537870637,2.59793399299207e-05
"136","fg",0,0,0,0,0,0,0,0,0,0,0,0,0,0,0,0,0,0
"137","fh",9.65881834016426e-06,0,0,0,0,0,0,0,3.15260499750944e-06,1.30132930788801e-05,0,0,0,8.02385195570834e-05,0,1.35322117385171e-05,6.85255360410057e-06,0
"138","fi",0,0,0,0,0,0,0,8.8779591347541e-06,0,0,0,0,0,0,0,1.69152646731463e-05,0,0
"139","fj",6.43921222677618e-06,0,0,0,6.84352619530739e-06,0,0,0,0,0,2.34228084616569e-05,0,3.21528934388806e-06,0,5.12807363913746e-05,0,3.08364912184526e-05,0
"140","fk",7.08313344945379e-05,9.45850082761882e-06,5.07230142996631e-05,0,8.21223143436887e-05,7.60208028691145e-05,3.57330030015722e-05,2.66338774042623e-05,0,1.95199396183201e-05,6.69223098904482e-05,0,2.57223147511045e-05,0.000160477039114167,4.02920071646515e-05,1.35322117385171e-05,0.00012334596487381,0
"141","fl",0,0,0,0,3.4217630976537e-06,0,5.95550050026204e-06,4.43897956737705e-06,0,1.30132930788801e-05,0,0,0,4.2230799766886e-06,0,0,0,0
"142","fm",3.21960611338809e-06,0,0,1.44707329426235e-05,6.84352619530739e-06,4.47181193347733e-06,1.19110010005241e-05,0,0,1.95199396183201e-05,1.6730577472612e-05,0,0,0,0,1.01491588038878e-05,7.53780896451062e-05,0
"143","fn",9.65881834016426e-06,0,0,0,2.05305785859222e-05,3.13026835343413e-05,1.19110010005241e-05,0,3.15260499750944e-06,0,1.00383464835672e-05,0,9.64586803166417e-06,0,0,4.05966352155512e-05,0,0
"144","fo",3.21960611338809e-06,0,2.53615071498316e-05,0.00084798495043774,0,0,0,1.33169387021312e-05,0,0,3.68072704397465e-05,0,0,0,0,0,3.42627680205028e-06,0
"145","fp",4.18548794740451e-05,4.72925041380941e-06,8.03114393077999e-05,0.000327038564503292,0.000174509917980339,8.49644267360692e-05,0.000119110010005241,0.000190876121397213,0.000100883359920302,7.80797584732805e-05,1.33844619780896e-05,0,0.000302237198325477,0.000308284838298268,0.000157505118916365,0.000487159622586615,0.000373464171423481,3.24741749124009e-05
"146","fq",5.47333039275975e-05,5.20217545519035e-05,0.00041001103225561,0.000182331235077057,9.23876036366498e-05,0.000178872477339093,2.97775025013102e-05,4.43897956737705e-06,0,0.00100202356707377,0.000598954673519511,0.000689922814885085,7.39516549094253e-05,6.75692796270176e-05,2.56403681956873e-05,1.69152646731463e-05,3.42627680205028e-06,0
"147","fr",3.21960611338809e-06,0,0,2.89414658852471e-06,0,0,0,1.33169387021312e-05,0,0,3.34611549452241e-06,0,0,0,0,5.41288469540683e-05,3.76890448225531e-05,3.24741749124009e-06
"148","fs",5.15136978142094e-05,0,0,0,5.47482095624592e-05,0,0,0,0,0,0,0,0,0,0,0,1.02788304061509e-05,0
"149","ft",0,0,4.22691785830526e-06,0,0,4.47181193347733e-06,0,0,0,0,1.00383464835672e-05,0,0,0,0,0.0014107330737404,6.85255360410057e-06,0
"150","fu",0,0,0,0.000286520512263946,0,0,0,0,0,1.95199396183201e-05,0,0,3.21528934388806e-06,1.26692399300658e-05,0,6.08949528233268e-05,7.1951812843056e-05,8.76802722634825e-05
"151","fv",4.18548794740451e-05,1.41877512414282e-05,0,0.000208378554373779,9.92311298319572e-05,7.60208028691145e-05,2.97775025013102e-05,0.000124291427886557,0.000331023524738491,0,3.34611549452241e-06,0,4.17987614705447e-05,2.53384798601316e-05,0,3.72135822809219e-05,0,9.09276897547226e-05
"152","fw",3.21960611338809e-06,0,0,0,3.4217630976537e-06,0,5.95550050026204e-06,0,0,0,2.00766929671345e-05,0,9.64586803166417e-06,2.95615598368202e-05,0,0,3.42627680205028e-06,0
"153","fx",0,0,4.22691785830526e-06,3.76239056508212e-05,0,0,5.95550050026204e-06,3.10728569716394e-05,0,0,0,0,1.60764467194403e-05,0,0,0.000172535699666093,2.3983937614352e-05,0
"154","fy",6.43921222677618e-06,0,0,0,6.84352619530739e-06,4.47181193347733e-06,0,0,0,0,6.69223098904482e-06,0,0,0,0,3.38305293462927e-06,0,0
"155","fz",0,0,0,0,0,0,0,0,0,0,0,0,0,0,0,0,0,0
"156","ga",0,4.72925041380941e-06,4.22691785830526e-06,0,2.39523416835759e-05,8.94362386695465e-06,0,0,2.8373444977585e-05,0,0,0,1.92917360633283e-05,0,8.7909833813785e-05,7.10441116272146e-05,1.02788304061509e-05,0
"157","gb",0.226396262681224,0.518335303854339,0.411410142066709,0.0824831777729542,0.154184645180276,0.097038318956458,0.270588165229406,0.218029359410859,0.0625193097056097,0.335593308564699,0.338633580276657,0.202492346168772,0.294848463413223,0.222801253410137,0.149959524847348,0.385755993924037,0.285638418156526,0.0274374303834875
"158","gc",0.0766877980147909,7.09387562071412e-05,4.22691785830526e-05,0.000144707329426235,0.112507570650854,0.139104653814679,0.00168540664157416,0.000381752242794426,5.35942849576605e-05,0.00204308701338417,0.00220843622638479,0.0022120650252253,0.0020995839415589,0.00843771379342382,0.00045786371778013,0.00237152010717512,0.000452268537870637,0.000146133787105804
"159","gd",0,2.36462520690471e-05,8.03114393077999e-05,0.00672889081831995,0,2.23590596673866e-05,0,0,0,0.000429438671603043,0.00290442824924545,0.000905523694536674,0.000186486781945507,0.000494100357272566,0.000802177233550788,0.000236813705424049,0.00108955602305199,0.00281551096490516
"160","ge",0,0,0,0,0,0,0,0,0,0,0,0,0,0,0,0,0,0
"161","gf",6.76117283811499e-05,4.72925041380941e-06,2.95884250081368e-05,0.000193907821431155,0.000133448760808494,7.15489909356372e-05,2.38220020010482e-05,6.65846935106558e-05,3.15260499750944e-06,6.50664653944004e-05,5.01917324178361e-05,0.000504506058384718,0.000128611573755522,2.53384798601316e-05,0.00380576322218844,2.02983176077756e-05,4.7967875228704e-05,4.22164273861212e-05
"162","gg",0.000882172075068336,0,0,2.89414658852471e-06,0.00273056695192765,0.0026428408526851,1.19110010005241e-05,0.000106535509617049,0.000242750584808227,6.50664653944004e-06,0,8.62403518606356e-06,3.21528934388806e-06,0,3.66290974224104e-06,6.76610586925854e-06,3.42627680205028e-05,6.17009323335617e-05
"163","gh",0,0,0,0,3.4217630976537e-06,0,0,0,0,0,0,0,0,4.2230799766886e-06,0.00649433897299337,0,2.3983937614352e-05,0
"164","gi",6.43921222677618e-06,0,2.95884250081368e-05,0.000564358584762318,1.71088154882685e-05,4.47181193347733e-06,0,0,0,0.000208212689262081,0.000204113045165867,0.000534690181535941,0.000202563228664948,0.000498323437249255,0.000600717197727531,4.73627410848098e-05,0.000150756179290212,0.000298762409194088
"165","gj",0,0,0,0,0,0,0,0,3.15260499750944e-06,6.50664653944004e-06,1.6730577472612e-05,6.46802638954767e-05,3.21528934388806e-06,0,0,0,0,0
"166","gk",0.0705158130954259,0.108574131000236,0.117368828171562,0.110993415816511,0.108620447771919,0.124235879135867,0.178123064462337,0.18991730181066,0.156621416276269,0.0807865234336875,0.0667449657692385,0.083989478677073,0.100014790330982,0.150100931611443,0.137805990322592,0.0402109671810035,0.0847249727610994,0.195624429672303
"167","gl",0.110603128813221,0.0506597304327264,0.0504778530638814,0.0648173069965994,0.137589094156655,0.171605782947192,0.0804588117585402,0.123772067277174,0.0742564581113374,0.0494114738205076,0.0410300681938338,0.053460394118408,0.0407312854083739,0.0736589609534025,0.0766207459881981,0.0341756007456249,0.109202294234947,0.115422959891147
"168","gm",0.0878566116221342,0.0290139512887207,0.0298462669974934,0.0303538094204471,0.0440346693037054,0.0469495534895784,0.0307482490828529,0.0273396751554753,0.0465292971582419,0.0605833859287262,0.0737082321133396,0.0482212927428744,0.0472936909592494,0.0644230850443846,0.0696575545681979,0.0484047213886756,0.0491670721094216,0.0348382948460237
"169","gn",0.0848012054205289,0.0947789075431544,0.0644689511748718,0.0833137978438608,0.0608355261131851,0.0450490334178506,0.0644444709133356,0.0302427677925398,0.0354163645420211,0.0947497869073258,0.101936062425131,0.0828640420852917,0.0645565794465844,0.0714840747654079,0.0615845014962986,0.133498651853406,0.0962030000479679,0.0281161406391567
"170","go",0.0171154260987711,0.00799243319933791,0.0185730770693933,0.0181144634975762,0.0204210821667973,0.0217464214325002,0.0066522940587927,0.0226920635484315,0.0249560211602847,0.025551600960381,0.0247077168115535,0.0146824199042732,0.0174204376651855,0.0261915420154227,0.0322629090096591,0.0151696093588776,0.0168641344196915,0.0408297801173617
"171","gp",0.00575987533685129,0.0113833057460393,0.0119959928818703,0.00663338398089863,0.00320961378559917,0.00349695693197927,0.00631878603077803,0.0115191519773434,0.0129130700697987,0.00849768038050869,0.00745849143729045,0.00419559311801992,0.00803500807037625,0.0087797832715356,0.004087807272341,0.0096281686519549,0.00337488265001953,0.00239334669104395
"172","gq",0.0121218170169062,0.0335303854339087,0.0196932103018442,0.0197236090007959,0.00324040965347805,0.00249974287081383,0.000190576016008385,0.000155364284858197,0.000554858479561662,0.00132084924750633,0.00341638391990738,0.00233711353542322,0.0442777495546824,0.020097637609061,0.00630386766639683,0.0319563180205081,0.00860680732675031,0.00170814160039229
"173","gr",0.0150935134595634,0.00485221092456846,0.00597263493378533,0.00360031835612474,0.00293929450088453,0.0050889219802972,0.00664038305779218,0.00274328937263902,0.0116930119357625,0.0068580054525698,0.00899435844927624,0.00509680479496356,0.0090446089243571,0.0127114707298327,0.00678370884263041,0.00478363684956578,0.00282325208488943,0.00137041018130332
"174","gs",0.00126208559644813,0.000567510049657129,0.000748164460920031,0.00679545618985602,0.000431142150304366,0.000545561055884234,0.000226309019009958,0.00162910550122738,0.000715641334434643,0.000143146223867681,0.00102725745681838,0.00514854900607994,0.000999954985949186,0.00134716251256366,0.0207503836897955,0.00781146922605898,0.010902412784124,0.00513091963615934
"175","gt",0.00126852480867491,0.000633719555450461,0.000574860828729515,0.00512842775486578,0.000359285125253638,0.000590279175219007,0.00023226451951022,0.00133169387021312,0.000548553269566643,0.000104106344631041,0.000863297797586782,0.00428183346988056,0.000871343412193663,0.00138939331233055,0.0176991798745087,0.00669506175763132,0.00912417512385991,0.0043905084481566
"176","gu",0.0056761655779032,0.0530621896429416,0.00170344789689702,0.000219955140727878,0.000331911020472409,0.000129682546070842,0,8.8779591347541e-06,1.89156299850567e-05,0.000409918731984722,0.0021047066460546,0.00019404079168643,0.0338666426591729,0.0178889667812529,0.00119777148571282,0.000636013951710302,2.3983937614352e-05,3.24741749124009e-06
"177","gv",0.00384742930549877,0.00295105225821707,0.00623470384100026,0.00829462412271182,0.00118050826869053,0.000617110046819871,5.95550050026204e-06,1.33169387021312e-05,9.45781499252833e-06,0.000553064955852403,0.000973719608906021,0.000642490621361735,0.00434064061424888,0.00457781869473044,0.0148054811781383,0.0111742238430805,0.0136468605025663,0.00554983649252932
"178","gw",0.00191566563746591,0.00712225112319697,0.00219799728631873,0.00627450980392157,0.000479046833671518,0.000684187225822031,0.00130425460955739,0.000585945302893771,0.000318413104748454,0.00327934985587778,0.0040019541314488,0.00265189081971454,0.00407055630936228,0.00261408650557024,0.00459328881677027,0.00482085043184671,0.00214484927808348,0.00036695817651013
"179","gx",0.00336448838849055,0.000822889572002837,0.000105672946457631,0.000740901526662325,0.00165271157616674,0.000863059703161124,0.000125065510505503,0.000790138362993115,0.000368854784708605,0.00874493294900741,0.0169781900192067,0.00553231857185977,0.00535024146822973,0.00399081057797073,0.00292300197430835,3.38305293462927e-06,2.3983937614352e-05,0
"180","gy",0.000328399823565585,0.000113502009931426,7.60845214494947e-05,0.00139787280225743,5.47482095624592e-05,0.00013415435800432,7.74215065034065e-05,0.000257460814907869,8.82729399302644e-05,1.95199396183201e-05,0.000177344121209688,0.00113837264456039,0.000157549177850515,0.000346292558088465,0.00463724373367716,0.00159003487927576,0.00203863469721992,0.000993709752319468
"181","gz",0.000698654526605215,0.000141877512414282,0.000367741853672558,4.63063454163953e-05,0.000236101653738105,0.000469540253015119,0.00398422983467531,0.00267670467912836,0.000267971424788303,3.90398792366402e-05,0.000424956667804346,9.48643870466992e-05,2.89376040949925e-05,1.26692399300658e-05,0.000131864750720678,0.00137013643852485,0.000873700584522822,0.00189973923237545
"182","ha",6.43921222677618e-06,0,0,0.000130236596483612,1.71088154882685e-05,4.47181193347733e-06,0,4.43897956737705e-06,6.30520999501888e-06,0,0,0.0160838256220085,0,0,0,0,2.74102144164023e-05,0
"183","hb",0.00402128803562172,3.31047528966659e-05,4.22691785830526e-06,0.000552781998408219,0.00115655592700695,0.00088541876282851,2.97775025013102e-05,0,0,4.55465257760803e-05,0.00018069023670421,3.8808158337286e-05,0.00222176493662665,0.00154564727146803,0.000487166995718058,5.75118998886976e-05,0.00011649341126971,0
"184","hc",0,0,0,8.68243976557413e-05,3.4217630976537e-06,0,0,0,0,0,0,0.00606700875339571,0,0,0,0,0,0
"185","hd",2.89764550204928e-05,9.45850082761882e-06,5.07230142996631e-05,0.000199696114608205,6.84352619530739e-06,0,0.000160798513507075,5.77067343759017e-05,4.09838649676227e-05,0,6.69223098904482e-06,0,6.43057868777611e-06,8.4461599533772e-06,0,2.70644234770341e-05,0,0
"186","he",3.21960611338809e-05,4.72925041380941e-06,2.11345892915263e-05,5.78829317704942e-05,1.71088154882685e-05,4.47181193347733e-06,1.19110010005241e-05,4.43897956737705e-06,0,0,3.34611549452241e-06,0,1.60764467194403e-05,1.26692399300658e-05,0.000241752042987909,0.00121789905646654,0.000205576608123017,0
"187","hf",0,3.78340033104753e-05,8.45383571661052e-06,1.73648795311483e-05,0,4.02463074012959e-05,0.000190576016008385,7.10236730780328e-05,0.000258513609795774,0.000104106344631041,0.000388149397364599,9.91764046397309e-05,0.000192917360633283,0.000236492478694562,0.000461526627522371,0,2.3983937614352e-05,9.74225247372027e-06
"188","hg",2.57568489071047e-05,0.000189170016552376,0.000224026646490179,0.000173648795311483,0.000106074656027265,4.47181193347733e-06,5.95550050026204e-06,3.99508161063935e-05,2.8373444977585e-05,6.50664653944004e-06,7.02684253849706e-05,3.01841231512225e-05,1.60764467194403e-05,2.53384798601316e-05,0.000249077862472391,0.00146486192069447,0.000154182456092263,1.29896699649604e-05
"189","hh",0,0,2.95884250081368e-05,0,4.10611571718444e-05,0,0,0,6.30520999501888e-06,0,3.34611549452241e-06,0,9.64586803166417e-06,1.68923199067544e-05,0,8.45763233657317e-05,0,0
"190","hi",0,0,0,0,0,0,5.95550050026204e-06,0,0,0,0,0,0,0,0,0.000910041239415273,0,9.74225247372027e-06
"191","hj",0,0,4.22691785830526e-06,8.68243976557413e-06,6.84352619530739e-06,0,0,0,0,0,0,0,0,0,0,0.000213132334881644,0,0
"192","hk",0.117512403532552,0.0469425396074722,0.118941241614852,0.240081036104479,0.186975400945091,0.211856562160422,0.206185382819572,0.21960075817771,0.306512020882855,0.138780264039717,0.0238511112449557,0.157129921090078,0.0539847080838805,0.0984484404165646,0.0830784558637691,0.0236272416954508,0.0774955287087733,0.18749939110922
"193","hl",0.0242339752154721,0.0111137384724521,0.0384184564141365,0.0327791042616309,0.012657101698221,0.0134825129794341,0.0055862594692458,0.00354230569476689,0.00262611996292536,0.0704019155567412,0.140975191899724,0.0716571083610021,0.199344724031716,0.114766421446489,0.119213060470977,0.0386750611486818,0.0325838923874982,0.0317500008118544
"194","hm",0.0535130732106234,0.00601560652636557,0.0487405898241179,0.114313001953549,0.0545771214075765,0.0310343748183326,0.030045500023822,0.0303049135064831,0.0901424346937875,0.0267227973374802,0.0185843254565775,0.0849251864947609,0.00955262464069142,0.0216095002407156,0.0392956957147619,0.0465508083804987,0.0718387457085883,0.157275676518249
"195","hn",0.0133839026133543,0.00179711515724758,0.0191859801588476,0.0595904782577238,0.0291944827491813,0.0205435040223948,0.022112773357473,0.0569698637677171,0.0751801713756077,0.0027783380723409,0.0014488680091282,0.013703591910655,0.00529879683872752,0.0101100534641925,0.0232411623145194,0.00186744521991536,0.00744187321405322,0.0308861877591845
"196","ho",0.0158404620778694,0.00305036651690707,0.0129385955642724,0.0337689023949063,0.0200994364356178,0.0213752610420216,0.0105174138834628,0.0119985617706202,0.01751902597116,0.00794461542465629,0.0040019541314488,0.0297227372687681,0.00700290019098819,0.0326444082198029,0.0433468738896805,0.00760510299704659,0.0203555104809807,0.0697577751293284
"197","hp",0.000582748706523244,0.000184440766138567,0.00144137898968209,0.000509369799580349,0.00482468596769171,0.000514258372349892,0.000458573538520177,0.000324045508418525,0.000643131419491926,0.000364372206208642,0.00136856123725967,0.000237160967616748,0.000392265299954343,0.000494100357272566,0.000468852447006853,0.00214485556055496,0.00119577060391555,0.000604019653370657
"198","hq",0.0104411826257176,0.00096476708441712,0.00314482688657911,0.036078431372549,0.0176905152148696,0.0165591195896665,0.0178426794987851,0.00961482974293869,0.0112138159761411,0.00593406164396931,0.00313196410287297,0.0345608210081497,0.00290340627753092,0.00268587886517395,0.00545773551593915,0.00147501107949836,0.00508459477424262,0.0182829604756817
"199","hr",0.0033773668129441,0.00141877512414282,0.00116662932889225,0.00946964763765285,0.00214202369913121,0.0013415435800432,0.00625327552527514,0.00225056264066016,0.00453029338142107,0.00447657281913475,0.00767598894443441,0.0116165753956276,0.0105268573118895,0.00249161718624627,0.00324167512188332,0.0252781715275499,0.0216506431121557,0.0028837067322212
"200","hs",0.000132003850648912,0.000425632537242847,0.00485250170133444,1.44707329426235e-05,0.00062960440996828,0.00131471270844233,0.0259898041831436,0.00661851853495918,0.00702400393445104,0.00106709003246817,0.00406553032584473,0.00125479711957225,0.00984200068164134,0.0100424841845655,0.0187504349705319,0.0566153908610208,0.0321761654480542,0.00361437566775022
"201","ht",0.0168514183974733,0.00209032868290376,0.00376195689389168,0.000908762028796759,0.00313433499745079,0.00202125899393175,0.0181285435227977,0.013880689107188,0.0465387549732344,0.0532113553995406,0.0803536174854611,0.0175628476564184,0.011317818490486,0.00436244161591932,0.00179116286395587,0.00524373204867537,0.00576299758104858,0.00302984051932701
"202","hu",0.00211206161038259,9.93142586899976e-05,0.000862291243094273,0.00213298603574271,0.00225836364445144,0.00252210193048121,0.000589594549525942,0.00453663711785935,0.00211855055832635,0.00104757009284985,0.00157267428242553,0.000827907377862102,0.000649488447465387,0.000772823635734014,0.00117213111751713,0.00259818465379528,0.00976831516264536,0.00351695314301302
"203","hv",0.00425953888801244,6.14802553795223e-05,0.000536818568004768,0.00154836842486072,0.00367839532997772,0.00741873599763888,0.00100052408404402,0.00193095611180902,0.00126419460400129,0.00443753293989811,0.0103595735710414,0.0272907593462981,0.00101603143266863,0.00187082442967305,0.0101132937983275,0.00143441444428281,0.00452611165550843,0.0105930758564252
"204","hw",1.60980305669404e-05,0,2.95884250081368e-05,0,0,0,0,4.43897956737705e-06,6.30520999501888e-06,3.90398792366402e-05,0,0.00038808158337286,0.00140186615393519,0,0.000293032779379283,3.38305293462927e-06,3.42627680205028e-06,0
"205","hx",0.000157760699556016,9.45850082761882e-06,5.49499321579684e-05,0.000515158092757398,0.000136870523906148,7.15489909356372e-05,7.74215065034065e-05,8.8779591347541e-05,6.93573099452077e-05,9.10930515521605e-05,0.000100383464835672,7.33042990815403e-05,0.000196132649977171,9.71308394638378e-05,0.000249077862472391,7.78102174964732e-05,0.000263823313757872,0.000188350214491925
"206","hy",7.08313344945379e-05,1.89170016552376e-05,5.49499321579684e-05,0.000193907821431155,0.000208727548956876,4.47181193347733e-05,5.95550050026204e-05,3.55118365390164e-05,4.72890749626416e-05,3.25332326972002e-05,7.69606563740154e-05,0,0.000128611573755522,8.4461599533772e-06,3.66290974224104e-05,0.000189450964339239,5.13941520307543e-05,0
"207","hz",1.93176366803285e-05,0,2.11345892915263e-05,7.23536647131177e-05,3.76393940741907e-05,1.78872477339093e-05,1.78665015007861e-05,2.66338774042623e-05,6.62047049476983e-05,1.95199396183201e-05,5.35378479123585e-05,0,3.53681827827686e-05,8.86846795104606e-05,0.000439549169068925,9.13424292349902e-05,8.56569200512571e-05,6.81957673160419e-05
"208","ia",0.000598846737090184,6.14802553795223e-05,0.000202892057198652,0.000489110773460676,0.0006946179088237,0.00097038318956458,0.000375196531516509,0.000847845097369017,0.00110656435412581,0.000117119637709921,0.00026434312406727,0.000271657108361002,0.00054659918846097,0.000840392915361031,0.00600350906753307,0.00116377020951247,0.0042588620649485,0.000467628118738573
"209","ib",0.00156794817722,4.72925041380941e-06,0,1.44707329426235e-05,0.000198462259663914,9.83798625365012e-05,0,0,1.89156299850567e-05,0.000442451964681923,1.00383464835672e-05,0.00160407054460782,0.00157227648916126,0.00137250099242379,0.000934041984271466,0,5.82467056348548e-05,8.44328547722424e-05
"210","ic",0.000280105731864764,0.000122960510759045,0.000718576035911894,0.00160625135663121,0.000164244628687377,0.000460596629148165,0.000345419029015198,0.000688041832943443,0.00111917477411585,0.000377385499287522,0.000204113045165867,9.48643870466992e-05,0.000176840913913843,0.000122469319323969,6.59323753603388e-05,0.000162386540862205,0.000489957582693191,0.000665720585704219
"211","id",0,0,0,0,0,0,5.95550050026204e-06,4.43897956737705e-06,0,0,0,0,0,0,0,0.0272268100178964,0.000126772241675861,0
"212","ie",0.00323248453784164,0.000364152281863325,0.00115394857531734,0.00129657767165907,0.00220361543488898,0.00220460328320432,0.000416885035018343,0.000337362447120656,0.000431906884658794,0.000559571602391843,0.000699338138355184,0.0018455435298176,0.000848836386786447,0.000772823635734014,0.000600717197727531,0.00121789905646654,0.00226819524295729,0.00713782364574572
"213","if",0.000276886125751376,5.20217545519035e-05,0.000185984385765431,0.000136024889660661,0.000133448760808494,0.000223590596673866,0.000166754014007337,0.000128730407453934,0.00034048133973102,3.25332326972002e-05,0.000227535853627524,0.000116424475011858,7.71669442533134e-05,0.00029983867834489,0.000443212078811166,0.000307857817051263,0.000489957582693191,0.000331236584106489
"214","ig",3.21960611338809e-05,0,0,0.00291151146805586,5.81699726601129e-05,2.23590596673866e-05,2.38220020010482e-05,1.77559182695082e-05,2.52208399800755e-05,0,2.34228084616569e-05,0,3.53681827827686e-05,0,0,1.01491588038878e-05,0.000140477348884062,0
"215","ih",0,0,0,8.68243976557413e-06,0,0,0,0,0,0,0,0,0,0,8.7909833813785e-05,0,0,0
"216","ii",0,0,0,0.000167860502134433,8.21223143436887e-05,6.70771790021599e-05,0,4.43897956737705e-06,0,6.50664653944004e-06,4.01533859342689e-05,0,0,0,0,0,0.000164461286498414,0.000133144117140844
"217","ij",0.000128784244535524,1.89170016552376e-05,8.45383571661052e-05,0.000234425873670501,8.89658405389961e-05,7.15489909356372e-05,7.14660060031445e-05,3.99508161063935e-05,0.000100883359920302,3.25332326972002e-05,5.6883963406881e-05,0,4.82293401583208e-05,0,0,9.47254821696195e-05,8.56569200512571e-05,6.17009323335617e-05
"218","ik",6.43921222677618e-06,0,0,0,0,4.47181193347733e-06,0,4.43897956737705e-06,1.57630249875472e-05,6.50664653944004e-06,0,0,9.64586803166417e-06,0,0,0,6.50992592389554e-05,0
"219","il",3.5415667247269e-05,1.89170016552376e-05,2.53615071498316e-05,0,2.73741047812296e-05,2.6830871600864e-05,4.16885035018343e-05,1.77559182695082e-05,0.000122951594902868,6.50664653944004e-06,6.35761943959258e-05,0,5.7875208189985e-05,2.95615598368202e-05,2.19774584534463e-05,8.11932704311024e-05,0.000113067134467659,0.000207834719439366
"220","im",0,0,0,2.89414658852471e-06,7.18570250507276e-05,4.47181193347733e-06,3.57330030015722e-05,0,0,0,7.02684253849706e-05,0,0,0,0,0,0,5.52060973510816e-05
"221","in",3.21960611338809e-05,1.41877512414282e-05,2.11345892915263e-05,0,6.84352619530739e-05,6.26053670686826e-05,4.16885035018343e-05,8.8779591347541e-05,0,1.30132930788801e-05,2.00766929671345e-05,0.000112112457418826,6.43057868777611e-06,4.64538797435746e-05,0.000102561472782749,0.000175918752600722,0.00012334596487381,0
"222","io",0.000177078336236345,6.14802553795223e-05,0.000126807535749158,0.00025179075320165,0.000143714050101455,0.000147569793804752,0.000238220020010482,0.000164242243992951,0.00102144401919306,0.000149652870407121,0.000321227087474151,0.000142296580570049,0.000183271492601619,0.000164700119090855,0.000413908800873238,0.000828847968984171,0.000493383859495241,0.000405927186405011
"223","ip",0,0,0,0,0,0,0,0,9.45781499252833e-06,0,0,0,0,0.000705254356106996,0,0,0,0
"224","iq",0,0,0,0,0,0,0,0,0,0,0,0,0,0,0,0,0,0
"225","ir",0.000128784244535524,4.72925041380941e-06,3.38153428664421e-05,0.000292308805440996,8.89658405389961e-05,9.83798625365012e-05,3.57330030015722e-05,5.32677548085246e-05,7.88151249377361e-05,4.55465257760803e-05,0.000143882966264464,0.00012073649260489,0.000376188853234903,0.000236492478694562,0.00123073767339299,0.000673227533991224,0.00036661161781938,0.000217576971913086
"226","is",0,0,0,0,0,0,0,0,0,0,0,0,0,0,0.00765914427102602,0,0,0
"227","it",0.000154541093442628,4.72925041380941e-06,5.91768500162736e-05,0,0.000140292287003802,0.00018334428927257,8.93325075039306e-05,0.000110974489184426,0.00011349377991034,3.90398792366402e-05,0.000127152388791852,0,3.85834721266567e-05,1.68923199067544e-05,0.000325998967059453,0.000145471276189059,0.000212429161727118,2.59793399299207e-05
"228","iu",3.21960611338809e-06,0,0,5.20946385934448e-05,1.71088154882685e-05,0,0,0,0,0,0,0,0,0,0,0,7.1951812843056e-05,0
"229","iv",3.86352733606571e-05,0,8.45383571661052e-06,0.000133130743072137,1.71088154882685e-05,2.6830871600864e-05,1.19110010005241e-05,2.66338774042623e-05,3.46786549726039e-05,1.30132930788801e-05,2.34228084616569e-05,0.000146608598163081,9.64586803166417e-06,1.68923199067544e-05,0,1.01491588038878e-05,9.25094736553577e-05,6.17009323335617e-05
"230","iw",2.25372427937166e-05,0,0,5.49887851819695e-05,1.71088154882685e-05,0.000129682546070842,8.93325075039306e-05,0.000190876121397213,0.000239597979810718,0,6.69223098904482e-06,0,0.000138257441787186,0,0.00431124476661771,6.42780057579561e-05,0.000637287485181353,4.22164273861212e-05
"231","ix",0,0,0,5.78829317704942e-06,0,0,0,0,0,0,3.34611549452241e-06,1.29360527790953e-05,0,4.2230799766886e-06,1.46516389689642e-05,2.36813705424049e-05,0,3.24741749124009e-06
"232","iy",0,0,0,0,0,4.47181193347733e-06,1.19110010005241e-05,1.77559182695082e-05,8.51203349327549e-05,0,0,0,0,0,0,3.38305293462927e-06,0,0
"233","iz",0,0,0,0,0,0,0,0,0,0,0,0,0,0,0,0,0,0
"234","ja",6.43921222677618e-06,9.45850082761882e-06,3.80422607247473e-05,0,0,4.47181193347733e-06,1.78665015007861e-05,4.43897956737705e-06,0,1.30132930788801e-05,0,0,1.28611573755522e-05,0,0,0.00023004759955479,3.42627680205028e-05,5.19586798598415e-05
"235","jb",1.28784244535524e-05,0,0,0,0,0,0,0,0,6.50664653944004e-06,3.34611549452241e-06,0,3.21528934388806e-06,4.2230799766886e-06,0,0.00431677554458695,0.000102788304061509,3.24741749124009e-05
"236","jc",5.15136978142094e-05,6.14802553795223e-05,0.000219799728631873,0.000460169307575429,0.000215571075152183,5.36617432017279e-05,0.000446662537519653,0.000590384282461148,0.000608452764519322,1.95199396183201e-05,3.34611549452241e-06,0.000319089301884352,0.00069450249827982,0.000329400238181711,5.86065558758567e-05,2.36813705424049e-05,0.000438563430662436,2.59793399299207e-05
"237","jd",0,0,0,0,0,0,0,0,0,0,0,0,0,0,0,0,0,0
"238","je",9.65881834016426e-06,0,0,0,0,0,0,0,3.15260499750944e-06,1.30132930788801e-05,0,0,0,8.02385195570834e-05,0,1.35322117385171e-05,6.85255360410057e-06,0
"239","jf",0,0,0,0,0,0,0,8.8779591347541e-06,0,0,0,0,0,0,0,1.69152646731463e-05,0,0
"240","jg",6.43921222677618e-06,0,0,0,6.84352619530739e-06,0,0,0,0,0,2.34228084616569e-05,0,3.21528934388806e-06,0,5.12807363913746e-05,0,3.08364912184526e-05,0
"241","jh",7.08313344945379e-05,9.45850082761882e-06,5.07230142996631e-05,0,8.21223143436887e-05,7.60208028691145e-05,3.57330030015722e-05,2.66338774042623e-05,0,1.95199396183201e-05,6.69223098904482e-05,0,2.57223147511045e-05,0.000160477039114167,4.02920071646515e-05,1.35322117385171e-05,0.00012334596487381,0
"242","ji",0,0,0,0,3.4217630976537e-06,0,5.95550050026204e-06,4.43897956737705e-06,0,1.30132930788801e-05,0,0,0,4.2230799766886e-06,0,0,0,0
"243","jj",3.21960611338809e-06,0,0,1.44707329426235e-05,6.84352619530739e-06,4.47181193347733e-06,1.19110010005241e-05,0,0,1.95199396183201e-05,1.6730577472612e-05,0,0,0,0,1.01491588038878e-05,7.53780896451062e-05,0
"244","jk",9.65881834016426e-06,0,0,0,2.05305785859222e-05,3.13026835343413e-05,1.19110010005241e-05,0,3.15260499750944e-06,0,1.00383464835672e-05,0,9.64586803166417e-06,0,0,4.05966352155512e-05,0,0
"245","jl",3.21960611338809e-06,0,2.53615071498316e-05,0.00084798495043774,0,0,0,1.33169387021312e-05,0,0,3.68072704397465e-05,0,0,0,0,0,3.42627680205028e-06,0
"246","jm",4.18548794740451e-05,4.72925041380941e-06,8.03114393077999e-05,0.000327038564503292,0.000174509917980339,8.49644267360692e-05,0.000119110010005241,0.000190876121397213,0.000100883359920302,7.80797584732805e-05,1.33844619780896e-05,0,0.000302237198325477,0.000308284838298268,0.000157505118916365,0.000487159622586615,0.000373464171423481,3.24741749124009e-05
"247","jn",5.47333039275975e-05,5.20217545519035e-05,0.00041001103225561,0.000182331235077057,9.23876036366498e-05,0.000178872477339093,2.97775025013102e-05,4.43897956737705e-06,0,0.00100202356707377,0.000598954673519511,0.000689922814885085,7.39516549094253e-05,6.75692796270176e-05,2.56403681956873e-05,1.69152646731463e-05,3.42627680205028e-06,0
"248","jo",0,0,0,0,0,0,0,0,0,0,0,0,0,0,0,0.00270305929476879,1.37051072082011e-05,0
"249","jp",0,0,0,0,0,0,0,0,0,0,0,0,0,0,0,0,0,0
"250","jq",0,0,0,0,0,0,0,0,0,0,0,0,0,0,0,0,0,0
"251","jr",0,0,0,0,0,0,0,0,0,0,0,0,0,0,0,0,0,0
"252","js",1.93176366803285e-05,1.41877512414282e-05,4.22691785830526e-05,1.73648795311483e-05,0.000201884022761568,1.78872477339093e-05,0.000148887512506551,6.21457139432787e-05,0,0,1.00383464835672e-05,0,4.17987614705447e-05,4.2230799766886e-06,0.00169959012039984,0,0,0
"253","jt",0,0,0,0,0,0,0,0,0,0,0,0,0,0,0,0,0,0
"254","ju",0,0,0,0,0,0,0,0,0,0,0,0,0,0,0,8.11932704311024e-05,6.16729824369051e-05,0
"255","jv",3.21960611338809e-06,0,0,2.89414658852471e-06,0,0,0,1.33169387021312e-05,0,0,3.34611549452241e-06,0,0,0,0,5.41288469540683e-05,3.76890448225531e-05,3.24741749124009e-06
"256","jw",5.15136978142094e-05,0,0,0,5.47482095624592e-05,0,0,0,0,0,0,0,0,0,0,0,1.02788304061509e-05,0
"257","jx",0,0,4.22691785830526e-06,0,0,4.47181193347733e-06,0,0,0,0,1.00383464835672e-05,0,0,0,0,0.0014107330737404,6.85255360410057e-06,0
"258","jy",0,0,0,0,0,0,0,0,0,0,0,0,0,0,0,0,0,0
"259","jz",0,0,0,0.000286520512263946,0,0,0,0,0,1.95199396183201e-05,0,0,3.21528934388806e-06,1.26692399300658e-05,0,6.08949528233268e-05,7.1951812843056e-05,8.76802722634825e-05
"260","ka",4.18548794740451e-05,1.41877512414282e-05,0,0.000208378554373779,9.92311298319572e-05,7.60208028691145e-05,2.97775025013102e-05,0.000124291427886557,0.000331023524738491,0,3.34611549452241e-06,0,4.17987614705447e-05,2.53384798601316e-05,0,3.72135822809219e-05,0,9.09276897547226e-05
"261","kb",3.21960611338809e-06,0,0,0,3.4217630976537e-06,0,5.95550050026204e-06,0,0,0,2.00766929671345e-05,0,9.64586803166417e-06,2.95615598368202e-05,0,0,3.42627680205028e-06,0
"262","kc",0,0,4.22691785830526e-06,3.76239056508212e-05,0,0,5.95550050026204e-06,3.10728569716394e-05,0,0,0,0,1.60764467194403e-05,0,0,0.000172535699666093,2.3983937614352e-05,0
"263","kd",6.43921222677618e-06,0,0,0,6.84352619530739e-06,4.47181193347733e-06,0,0,0,0,6.69223098904482e-06,0,0,0,0,3.38305293462927e-06,0,0
"264","ke",0,0,8.45383571661052e-06,0.000188119528254106,0,0,1.78665015007861e-05,1.77559182695082e-05,0.000119798989905359,4.55465257760803e-05,3.01150394507017e-05,0,2.89376040949925e-05,0.000130915479277347,6.59323753603388e-05,0.000226664546620161,0.000315217465788626,0.00035072108905393
"265","kf",0,0,0,0,0,0,0,0,0,0,0,0,0,0,0,0,0,0
"266","kg",0,4.72925041380941e-06,4.22691785830526e-06,0,2.39523416835759e-05,8.94362386695465e-06,0,0,2.8373444977585e-05,0,0,0,1.92917360633283e-05,0,8.7909833813785e-05,7.10441116272146e-05,1.02788304061509e-05,0
"267","kh",0.225951957037576,0.518018444076614,0.40681970927259,0.0674596628319224,0.152244505503906,0.095643113633213,0.270582209728906,0.218007164513022,0.0617942105561826,0.311922128454216,0.296335334310399,0.1929455392178,0.2883632248066,0.217421049519836,0.142333346764002,0.380718628104374,0.282746640535596,0.022777386283558
"268","ki",0.0766877980147909,7.09387562071412e-05,4.22691785830526e-05,0.000144707329426235,0.112507570650854,0.139104653814679,0.00168540664157416,0.000381752242794426,5.35942849576605e-05,0.00204308701338417,0.00220843622638479,0.0022120650252253,0.0020995839415589,0.00843771379342382,0.00045786371778013,0.00237152010717512,0.000452268537870637,0.000146133787105804
"269","kj",0.000254348882957659,1.41877512414282e-05,4.64960964413579e-05,0.00114029375587874,0.00154663692013947,0.000889890574761988,0,0,0.000167088064868,0.0228188094138162,0.0399325423116304,0.008684403432366,0.00326673397339027,3.80077197901974e-05,2.93032779379283e-05,0.000243579811293307,0.000229560545737369,0.000321494331632769
"270","kk",9.65881834016426e-06,0.000269567273587136,0.00432413696904628,0.0114087258519644,0.000205305785859222,0.000120738922203888,0,0,0.000201766719840604,0.000637651360865124,0.00190059360088873,0.0004613858824544,0.000392265299954343,0.000118246239347281,0.00501452343712799,0.00210087587240478,0.00103130931741714,0.000334484001597729
"271","kl",0,2.36462520690471e-05,8.03114393077999e-05,0.00672889081831995,0,2.23590596673866e-05,0,0,0,0.000429438671603043,0.00290442824924545,0.000905523694536674,0.000186486781945507,0.000494100357272566,0.000802177233550788,0.000236813705424049,0.00108955602305199,0.00281551096490516
"272","km",0,0,0,0,0,0,0,0,0,0,0,0,0,0,0,0,0,0
"273","kn",6.76117283811499e-05,4.72925041380941e-06,2.95884250081368e-05,0.000193907821431155,0.000133448760808494,7.15489909356372e-05,2.38220020010482e-05,6.65846935106558e-05,3.15260499750944e-06,6.50664653944004e-05,5.01917324178361e-05,0.000504506058384718,0.000128611573755522,2.53384798601316e-05,0.00380576322218844,2.02983176077756e-05,4.7967875228704e-05,4.22164273861212e-05
"274","ko",0.000154541093442628,3.31047528966659e-05,0.000219799728631873,0.00247449533318863,0.000160822865589724,0.00038457582627905,5.95550050026204e-06,1.77559182695082e-05,0.00028373444977585,0.000162666163486001,0.000307842625496062,0.000379457548186797,0.00120251821461413,0.00315041766260969,0.00160435446710158,0.00268276097716101,0.00159321871295338,0.00400081834920779
"275","kp",0,0,0,0,3.4217630976537e-06,0,0,0,0,0,0,0,0,4.2230799766886e-06,0.00649433897299337,0,2.3983937614352e-05,0
"276","kq",2.57568489071047e-05,0,0,0,2.73741047812296e-05,0,0,4.43897956737705e-06,7.25099149427172e-05,5.20531723155203e-05,0.000157267428242553,2.15600879651589e-05,0.00162372111866347,0.0020735322685541,0.000977996901178358,1.01491588038878e-05,3.76890448225531e-05,3.24741749124009e-06
"277","kr",0,0,0,0,0,0,0,0,0,0,0,0,0,0,0,0,0,0
"278","ks",6.43921222677618e-06,0,2.95884250081368e-05,0.000564358584762318,1.71088154882685e-05,4.47181193347733e-06,0,0,0,0.000208212689262081,0.000204113045165867,0.000534690181535941,0.000202563228664948,0.000498323437249255,0.000600717197727531,4.73627410848098e-05,0.000150756179290212,0.000298762409194088
"279","kt",0,0,0,0,0,0,0,0,3.15260499750944e-06,6.50664653944004e-06,1.6730577472612e-05,6.46802638954767e-05,3.21528934388806e-06,0,0,0,0,0
"280","ku",0.0705125934893125,0.108574131000236,0.117368828171562,0.110993415816511,0.108617026008821,0.124235879135867,0.178111153461337,0.18991730181066,0.156621416276269,0.0807865234336875,0.0667449657692385,0.083989478677073,0.100008359752294,0.150100931611443,0.137765698315428,0.0400215162166642,0.0847249727610994,0.195624429672303
"281","kv",0.110603128813221,0.0506597304327264,0.0504778530638814,0.0648173069965994,0.137589094156655,0.171605782947192,0.0804588117585402,0.123772067277174,0.0742564581113374,0.0494114738205076,0.0410300681938338,0.053460394118408,0.0407312854083739,0.0736589609534025,0.0766207459881981,0.0341756007456249,0.109202294234947,0.115422959891147
"282","kw",0.0808475291132883,0.0210357058406243,0.0267014401109143,0.0246378699081108,0.0403494304475324,0.0448433300689106,0.0297894135023107,0.0241524878260985,0.0463212252284062,0.0571153433232046,0.0644595688864797,0.0447156224397396,0.0405158610223334,0.0552125476152267,0.064719952235657,0.0424640804354666,0.0436199299669022,0.0340004611332838
"283","kx",0.048374581853656,0.0491463703003074,0.0184293618622109,0.0247449533318863,0.0483734649115303,0.0297420211695577,0.0287233789127638,0.0164197854197277,0.0134143342644027,0.033639362608905,0.0457681677340775,0.0238368332542797,0.0290501392220286,0.0264829345338142,0.022200895947723,0.101481438880074,0.0728152345971726,0.0256156291709018
"284","ky",0.0135030280395496,0.00783163868526839,0.00842002037374408,0.0182302293611171,0.00581357550291363,0.00740084874990497,0.0169493544237458,0.00265894876085885,0.00260720433294031,0.0456961786464874,0.0406653416049308,0.0457160105213229,0.011086317657726,0.0270783888105273,0.0217576838689118,0.00580193578288919,0.00352563882930974,0.000227319224386806
"285","kz",0.0170671320070703,0.00799243319933791,0.0185054463836604,0.018091310324868,0.019959144148614,0.0217240623728329,0.00622349802277383,0.0223724570195803,0.0240827495759746,0.0254605079088289,0.0246742556566082,0.014656547798715,0.0173818541930588,0.0260944111759588,0.0301750504565817,0.0143509105486974,0.0167339359012136,0.0407615843500456
"286","la",0.00571802045737724,0.0113833057460393,0.0119959928818703,0.00640185225381666,0.00316170910223202,0.0034701260603784,0.00628900852827672,0.0114303723859959,0.0129067648598037,0.00849117373396925,0.00745179920630141,0.00410935276615929,0.00800285517693737,0.0087797832715356,0.004087807272341,0.00958757201673935,0.00333719360519698,0.00236736735111403
"287","lb",0.00318419044614082,0.000463466540553322,0.0241018856280566,0.00160914550321974,0.000947828378050074,0.00148911337384795,0.0108568774119777,0.00243256080292262,0.00552336395563654,8.45864050127205e-05,0.000488532862200272,0.000189728774093398,0.000803822335972014,0.000101353919440526,9.52356532982671e-05,0.00439120270914879,0.00382029863428607,0.00036695817651013
"288","lc",0.0121218170169062,0.0335303854339087,0.0196932103018442,0.0197236090007959,0.00324040965347805,0.00249974287081383,0.000190576016008385,0.000155364284858197,0.000554858479561662,0.00132084924750633,0.00341638391990738,0.00233711353542322,0.0442777495546824,0.020097637609061,0.00630386766639683,0.0319563180205081,0.00860680732675031,0.00170814160039229
"289","ld",0.0150935134595634,0.00485221092456846,0.00597263493378533,0.00360031835612474,0.00293929450088453,0.0050889219802972,0.00664038305779218,0.00274328937263902,0.0116930119357625,0.0068580054525698,0.00899435844927624,0.00509680479496356,0.0090446089243571,0.0127114707298327,0.00678370884263041,0.00478363684956578,0.00282325208488943,0.00137041018130332
"290","le",0.00700908250884587,0.00797824544809648,0.00314482688657911,0.0057159395123363,0.00368523885617303,0.00210622342066782,0.000958835580542189,0.00318718732937672,0.000208071929835623,0.00346804260552154,0.00924866322685994,0.00350567030313484,0.00677782993691602,0.00921053742915783,0.00493760233254092,0.00594064095320899,0.00554714214251941,0.000837833712739944
"291","lf",4.18548794740451e-05,0,0,0.000231531727081977,4.79046833671518e-05,2.6830871600864e-05,2.97775025013102e-05,8.8779591347541e-05,6.30520999501888e-06,6.50664653944004e-06,6.69223098904482e-06,8.62403518606356e-05,3.21528934388806e-05,0,0,4.05966352155512e-05,3.76890448225531e-05,2.59793399299207e-05
"292","lg",0.00119125426195359,0.000520217545519035,0.000714349118053589,0.00643947615946748,0.000400346282425483,0.000523201996216847,0.000220353518509696,0.00154032590987984,0.000693573099452077,0.000136639577328241,0.000970373493411499,0.0048035875986374,0.000977447960541969,0.00127537015295996,0.0195489492943404,0.00737505539749181,0.0103747661566083,0.00489385815929882
"293","lh",0.00126852480867491,0.000633719555450461,0.000574860828729515,0.00512842775486578,0.000359285125253638,0.000590279175219007,0.00023226451951022,0.00133169387021312,0.000548553269566643,0.000104106344631041,0.000863297797586782,0.00428183346988056,0.000871343412193663,0.00138939331233055,0.0176991798745087,0.00669506175763132,0.00912417512385991,0.0043905084481566
"294","li",0.00263363780075146,0.00359895956490896,0.00357174559026794,0.00384632081614934,0.0013447528973779,0.00173953484212268,0.00157225213206918,0.0034624040625541,0.00389977238191918,0.00453513263798971,0.00737483854992739,0.00483377172178862,0.00206100046943224,0.00355161026039511,0.00868842190859575,0.00392772445710458,0.001158081559093,0.00127623507405736
"295","lj",0.0056761655779032,0.0530621896429416,0.00170344789689702,0.000219955140727878,0.000331911020472409,0.000129682546070842,0,8.8779591347541e-06,1.89156299850567e-05,0.000409918731984722,0.0021047066460546,0.00019404079168643,0.0338666426591729,0.0178889667812529,0.00119777148571282,0.000636013951710302,2.3983937614352e-05,3.24741749124009e-06
"296","lk",0.00698332565993876,0.00205249467959328,0.00101446028599326,0.00207510310397222,0.00110180771744449,0.00115819929077063,0.00162585163657154,0.0019931018257523,0.00214377139830642,0.00620083415208636,0.0029412355196852,0.00387219179854254,0.0119094317297614,0.00772823635734014,0.00149446717483434,0.00505428108433613,0.00343312935565438,7.1443184807282e-05
"297","ll",0.00545079314996603,0.00607235753133128,0.000862291243094273,0.00340062224151653,0.00207016667408049,0.00258023548561642,0.000238220020010482,0.000217509998801476,0.000693573099452077,0.00161364834178113,0.00100383464835672,0.00109525246863007,0.00380690258316346,0.00254651722594322,0.00101828890834301,0.000998000615715634,0.000853142923710521,0.000133144117140844
"298","lm",0.00384742930549877,0.00295105225821707,0.00623470384100026,0.00829462412271182,0.00118050826869053,0.000617110046819871,5.95550050026204e-06,1.33169387021312e-05,9.45781499252833e-06,0.000553064955852403,0.000973719608906021,0.000642490621361735,0.00434064061424888,0.00457781869473044,0.0148054811781383,0.0111742238430805,0.0136468605025663,0.00554983649252932
"299","ln",0.00127818362701507,0.00707022936864507,0.00219377036846043,0.00575935171116417,0.000287428100202911,0.000639469106487258,0.00122683310305398,0.000275216733177377,0.000271124029785812,0.0032338033301017,0.00395845463002001,0.00229830537708594,0.00390014597413621,0.00261408650557024,0.00459328881677027,0.00478363684956578,0.00210030767965682,0.00035396850654517
"300","lo",0.00254670843568998,0.018983211161031,0.000304338085797979,0.0131481079516678,0.000561169148015206,0.000326442271143845,0.00424627185668684,0.00241480488465312,0.00606561201520817,0,4.01533859342689e-05,0,0.00155298475309793,0.00113600851372923,0.00464823246290388,0.0027504220358536,0.00150756179290212,4.22164273861212e-05
"301","lp",0.00336448838849055,0.000822889572002837,0.000105672946457631,0.000740901526662325,0.00165271157616674,0.000863059703161124,0.000125065510505503,0.000790138362993115,0.000368854784708605,0.00874493294900741,0.0169781900192067,0.00553231857185977,0.00535024146822973,0.00399081057797073,0.00292300197430835,3.38305293462927e-06,2.3983937614352e-05,0
"302","lq",0.000328399823565585,0.000113502009931426,7.60845214494947e-05,0.00139787280225743,5.47482095624592e-05,0.00013415435800432,7.74215065034065e-05,0.000257460814907869,8.82729399302644e-05,1.95199396183201e-05,0.000177344121209688,0.00113837264456039,0.000157549177850515,0.000346292558088465,0.00463724373367716,0.00159003487927576,0.00203863469721992,0.000993709752319468
"303","lr",0.00136189338596316,0.00611965003546938,0.00758309063779964,0.0154778959554301,0.000574856200405821,0.000541089243950756,4.16885035018343e-05,0.000279655712744754,0.000290039659770869,0.00286292447735362,0.00360711250309516,0.00325557328273899,0.00184236079404786,0.000760154395803948,0.00013919057020516,0.00121451600353191,0.000555056841932146,3.89690098948811e-05
"304","ls",0.000698654526605215,0.000141877512414282,0.000367741853672558,4.63063454163953e-05,0.000236101653738105,0.000469540253015119,0.00398422983467531,0.00267670467912836,0.000267971424788303,3.90398792366402e-05,0.000424956667804346,9.48643870466992e-05,2.89376040949925e-05,1.26692399300658e-05,0.000131864750720678,0.00137013643852485,0.000873700584522822,0.00189973923237545
"305","lt",4.50744855874332e-05,1.89170016552376e-05,2.53615071498316e-05,1.44707329426235e-05,1.36870523906148e-05,2.23590596673866e-05,1.19110010005241e-05,2.66338774042623e-05,0.000201766719840604,0,0,0,1.92917360633283e-05,8.4461599533772e-06,4.02920071646515e-05,0.00757803857356956,0.00806545559202637,0.000324741749124009
"306","lu",0.000717972163285544,0.0004019862851738,0.000147942125040684,0.000714854207365603,3.4217630976537e-05,4.47181193347733e-05,0.000154843013006813,0.000168681223560328,0.000570621504549209,0.000117119637709921,4.01533859342689e-05,0,0.00241146700791604,0.00208620150848417,0.00150179299431883,0.000263878128901083,0.000459121091474738,0
"307","lv",7.08313344945379e-05,4.72925041380941e-05,3.38153428664421e-05,0.000355980030388539,3.07958678788833e-05,2.23590596673866e-05,5.95550050026204e-06,8.8779591347541e-05,2.20682349825661e-05,6.50664653944004e-06,5.6883963406881e-05,0.000344961407442542,2.25070254072164e-05,7.17923596037062e-05,0.00120143439545506,0.000436413828567176,0.000527646627515744,0.000237061476860527
"308","lw",6.43921222677618e-06,0,2.11345892915263e-05,0,3.07958678788833e-05,1.3415435800432e-05,0.000172709514507599,3.99508161063935e-05,8.82729399302644e-05,2.60265861577602e-05,2.34228084616569e-05,0,0,8.4461599533772e-06,0,0.000592034263560122,0.000130198518477911,4.22164273861212e-05
"309","lx",6.43921222677618e-06,0,0,0.000130236596483612,1.71088154882685e-05,4.47181193347733e-06,0,4.43897956737705e-06,6.30520999501888e-06,0,0,0.0160838256220085,0,0,0,0,2.74102144164023e-05,0
"310","ly",0.00402128803562172,3.31047528966659e-05,4.22691785830526e-06,0.000552781998408219,0.00115655592700695,0.00088541876282851,2.97775025013102e-05,0,0,4.55465257760803e-05,0.00018069023670421,3.8808158337286e-05,0.00222176493662665,0.00154564727146803,0.000487166995718058,5.75118998886976e-05,0.00011649341126971,0
"311","lz",2.57568489071047e-05,0,1.6907671433221e-05,2.89414658852471e-06,0.000307958678788833,8.94362386695465e-06,5.35995045023584e-05,7.54626526454099e-05,0.00022698755982068,2.60265861577602e-05,0,2.58721055581907e-05,3.21528934388806e-05,7.17923596037062e-05,0,2.70644234770341e-05,0,2.59793399299207e-05
"312","ma",0.000183517548463121,0,0,0.000463063454163953,0.000106074656027265,1.78872477339093e-05,7.74215065034065e-05,0.000279655712744754,3.15260499750944e-05,4.55465257760803e-05,4.34995014287913e-05,0.000344961407442542,0.000135042152443298,0,0,1.69152646731463e-05,4.45415984266537e-05,1.29896699649604e-05
"313","mb",0,0,0,8.68243976557413e-05,3.4217630976537e-06,0,0,0,0,0,0,0.00606700875339571,0,0,0,0,0,0
"314","mc",1.60980305669404e-05,0,2.95884250081368e-05,2.0259026119673e-05,0.000123183471515533,0,0.000202487017008909,0.000204193060099344,0.000558011084559171,3.90398792366402e-05,1.00383464835672e-05,0,6.43057868777611e-06,1.68923199067544e-05,0.00208785855307739,0.000199600123143127,0,0
"315","md",0.00045396446198772,5.20217545519035e-05,4.22691785830526e-06,5.20946385934448e-05,8.55440774413424e-05,2.6830871600864e-05,0,3.10728569716394e-05,1.57630249875472e-05,0,0,8.62403518606356e-06,3.53681827827686e-05,0,0,2.02983176077756e-05,0,0
"316","me",2.89764550204928e-05,9.45850082761882e-06,5.07230142996631e-05,0.000199696114608205,6.84352619530739e-06,0,0.000160798513507075,5.77067343759017e-05,4.09838649676227e-05,0,6.69223098904482e-06,0,6.43057868777611e-06,8.4461599533772e-06,0,2.70644234770341e-05,0,0
"317","mf",0,0,0,0,0,0,0,0,0,0,0,0,0,0,0,0,0,0
"318","mg",3.21960611338809e-05,4.72925041380941e-06,2.11345892915263e-05,5.78829317704942e-05,1.71088154882685e-05,4.47181193347733e-06,1.19110010005241e-05,4.43897956737705e-06,0,0,3.34611549452241e-06,0,1.60764467194403e-05,1.26692399300658e-05,0.000241752042987909,0.00121789905646654,0.000205576608123017,0
"319","mh",0,3.78340033104753e-05,8.45383571661052e-06,1.73648795311483e-05,0,4.02463074012959e-05,0.000190576016008385,7.10236730780328e-05,0.000258513609795774,0.000104106344631041,0.000388149397364599,9.91764046397309e-05,0.000192917360633283,0.000236492478694562,0.000461526627522371,0,2.3983937614352e-05,9.74225247372027e-06
"320","mi",2.57568489071047e-05,0.000189170016552376,0.000224026646490179,0.000173648795311483,0.000106074656027265,4.47181193347733e-06,5.95550050026204e-06,3.99508161063935e-05,2.8373444977585e-05,6.50664653944004e-06,7.02684253849706e-05,3.01841231512225e-05,1.60764467194403e-05,2.53384798601316e-05,0.000249077862472391,0.00146486192069447,0.000154182456092263,1.29896699649604e-05
"321","mj",0,0,2.95884250081368e-05,0,4.10611571718444e-05,0,0,0,6.30520999501888e-06,0,3.34611549452241e-06,0,9.64586803166417e-06,1.68923199067544e-05,0,8.45763233657317e-05,0,0
"322","mk",0,0,0,0,0,0,5.95550050026204e-06,0,0,0,0,0,0,0,0,0.000910041239415273,0,9.74225247372027e-06
"323","ml",0,0,4.22691785830526e-06,8.68243976557413e-06,6.84352619530739e-06,0,0,0,0,0,0,0,0,0,0,0.000213132334881644,0,0
"324","mm",0,8.98557578623788e-05,8.45383571661052e-06,5.20946385934448e-05,0,4.47181193347733e-06,2.38220020010482e-05,0.000168681223560328,6.30520999501888e-06,0,6.69223098904482e-06,6.46802638954767e-05,1.28611573755522e-05,4.2230799766886e-06,0,3.72135822809219e-05,1.02788304061509e-05,1.94845049474405e-05
"325","mn",3.21960611338809e-06,0,0,0,3.4217630976537e-06,0,1.19110010005241e-05,0,0,0,0,0,6.43057868777611e-06,0,4.02920071646515e-05,0.000189450964339239,0,0
"326","mo",0,0,0,0,0,0,0,0,0,0,0,0,0,0,0,0,0,0
"327","mp",0.224506353892665,0.5178765665642,0.40651959810465,0.0304406338181029,0.139347880388849,0.0801974752149824,0.269796083662871,0.213901108413198,0.0590798176533269,0.308655791891417,0.279855715499876,0.186675865637532,0.272087430147839,0.203801616595015,0.133604632848242,0.379652966429966,0.278823553597248,0.0208679047987088
"328","mq",0.0766877980147909,7.09387562071412e-05,4.22691785830526e-05,0.000144707329426235,0.112507570650854,0.139104653814679,0.00168540664157416,0.000381752242794426,5.35942849576605e-05,0.00204308701338417,0.00220843622638479,0.0022120650252253,0.0020995839415589,0.00843771379342382,0.00045786371778013,0.00237152010717512,0.000452268537870637,0.000146133787105804
"329","mr",0.00144560314491125,0.000141877512414282,0.000300111167939673,0.0370190290138196,0.0128966251150568,0.0154456384182307,0.00078612606603459,0.00410605609982377,0.00271439290285563,0.0032663365627989,0.0164796188105229,0.00626967358026821,0.0162757946587613,0.0136194329248207,0.0087287139157604,0.00106566167440822,0.00392308693834758,0.00190948148484917
"330","ms",6.76117283811499e-05,1.41877512414282e-05,4.22691785830526e-05,0.00112582302293611,0.000862284300608732,0.000558976491684666,0,0,3.15260499750944e-06,0.02219417134603,0.0375199930400798,0.00841705834159803,0.00326673397339027,3.80077197901974e-05,2.93032779379283e-05,1.69152646731463e-05,9.25094736553577e-05,0.000318246914141529
"331","mt",9.65881834016426e-06,0.000269567273587136,0.00432413696904628,0.0114087258519644,0.000205305785859222,0.000120738922203888,0,0,0.000201766719840604,0.000637651360865124,0.00190059360088873,0.0004613858824544,0.000392265299954343,0.000118246239347281,0.00501452343712799,0.00210087587240478,0.00103130931741714,0.000334484001597729
"332","mu",0,2.36462520690471e-05,8.03114393077999e-05,0.00672889081831995,0,2.23590596673866e-05,0,0,0,0.000429438671603043,0.00290442824924545,0.000905523694536674,0.000186486781945507,0.000494100357272566,0.000802177233550788,0.000236813705424049,0.00108955602305199,0.00281551096490516
"333","mv",0.000186737154576509,0,4.22691785830526e-06,1.44707329426235e-05,0.000684352619530739,0.000330914083077322,0,0,0.000163935459870491,0.000624638067786244,0.00241254927155066,0.00026734509076797,0,0,0,0.000226664546620161,0.000137051072082011,3.24741749124009e-06
"334","mw",0,0,0,0,0,0,0,0,0,0,0,0,0,0,0,0,0,0
"335","mx",6.76117283811499e-05,4.72925041380941e-06,2.95884250081368e-05,0.000193907821431155,0.000133448760808494,7.15489909356372e-05,2.38220020010482e-05,6.65846935106558e-05,3.15260499750944e-06,6.50664653944004e-05,5.01917324178361e-05,0.000504506058384718,0.000128611573755522,2.53384798601316e-05,0.00380576322218844,2.02983176077756e-05,4.7967875228704e-05,4.22164273861212e-05
"336","my",3.21960611338809e-06,0,0,0,8.55440774413424e-05,0.000344329518877754,0,0,0,0,0,0,0,1.26692399300658e-05,0,0.00171520783785704,0.00118891805031145,0.00327989166615249
"337","mz",0.00015132148732924,3.31047528966659e-05,0.000219799728631873,0.00247449533318863,7.52787881483813e-05,4.02463074012959e-05,5.95550050026204e-06,1.77559182695082e-05,0.00028373444977585,0.000162666163486001,0.000307842625496062,0.000379457548186797,0.00120251821461413,0.00313774842267963,0.00160435446710158,0.000967553139303971,0.000404300662641934,0.0007209266830553
"338","na",0,0,0,0,3.4217630976537e-06,0,0,0,0,0,0,0,0,4.2230799766886e-06,0.00649433897299337,0,2.3983937614352e-05,0
"339","nb",2.57568489071047e-05,0,0,0,2.73741047812296e-05,0,0,4.43897956737705e-06,7.25099149427172e-05,5.20531723155203e-05,0.000157267428242553,2.15600879651589e-05,0.00162372111866347,0.0020735322685541,0.000977996901178358,1.01491588038878e-05,3.76890448225531e-05,3.24741749124009e-06
"340","nc",0,0,0,0,0,0,0,0,0,0,0,0,0,0,0,0,0,0
"341","nd",6.43921222677618e-06,0,2.95884250081368e-05,0.000564358584762318,1.71088154882685e-05,4.47181193347733e-06,0,0,0,0.000208212689262081,0.000204113045165867,0.000534690181535941,0.000202563228664948,0.000498323437249255,0.000600717197727531,4.73627410848098e-05,0.000150756179290212,0.000298762409194088
"342","ne",0,0,0,0,0,0,0,0,0,0,0,0,0,0,0,0,0,0
"343","nf",0,0,0,0,0,0,0,0,3.15260499750944e-06,6.50664653944004e-06,1.6730577472612e-05,6.46802638954767e-05,3.21528934388806e-06,0,0,0,0,0
