"","taxon_id","treatment_1","treatment_2","log2_median_ratio","median_diff","mean_diff","wilcox_p_value"
"1","ab","A","B",-0.134034762262802,-0.0253356112957903,0.00715093509688841,0.685714285714286
"2","ac","A","B",0.11209619975568,0.0237872964548937,-0.00613267426887726,0.685714285714286
"3","ad","A","B",0.0323895949852953,0.00941901284691732,-0.00101826082801121,0.885714285714286
"4","ae","A","B",0.332525212785166,9.24014041807676e-06,-0.000121734864253944,0.882420114075504
"5","af","A","B",0.100391600602543,0.0132058943205121,0.00677158817006696,0.885714285714286
"6","ag","A","B",0.179573313819068,0.0107478496252817,0.000629873330264236,1
"7","ah","A","B",-0.314595363488266,-0.000173841009626802,-0.000128791539188871,0.485714285714286
"8","ai","A","B",0.11209619975568,0.0237872964548937,-0.00613267426887726,0.685714285714286
"9","aj","A","B",0.0182500913633088,0.00339927870387902,-0.00993744715062389,0.685714285714286
"10","ak","A","B",0.0415980159201475,0.00310277267115203,0.0069125684642109,0.885714285714286
"11","al","A","B",-0.103652421365044,-0.00331743581047985,-0.000189906853798855,0.885714285714286
"12","am","A","B",0.688496603122696,0.00155480511493682,0.00245111460696003,0.685714285714286
"13","an","A","B",-0.520935766436998,-2.63054876830345e-05,-0.000183344609990293,1
"14","ao","A","B",0.985010771800947,8.06710031828977e-05,-7.12452847690986e-05,0.685714285714286
"15","ap","A","B",0.332525212785166,9.24014041807676e-06,-0.000121734864253944,0.882420114075504
"16","aq","A","B",0.0458780789361104,0.00547126087797112,-0.00450299112710503,1
"17","ar","A","B",0.271672060738697,0.01157463263787,-0.00363281661250023,0.885714285714286
"18","as","A","B",2.41700578819433,0.013468307472777,0.0111399154214467,0.685714285714286
"19","at","A","B",-2.34550814840502,-0.000750225082157409,-0.00856799404262857,0.342857142857143
"20","au","A","B",-0.314595363488266,-0.000173841009626802,-0.000128791539188871,0.485714285714286
"21","av","A","B",0.529995013892504,0.000576176414634153,0.0141097398051591,0.485714285714286
"22","aw","A","B",0.300238773904562,0.00062803038852056,0.000710511064492104,0.885714285714286
"23","ax","A","B",-4.62738122887558,-0.000417362478587247,-0.00213216961731083,0.885714285714286
"24","ay","A","B",-0.636288725453758,-0.000556310421959003,-0.000259114050546511,0.885714285714286
"25","az","A","B",0.35913779788889,0.000434189114063606,0.000382982130756515,0.885714285714286
"26","ba","A","B",1.10667263870978,0.000257061973329909,0.000229450485383869,1
"27","bb","A","B",0.0756119184776019,6.35682973051683e-06,1.87346528426483e-05,0.685714285714286
"28","bc","A","B",-3.1398990350073,-2.4291952732718e-05,-6.62546957533448e-05,0.644552170515899
"29","bd","A","B",-1.20329396986128,-7.01325534075494e-05,-2.85319139051983e-05,0.885714285714286
"30","be","A","B",0.110949309000056,0.023532593785746,-0.00650356605910207,0.685714285714286
"31","bf","A","B",3.58523827847384,0.000254702669147797,0.000370891790224818,0.342857142857143
"32","bg","A","B",0.0182500913633088,0.00339927870387902,-0.00993744715062389,0.685714285714286
"33","bh","A","B",0.163343037553899,0.0110911831516903,0.0102699952577801,0.685714285714286
"34","bi","A","B",-0.833415913712701,-0.00286911051921946,-0.00346184580989244,0.485714285714286
"35","bj","A","B",-0.103652421365044,-0.00331743581047985,-0.000189906853798855,0.885714285714286
"36","bk","A","B",0.687949187793083,0.00155325085252758,0.00245229465272336,0.685714285714286
"37","bl","A","B",0,0,-1.1800457633259e-06,1
"38","bm","A","B",1.71669552731493,6.52140079448499e-06,0.000104419016323244,0.877782280346235
"39","bn","A","B",-0.520935766436998,-2.63054876830345e-05,-0.000183344609990293,1
"40","bo","A","B",0.985010771800947,8.06710031828977e-05,-7.12452847690986e-05,0.685714285714286
"41","bp","A","B",0.332525212785166,9.24014041807676e-06,-0.000121734864253944,0.882420114075504
"42","bq","A","B",-0.0817694054732589,-0.00488911344962541,-0.0291957856709854,0.685714285714286
"43","br","A","B",-0.97208813805281,-0.010608964010751,-0.00125130776592335,0.685714285714286
"44","bs","A","B",0.0523103277200238,0.00183638838155182,0.0261117576644147,0.885714285714286
"45","bt","A","B",0.0180372305625448,0.000419847261516018,-0.00149987712079717,0.885714285714286
"46","bu","A","B",2.43632091221255,0.0134840298031193,0.0111442578859407,0.685714285714286
"47","bv","A","B",-2.34550814840502,-0.000750225082157409,-0.00856799404262857,0.342857142857143
"48","bw","A","B",-0.314595363488266,-0.000173841009626802,-0.000128791539188871,0.485714285714286
"49","bx","A","B",0.418027548895716,0.00581519552522711,-0.000587213304366407,0.485714285714286
"50","by","A","B",1.93782787510215,1.10826466639971e-05,0.0154433808064363,0.877782280346235
"51","bz","A","B",0.300238773904562,0.00062803038852056,0.000710511064492104,0.885714285714286
"52","ca","A","B",-Inf,-3.27127569973201e-06,-0.00224187233333771,0.356170327949322
"53","cb","A","B",-0.35790112516495,-0.000116078399127486,-0.000167655354611003,1
"54","cc","A","B",-0.131635162091547,-0.000716044388537698,-0.00157757483643434,0.485714285714286
"55","cd","A","B",-0.636288725453758,-0.000556310421959003,-0.000259114050546511,0.885714285714286
"56","ce","A","B",0.35913779788889,0.000434189114063606,0.000382982130756515,0.885714285714286
"57","cf","A","B",-2.93038218255343,-0.000246623115955174,-0.00130370302747268,0.342857142857143
"58","cg","A","B",0,0,0,NA
"59","ch","A","B",1.10667263870978,0.000257061973329909,0.000229450485383869,1
"60","ci","A","B",-0.473056714289152,-0.000229083246250756,-2.9937973804552e-05,0.685714285714286
"61","cj","A","B",1.69809599976026,4.39332314061263e-06,0.000109702716026886,0.65725516871927
"62","ck","A","B",-1.31485995930955,-0.000339724746542126,-1.31883124670909e-05,1
"63","cl","A","B",0.625072261675557,7.0374013543354e-06,-4.34246449397076e-06,1
"64","cm","A","B",0.0756119184776019,6.35682973051683e-06,1.87346528426483e-05,0.685714285714286
"65","cn","A","B",0,0,0,NA
"66","co","A","B",-0.165306665863984,-1.02137862518382e-05,1.83057348046985e-05,1
"67","cp","A","B",2.81506256517279,3.44345617329126e-05,2.67312267600855e-05,0.300522311495472
"68","cq","A","B",-3.1398990350073,-2.4291952732718e-05,-6.62546957533448e-05,0.644552170515899
"69","cr","A","B",-1.20329396986128,-7.01325534075494e-05,-2.85319139051983e-05,0.885714285714286
"70","cs","A","B",0.11196789447315,0.0237323334431752,-0.00744582525412907,0.685714285714286
"71","ct","A","B",1.88369362225459,8.19973341910499e-06,1.10099413135424e-05,0.882420114075504
"72","cu","A","B",0.934674405553319,6.20440804590389e-05,0.000942259195027057,0.485714285714286
"73","cv","A","B",3.6661784618983,0.000231172395338557,0.000360860437395246,0.485714285714286
"74","cw","A","B",0,0,0,NA
"75","cx","A","B",0,0,-9.78588483970721e-07,0.453254704753736
"76","cy","A","B",0.177717269987953,0.00755474214756586,0.00227866361449859,0.685714285714286
"77","cz","A","B",-0.319482306356843,-0.0211260324067331,-0.0168510015003918,0.685714285714286
"78","da","A","B",0.309704165564493,0.0285881783010841,0.00464871197456944,0.685714285714286
"79","db","A","B",0.179068354679184,0.0118667153826364,0.0101007330839602,0.685714285714286
"80","dc","A","B",0.763816759796375,0.00120642088913248,-0.00103246356768013,0.885714285714286
"81","dd","A","B",-0.216607166308161,-0.00545411072005038,-0.00325029442353695,0.885714285714286
"82","de","A","B",2.23374223522922,3.85266713431565e-05,4.41925093796498e-05,0.2
"83","df","A","B",0.723286568959871,0.00534410116138328,0.00311008984027435,0.342857142857143
"84","dg","A","B",0.687949187793083,0.00155325085252758,0.00245229465272336,0.685714285714286
"85","dh","A","B",0,0,0,NA
"86","di","A","B",-2.96437074246577,-0.00186473539644687,-0.00259006116348359,0.342857142857143
"87","dj","A","B",0.48407776188174,0.000201079513972913,0.000535913314807748,0.885714285714286
"88","dk","A","B",-0.652669689807786,-0.000638246900042581,-0.000410843650367474,0.685714285714286
"89","dl","A","B",0,0,-1.95717696794144e-06,0.453254704753736
"90","dm","A","B",0,0,-1.1800457633259e-06,1
"91","dn","A","B",2.04394161029775,0.000324408077183616,0.000171570888685854,0.38363032713199
"92","do","A","B",0.0604939707555227,8.88426673012475e-07,-1.08919674145739e-05,1
"93","dp","A","B",1.71669552731493,6.52140079448499e-06,0.000104419016323244,0.877782280346235
"94","dq","A","B",-0.520935766436998,-2.63054876830345e-05,-0.000183344609990293,1
"95","dr","A","B",0.985010771800947,8.06710031828977e-05,-7.12452847690986e-05,0.685714285714286
"96","ds","A","B",1.76534301222213,2.05336320578773e-05,-1.18640623321254e-05,0.771503409140308
"97","dt","A","B",1.23585427691171,8.13200601907479e-05,-4.97022705362524e-05,1
"98","du","A","B",0.332525212785166,9.24014041807676e-06,-0.000121734864253944,0.882420114075504
"99","dv","A","B",-0.0817694054732589,-0.00488911344962541,-0.0291957856709854,0.685714285714286
"100","dw","A","B",-1.95244906800399,-0.0117453316038466,-0.00300142524709791,0.485714285714286
"101","dx","A","B",0.239417012323719,0.000271591742087835,-0.00127207575566588,0.885714285714286
"102","dy","A","B",0.0523103277200238,0.00183638838155182,0.0261117576644147,0.885714285714286
"103","dz","A","B",-0.0210577476701269,-0.00037990457587762,-4.26190174628235e-05,0.885714285714286
"104","ea","A","B",0.25161204154068,0.000565381649416064,0.00302219323684044,0.485714285714286
"105","eb","A","B",2.43632091221255,0.0134840298031193,0.0111442578859407,0.685714285714286
"106","ec","A","B",0,0,0,NA
"107","ed","A","B",-0.314595363488266,-0.000173841009626802,-0.000128791539188871,0.485714285714286
"108","ee","A","B",-0.433632375498035,-0.00211455715390822,-0.000801319734567624,0.685714285714286
"109","ef","A","B",1.93782787510215,1.10826466639971e-05,0.0154433808064363,0.877782280346235
"110","eg","A","B",0.513718927423927,0.00231385803888482,-0.00124507786589075,0.885714285714286
"111","eh","A","B",0.778932920531404,0.00301072570440251,0.00168961826694798,0.342857142857143
"112","ei","A","B",-0.425022131935389,-0.000862703314150429,7.32069129304432e-05,0.685714285714286
"113","ej","A","B",0.681832170168816,0.00096530373899098,0.000708300932795213,0.685714285714286
"114","ek","A","B",-2.34550814840502,-0.000750225082157409,-0.00856799404262857,0.342857142857143
"115","el","A","B",0,0,0,NA
"116","em","A","B",-0.35790112516495,-0.000116078399127486,-0.000167655354611003,1
"117","en","A","B",-0.309807160750349,-0.000349208285410425,-0.000391145662383367,0.685714285714286
"118","eo","A","B",-1.24683551749901,-0.00168264110265508,-0.000979998814275191,0.885714285714286
"119","ep","A","B",-0.136269307938582,-0.000281021438049403,-0.000255268419618055,0.485714285714286
"120","eq","A","B",-0.636288725453758,-0.000556310421959003,-0.000259114050546511,0.885714285714286
"121","er","A","B",0.524973174550668,0.000274366449866231,0.000482083251687668,0.342857142857143
"122","es","A","B",-0.105009907071035,-4.97835621133302e-05,-0.000730755131062449,0.685714285714286
"123","et","A","B",0.35913779788889,0.000434189114063606,0.000382982130756515,0.885714285714286
"124","eu","A","B",2.50014048814264,1.82307321207884e-05,-0.001236583492771,0.65725516871927
"125","ev","A","B",0,0,-0.00224023669548785,1
"126","ew","A","B",-0.108106886174623,-1.05347666613543e-05,-9.24614394193232e-05,0.885714285714286
"127","ex","A","B",0,0,0,NA
"128","ey","A","B",0.410476287328529,0.000116447082811815,-0.000497265342041973,1
"129","ez","A","B",0.304555937006953,6.1772842419158e-05,6.08737917395586e-05,0.685714285714286
"130","fa","A","B",-3.53800057702594,-0.000160207392278963,-4.10326678618253e-05,0.685714285714286
"131","fb","A","B",1.10667263870978,0.000257061973329909,0.000229450485383869,1
"132","fc","A","B",-0.473056714289152,-0.000229083246250756,-2.9937973804552e-05,0.685714285714286
"133","fd","A","B",-0.975267306999672,-0.000237011471931016,-0.000188638213727625,0.114285714285714
"134","fe","A","B",-Inf,-1.42586229022001e-06,-1.635637849866e-06,0.185876732365876
"135","ff","A","B",0,0,0,NA
"136","fg","A","B",1.69809599976026,4.39332314061263e-06,0.000109702716026886,0.65725516871927
"137","fh","A","B",-1.31485995930955,-0.000339724746542126,-1.31883124670909e-05,1
"138","fi","A","B",0.666193160572959,0.00013987361144108,0.000135437353779994,0.485714285714286
"139","fj","A","B",-0.460628499717351,-8.74733724118205e-05,-8.34743336945144e-05,0.885714285714286
"140","fk","A","B",-1.04212452863686,-0.000435120065618584,-0.000571407604217072,0.342857142857143
"141","fl","A","B",0.625072261675557,7.0374013543354e-06,-4.34246449397076e-06,1
"142","fm","A","B",0.306680494855939,6.86664868144576e-05,1.92485182739387e-05,0.885714285714286
"143","fn","A","B",0.128985890977591,5.72994677277937e-05,-5.65143627925873e-05,1
"144","fo","A","B",0.0756119184776019,6.35682973051683e-06,1.87346528426483e-05,0.685714285714286
"145","fp","A","B",0.517151292021825,7.59542443731356e-05,8.51776259617716e-05,0.342857142857143
"146","fq","A","B",0,0,0,NA
"147","fr","A","B",-0.165306665863984,-1.02137862518382e-05,1.83057348046985e-05,1
"148","fs","A","B",-0.803180306806322,-9.98329515943227e-05,-1.8494459586759e-05,0.485714285714286
"149","ft","A","B",2.81506256517279,3.44345617329126e-05,2.67312267600855e-05,0.300522311495472
"150","fu","A","B",-3.1398990350073,-2.4291952732718e-05,-6.62546957533448e-05,0.644552170515899
"151","fv","A","B",-Inf,-1.845413409512e-06,3.29514976318187e-06,0.868661062991067
"152","fw","A","B",-1.20329396986128,-7.01325534075494e-05,-2.85319139051983e-05,0.885714285714286
"153","fx","A","B",-0.866509891337045,-7.84332143390471e-05,-5.13798465851159e-05,0.685714285714286
"154","fy","A","B",-2.63184857898838,-0.000281109131613762,-0.000230433970856015,0.342857142857143
"155","fz","A","B",-Inf,-3.24430948117003e-06,-2.6086866839853e-05,0.185876732365876
"156","ga","A","B",-0.859727985029061,-3.5874614599639e-05,2.48582171956763e-05,1
"157","gb","A","B",0.115705971284309,0.0244893701987478,-0.00712461620531502,0.685714285714286
"158","gc","A","B",1.88369362225459,8.19973341910499e-06,1.10099413135424e-05,0.882420114075504
"159","gd","A","B",0,0,0,NA
"160","ge","A","B",0.934674405553319,6.20440804590389e-05,0.000942259195027057,0.485714285714286
"161","gf","A","B",3.6661784618983,0.000231172395338557,0.000360860437395246,0.485714285714286
"162","gg","A","B",0,0,0,NA
"163","gh","A","B",0,0,-9.78588483970721e-07,0.453254704753736
"164","gi","A","B",3.16367787514551,4.54058012833646e-05,-0.000322763311223341,0.882420114075504
"165","gj","A","B",0,0,1.55426240923108e-06,0.453254704753736
"166","gk","A","B",0.177717269987953,0.00755474214756586,0.00227866361449859,0.685714285714286
"167","gl","A","B",-0.316570866123023,-0.0207403058690302,-0.0168560452322345,0.685714285714286
"168","gm","A","B",0.309704165564493,0.0285881783010841,0.00464871197456944,0.685714285714286
"169","gn","A","B",0.181771444426122,0.0120348023875988,0.0101783433095302,0.685714285714286
"170","go","A","B",0.763816759796375,0.00120642088913248,-0.00103246356768013,0.885714285714286
"171","gp","A","B",-0.452064245218909,-0.00998736784927407,-0.00533839409589599,0.485714285714286
"172","gq","A","B",2.23374223522922,3.85266713431565e-05,4.41925093796498e-05,0.2
"173","gr","A","B",0.723032326819431,0.00532523117209996,0.00319957001975116,0.342857142857143
"174","gs","A","B",0.687949187793083,0.00155325085252758,0.00245229465272336,0.685714285714286
"175","gt","A","B",0.617720024833612,0.00100770453253556,0.00208809967235905,0.685714285714286
"176","gu","A","B",0,0,0,NA
"177","gv","A","B",0.182831190966406,3.42246703008568e-06,-8.94801794768089e-05,0.885714285714286
"178","gw","A","B",-2.96437074246577,-0.00186473539644687,-0.00259006116348359,0.342857142857143
"179","gx","A","B",0.681304304147978,0.000262806965377745,5.0437318427015e-06,0.685714285714286
"180","gy","A","B",0.48407776188174,0.000201079513972913,0.000535913314807748,0.885714285714286
"181","gz","A","B",-0.652669689807786,-0.000638246900042581,-0.000410843650367474,0.685714285714286
"182","ha","A","B",0,0,-1.95717696794144e-06,0.453254704753736
"183","hb","A","B",-Inf,-5.87153090382432e-06,-7.76102255700507e-05,0.619839118685419
"184","hc","A","B",0,0,-1.1800457633259e-06,1
"185","hd","A","B",2.04394161029775,0.000324408077183616,0.000171570888685854,0.38363032713199
"186","he","A","B",0.0604939707555227,8.88426673012475e-07,-1.08919674145739e-05,1
"187","hf","A","B",1.71669552731493,6.52140079448499e-06,0.000104419016323244,0.877782280346235
"188","hg","A","B",-0.520935766436998,-2.63054876830345e-05,-0.000183344609990293,1
"189","hh","A","B",0.985010771800947,8.06710031828977e-05,-7.12452847690986e-05,0.685714285714286
"190","hi","A","B",1.76534301222213,2.05336320578773e-05,-1.18640623321254e-05,0.771503409140308
"191","hj","A","B",1.23585427691171,8.13200601907479e-05,-4.97022705362524e-05,1
"192","hk","A","B",0.332525212785166,9.24014041807676e-06,-0.000121734864253944,0.882420114075504
"193","hl","A","B",-0.0817694054732589,-0.00488911344962541,-0.0291957856709854,0.685714285714286
"194","hm","A","B",-1.97006704376065,-0.0116847986197778,-0.00347369752516075,0.885714285714286
"195","hn","A","B",0.239417012323719,0.000271591742087835,-0.00127207575566588,0.885714285714286
"196","ho","A","B",0.0523103277200238,0.00183638838155182,0.0261117576644147,0.885714285714286
"197","hp","A","B",-0.0210577476701269,-0.00037990457587762,-4.26190174628235e-05,0.885714285714286
"198","hq","A","B",0.25161204154068,0.000565381649416064,0.00302219323684044,0.485714285714286
"199","hr","A","B",2.43632091221255,0.0134840298031193,0.0111442578859407,0.685714285714286
"200","hs","A","B",0,0,0,NA
"201","ht","A","B",-0.314595363488266,-0.000173841009626802,-0.000128791539188871,0.485714285714286
"202","hu","A","B",-0.487217250862023,-0.00156054539774735,-0.00196532628272602,0.485714285714286
"203","hv","A","B",-3.3250895307371,-0.000788828647453893,0.000472272278062835,0.885714285714286
"204","hw","A","B",1.93782787510215,1.10826466639971e-05,0.0154433808064363,0.877782280346235
"205","hx","A","B",0.513718927423927,0.00231385803888482,-0.00124507786589075,0.885714285714286
"206","hy","A","B",0.540355349106271,0.001064038113116,0.000409169944611382,0.885714285714286
"207","hz","A","B",-0.425022131935389,-0.000862703314150429,7.32069129304432e-05,0.685714285714286
"208","ia","A","B",0.681832170168816,0.00096530373899098,0.000708300932795213,0.685714285714286
"209","ib","A","B",-2.34550814840502,-0.000750225082157409,-0.00856799404262857,0.342857142857143
"210","ic","A","B",-0.0501488136841343,-8.25567943933394e-05,0.00149457264872089,1
"211","id","A","B",0,0,0,NA
"212","ie","A","B",-0.35790112516495,-0.000116078399127486,-0.000167655354611003,1
"213","if","A","B",-0.309807160750349,-0.000349208285410425,-0.000391145662383367,0.685714285714286
"214","ig","A","B",1.20874259355416,0.000966081439970292,0.000857312512487475,0.2
"215","ih","A","B",-1.24683551749901,-0.00168264110265508,-0.000979998814275191,0.885714285714286
"216","ii","A","B",0.488125049186082,0.000477153956672232,0.000233809919730488,0.885714285714286
"217","ij","A","B",-0.636288725453758,-0.000556310421959003,-0.000259114050546511,0.885714285714286
"218","ik","A","B",0.207646629999891,0.00017447017421948,0.000423135809849122,0.685714285714286
"219","il","A","B",0.148033668974476,8.91051533925037e-05,-4.02679930747627e-05,0.885714285714286
"220","im","A","B",0.524973174550668,0.000274366449866231,0.000482083251687668,0.342857142857143
"221","in","A","B",-0.124624916442501,-5.21524816515184e-05,-0.000329759816502668,0.485714285714286
"222","io","A","B",0.35913779788889,0.000434189114063606,0.000382982130756515,0.885714285714286
"223","ip","A","B",2.50014048814264,1.82307321207884e-05,-0.001236583492771,0.65725516871927
"224","iq","A","B",0,0,-0.00224023669548785,1
"225","ir","A","B",-0.108106886174623,-1.05347666613543e-05,-9.24614394193232e-05,0.885714285714286
"226","is","A","B",0,0,0,NA
"227","it","A","B",0.410476287328529,0.000116447082811815,-0.000497265342041973,1
"228","iu","A","B",0.350640990071958,6.96311457876831e-05,6.33733263324628e-05,0.685714285714286
"229","iv","A","B",-0.704407476610004,-0.00038140664420772,-0.00044881034627378,0.2
"230","iw","A","B",0,0,0,NA
"231","ix","A","B",1.10667263870978,0.000257061973329909,0.000229450485383869,1
"232","iy","A","B",-0.473056714289152,-0.000229083246250756,-2.9937973804552e-05,0.685714285714286
"233","iz","A","B",-0.975267306999672,-0.000237011471931016,-0.000188638213727625,0.114285714285714
"234","ja","A","B",-2.47570878201905,-0.000508783345169953,-0.000330566100562488,0.342857142857143
"235","jb","A","B",-Inf,-1.42586229022001e-06,-1.635637849866e-06,0.185876732365876
"236","jc","A","B",0,0,0,NA
"237","jd","A","B",1.69809599976026,4.39332314061263e-06,0.000109702716026886,0.65725516871927
"238","je","A","B",-1.31485995930955,-0.000339724746542126,-1.31883124670909e-05,1
"239","jf","A","B",0.666193160572959,0.00013987361144108,0.000135437353779994,0.485714285714286
"240","jg","A","B",-0.460628499717351,-8.74733724118205e-05,-8.34743336945144e-05,0.885714285714286
"241","jh","A","B",-1.8895304546516,-0.00020129716100936,-0.000319400948852645,0.2
"242","ji","A","B",0.625072261675557,7.0374013543354e-06,-4.34246449397076e-06,1
"243","jj","A","B",0.306680494855939,6.86664868144576e-05,1.92485182739387e-05,0.885714285714286
"244","jk","A","B",0.128985890977591,5.72994677277937e-05,-5.65143627925873e-05,1
"245","jl","A","B",0.0756119184776019,6.35682973051683e-06,1.87346528426483e-05,0.685714285714286
"246","jm","A","B",0.517151292021825,7.59542443731356e-05,8.51776259617716e-05,0.342857142857143
"247","jn","A","B",0,0,0,NA
"248","jo","A","B",0,0,0,NA
"249","jp","A","B",2.44395991504608,0.000158499618582056,2.53668400631484e-05,0.46782507728497
"250","jq","A","B",-0.0149599628760784,-1.05869952310179e-06,-0.000277373495427575,1
"251","jr","A","B",-0.87215253261334,-2.85463282040369e-05,-0.000478037035407703,0.885714285714286
"252","js","A","B",0,0,1.0138207732045e-06,1
"253","jt","A","B",-3.97309768021659,-0.000160680771416141,-4.20464886350298e-05,0.485714285714286
"254","ju","A","B",Inf,1.874625074985e-06,-2.49953459290429e-06,0.868661062991067
"255","jv","A","B",-0.165306665863984,-1.02137862518382e-05,1.83057348046985e-05,1
"256","jw","A","B",-0.803180306806322,-9.98329515943227e-05,-1.8494459586759e-05,0.485714285714286
"257","jx","A","B",2.81506256517279,3.44345617329126e-05,2.67312267600855e-05,0.300522311495472
"258","jy","A","B",3.71305960425883,5.89533963957962e-05,7.70417208479218e-05,0.300522311495472
"259","jz","A","B",-3.1398990350073,-2.4291952732718e-05,-6.62546957533448e-05,0.644552170515899
"260","ka","A","B",-Inf,-1.845413409512e-06,3.29514976318187e-06,0.868661062991067
"261","kb","A","B",-1.20329396986128,-7.01325534075494e-05,-2.85319139051983e-05,0.885714285714286
"262","kc","A","B",-0.866509891337045,-7.84332143390471e-05,-5.13798465851159e-05,0.685714285714286
"263","kd","A","B",-2.63184857898838,-0.000281109131613762,-0.000230433970856015,0.342857142857143
"264","ke","A","B",0,0,0,NA
"265","kf","A","B",-Inf,-3.24430948117003e-06,-2.6086866839853e-05,0.185876732365876
"266","kg","A","B",-0.859727985029061,-3.5874614599639e-05,2.48582171956763e-05,1
"267","kh","A","B",0.130397239088681,0.0274435664929067,-0.00410772012475569,0.685714285714286
"268","ki","A","B",1.88369362225459,8.19973341910499e-06,1.10099413135424e-05,0.882420114075504
"269","kj","A","B",-4.59105924868525,-0.00298008152771172,-0.00327569016334391,0.342857142857143
"270","kk","A","B",0,0,0.000418666082075512,1
"271","kl","A","B",0,0,0,NA
"272","km","A","B",0.934674405553319,6.20440804590389e-05,0.000942259195027057,0.485714285714286
"273","kn","A","B",3.6661784618983,0.000231172395338557,0.000360860437395246,0.485714285714286
"274","ko","A","B",Inf,5.51337698970398e-05,2.6490481893207e-05,0.300522311495472
"275","kp","A","B",0,0,-9.78588483970721e-07,0.453254704753736
"276","kq","A","B",-1.2109562435889,-8.00282119327873e-05,-0.000186362481184069,0.2
"277","kr","A","B",-Inf,-5.70344916088004e-06,-0.000348317936445464,0.619839118685419
"278","ks","A","B",Inf,1.874625074985e-06,2.55546252221223e-05,0.185876732365876
"279","kt","A","B",0,0,1.55426240923108e-06,0.453254704753736
"280","ku","A","B",0.175878382572331,0.00746897652991931,0.00244327509593087,0.685714285714286
"281","kv","A","B",-0.316570866123023,-0.0207403058690302,-0.0168560452322345,0.685714285714286
"282","kw","A","B",0.343308973214674,0.0259790949018021,0.00890079031296614,0.685714285714286
"283","kx","A","B",0.440834724578111,0.0119636642776632,0.00870025925008305,0.2
"284","ky","A","B",0.414223048675599,0.00325910850016421,0.00135026280728015,1
"285","kz","A","B",0.0821227102424294,1.15380853282488e-05,-0.00156760570268745,0.885714285714286
"286","la","A","B",-0.120878462619922,-0.0014330943313167,-0.00146450139540022,1
"287","lb","A","B",0.165686711780085,0.00213839314189831,-0.000251798189344801,1
"288","lc","A","B",2.23374223522922,3.85266713431565e-05,4.41925093796498e-05,0.2
"289","ld","A","B",0.723032326819431,0.00532523117209996,0.00319957001975116,0.342857142857143
"290","le","A","B",-0.176748215739157,-0.00243876566309431,-0.00425207833839671,0.685714285714286
"291","lf","A","B",-0.287050901338833,-0.00347397874219134,-0.00344770418199389,0.885714285714286
"292","lg","A","B",0.692271810614262,0.00147555803647342,0.00229129191130126,0.685714285714286
"293","lh","A","B",0.617720024833612,0.00100770453253556,0.00208809967235905,0.685714285714286
"294","li","A","B",0.786087248397102,0.00218197966966205,0.00317751549737582,0.685714285714286
"295","lj","A","B",0,0,0,NA
"296","lk","A","B",0.176580226187265,0.000353393086419575,0.000350198185540281,0.885714285714286
"297","ll","A","B",1.64468250595389,0.00106796440319607,-0.0032280910840648,0.485714285714286
"298","lm","A","B",0.182831190966406,3.42246703008568e-06,-8.94801794768089e-05,0.885714285714286
"299","ln","A","B",-1.39170315935222,-0.000246224955038037,-0.00128640896641423,1
"300","lo","A","B",0,0,0,NA
"301","lp","A","B",0.681304304147978,0.000262806965377745,5.0437318427015e-06,0.685714285714286
"302","lq","A","B",0.48407776188174,0.000201079513972913,0.000535913314807748,0.885714285714286
"303","lr","A","B",-0.631781141146468,-5.6522822261788e-06,-3.3650125660353e-05,0.685714285714286
"304","ls","A","B",-0.652669689807786,-0.000638246900042581,-0.000410843650367474,0.685714285714286
"305","lt","A","B",-Inf,-1.42586229022001e-06,-1.635637849866e-06,0.185876732365876
"306","lu","A","B",2.8508684120399,8.86080016242822e-06,8.55559047985638e-05,0.191266986878869
"307","lv","A","B",0.512653638154149,6.69340472552932e-05,0.000161002741422092,1
"308","lw","A","B",0.0658894915810686,3.9941871688315e-05,0.00103003304754206,0.885714285714286
"309","lx","A","B",0,0,-1.95717696794144e-06,0.453254704753736
"310","ly","A","B",-Inf,-5.87153090382432e-06,-7.76102255700507e-05,0.619839118685419
"311","lz","A","B",-1.22411712042356,-0.000328863945640866,-0.000139594853843055,0.885714285714286
"312","ma","A","B",-0.752007918660367,-4.93731610455395e-05,-0.000829909188909161,0.342857142857143
"313","mb","A","B",0,0,-1.1800457633259e-06,1
"314","mc","A","B",0.677973741461557,6.54142546735007e-05,-0.000355296058691678,0.885714285714286
"315","md","A","B",0.495791900247815,9.71156169945113e-06,-0.000473743008160193,1
"316","me","A","B",2.04394161029775,0.000324408077183616,0.000171570888685854,0.38363032713199
"317","mf","A","B",-0.136193566053286,-5.94444756753147e-06,-0.000426188518501884,0.65725516871927
"318","mg","A","B",0.0604939707555227,8.88426673012475e-07,-1.08919674145739e-05,1
"319","mh","A","B",1.71669552731493,6.52140079448499e-06,0.000104419016323244,0.877782280346235
"320","mi","A","B",-0.520935766436998,-2.63054876830345e-05,-0.000183344609990293,1
"321","mj","A","B",0.985010771800947,8.06710031828977e-05,-7.12452847690986e-05,0.685714285714286
"322","mk","A","B",1.76534301222213,2.05336320578773e-05,-1.18640623321254e-05,0.771503409140308
"323","ml","A","B",1.23585427691171,8.13200601907479e-05,-4.97022705362524e-05,1
"324","mm","A","B",-0.665330164427782,-4.19603526011007e-05,2.97267013721769e-05,1
"325","mn","A","B",-0.0150119104581669,-2.58812333663687e-07,3.80971980871269e-06,1
"326","mo","A","B",1.84633191515472,3.83232971451478e-05,-0.000168421201240992,0.65725516871927
"327","mp","A","B",0.172106745929478,0.035473872644705,0.00555444312386477,0.342857142857143
"328","mq","A","B",1.88369362225459,8.19973341910499e-06,1.10099413135424e-05,0.882420114075504
"329","mr","A","B",-3.09698416143127,-0.0159325131350182,-0.0096621632486205,0.342857142857143
"330","ms","A","B",-4.54910574382679,-0.00284895960347033,-0.0046636950053274,0.485714285714286
"331","mt","A","B",0,0,0.000418666082075512,1
"332","mu","A","B",0,0,0,NA
"333","mv","A","B",2.15503555708568,4.92463781833406e-06,0.0013880048419835,0.459597386183942
"334","mw","A","B",0.934674405553319,6.20440804590389e-05,0.000942259195027057,0.485714285714286
"335","mx","A","B",3.6661784618983,0.000231172395338557,0.000360860437395246,0.485714285714286
"336","my","A","B",0,0,0,NA
"337","mz","A","B",Inf,1.55426240923108e-06,2.72250473947432e-05,0.185876732365876
"338","na","A","B",0,0,-9.78588483970721e-07,0.453254704753736
"339","nb","A","B",-1.2109562435889,-8.00282119327873e-05,-0.000186362481184069,0.2
"340","nc","A","B",-Inf,-5.70344916088004e-06,-0.000348317936445464,0.619839118685419
"341","nd","A","B",Inf,1.874625074985e-06,2.55546252221223e-05,0.185876732365876
"342","ne","A","B",Inf,4.11256259176953e-06,-7.3456550153622e-07,0.538472380986992
"343","nf","A","B",0,0,1.55426240923108e-06,0.453254704753736
"344","ab","A","C",-0.265531820822945,-0.0525871256667182,-0.0340924507820969,0.685714285714286
"345","ac","A","C",0.425027552713001,0.0811952486679275,0.0150997536749338,0.685714285714286
"346","ad","A","C",0.0461489330214537,0.0133567237744623,0.0189926971071631,1
"347","ae","A","C",0.938809902657201,2.14709669857009e-05,-9.77501808061604e-05,0.882420114075504
"348","af","A","C",-0.187211286613133,-0.0272212499642102,-0.0289315907981247,0.685714285714286
"349","ag","A","C",-0.111842238912855,-0.00740246693041514,-0.0023915829748947,1
"350","ah","A","C",-1.3914955754667,-0.00115828829903892,-0.00267152682827137,0.342857142857143
"351","ai","A","C",0.425027552713001,0.0811952486679275,0.0150997536749338,0.685714285714286
"352","aj","A","C",0.154946114944753,0.0275380658874033,0.0411792097128377,0.485714285714286
"353","ak","A","C",0.0687044331116172,0.00507701180035522,-0.0020041878887207,1
"354","al","A","C",-0.200110641168391,-0.00662622772961231,-0.0109391340756887,0.485714285714286
"355","am","A","C",-0.830740714247551,-0.00318990516484248,-0.00932408008789335,0.342857142857143
"356","an","A","C",-0.28228992459402,-1.30729493681758e-05,7.48029751275787e-06,1
"357","ao","A","C",0.761804430250903,6.6887798669481e-05,7.34091491153234e-05,0.685714285714286
"358","ap","A","C",0.938809902657201,2.14709669857009e-05,-9.77501808061604e-05,0.882420114075504
"359","aq","A","C",-0.294101611986811,-0.0395262022382548,-0.0401730621478766,0.685714285714286
"360","ar","A","C",-0.31633267842839,-0.0165324791338641,-0.0139927742946399,0.485714285714286
"361","as","A","C",1.57344365974514,0.011003163809004,0.0124598287947938,0.685714285714286
"362","at","A","C",-2.92516545005847,-0.00121208067069841,-0.00156333630104253,0.0571428571428571
"363","au","A","C",-1.3914955754667,-0.00115828829903892,-0.00267152682827137,0.342857142857143
"364","av","A","C",-0.350929725568098,-0.000516091868467051,0.0142505527452776,0.885714285714286
"365","aw","A","C",-0.221725603125669,-0.000555312050674683,-0.000574830423540205,0.885714285714286
"366","ax","A","C",-4.46465895983033,-0.000370968615025919,-0.000224165475715425,1
"367","ay","A","C",-0.864482801506332,-0.000823625441408159,-0.000657097816111575,0.2
"368","az","A","C",0.628766017763075,0.000696040893965749,0.000505752732808709,0.685714285714286
"369","ba","A","C",-1.04085959349787,-0.000507491819632497,-0.000702465871923065,0.485714285714286
"370","bb","A","C",-0.62603785970589,-6.76413264079003e-05,-0.000135684141931393,0.685714285714286
"371","bc","A","C",-5.57952371080027,-0.00014553922438838,-0.000205726855644874,0.644552170515899
"372","bd","A","C",-2.7936655752357,-0.0003194715885404,-0.000310164717474073,0.485714285714286
"373","be","A","C",0.423996574447712,0.0809550711038551,0.0147080928492295,0.685714285714286
"374","bf","A","C",3.42850351166546,0.000252045950649493,0.000391660825704309,0.245383458473363
"375","bg","A","C",0.154946114944753,0.0275380658874033,0.0411792097128377,0.485714285714286
"376","bh","A","C",0.0564364409956207,0.00397487671595891,0.0017423667378471,0.685714285714286
"377","bi","A","C",-0.456083394502828,-0.00136433325511536,-0.00385013161852142,0.485714285714286
"378","bj","A","C",-0.200110641168391,-0.00662622772961231,-0.0109391340756887,0.485714285714286
"379","bk","A","C",-0.831288129577164,-0.00319145942725171,-0.00932485721909796,0.342857142857143
"380","bl","A","C",0,0,7.77131204615538e-07,0.453254704753736
"381","bm","A","C",1.26408652813339,5.47050359361233e-06,0.00010357699195362,0.877782280346235
"382","bn","A","C",-0.28228992459402,-1.30729493681758e-05,7.48029751275787e-06,1
"383","bo","A","C",0.761804430250903,6.6887798669481e-05,7.34091491153234e-05,0.685714285714286
"384","bp","A","C",0.938809902657201,2.14709669857009e-05,-9.77501808061604e-05,0.882420114075504
"385","bq","A","C",-0.251541656298325,-0.015969609455655,-0.0361981899797001,0.485714285714286
"386","br","A","C",-0.635630420348665,-0.00610734400037816,0.00476513207601747,0.685714285714286
"387","bs","A","C",-0.702689061055393,-0.0323623217083355,-0.00692169766859382,0.342857142857143
"388","bt","A","C",-0.225342821837715,-0.00571263013789818,-0.00937831257141493,0.114285714285714
"389","bu","A","C",2.87666404253446,0.0142878305350978,0.0141028493390889,0.485714285714286
"390","bv","A","C",-2.92516545005847,-0.00121208067069841,-0.00156333630104253,0.0571428571428571
"391","bw","A","C",-1.3914955754667,-0.00115828829903892,-0.00267152682827137,0.342857142857143
"392","bx","A","C",-0.142926919192763,-0.00240749223979419,0.000861850764297158,1
"393","by","A","C",Inf,1.499700059988e-05,0.0154904447144562,0.408351969325938
"394","bz","A","C",-0.221725603125669,-0.000555312050674683,-0.000574830423540205,0.885714285714286
"395","ca","A","C",0,0,5.62387522495501e-06,0.453254704753736
"396","cb","A","C",-1.42831974473487,-0.000697282684816521,-0.00181830657560016,1
"397","cc","A","C",-0.843019610176007,-0.00594963530184398,-0.00546782277777187,0.0571428571428571
"398","cd","A","C",-0.864482801506332,-0.000823625441408159,-0.000657097816111575,0.2
"399","ce","A","C",0.628766017763075,0.000696040893965749,0.000505752732808709,0.685714285714286
"400","cf","A","C",-3.46431965568286,-0.000373756941093732,-0.000630416890327093,0.685714285714286
"401","cg","A","C",0,0,0,NA
"402","ch","A","C",-1.04085959349787,-0.000507491819632497,-0.000702465871923065,0.485714285714286
"403","ci","A","C",-0.928184824187679,-0.000533014305879107,-0.000609475078851454,0.885714285714286
"404","cj","A","C",-5.93514886233114,-0.000382216365475829,-0.00022978935094038,1
"405","ck","A","C",-0.387410021977815,-7.03395121986299e-05,0.00021142846178341,0.685714285714286
"406","cl","A","C",-2.45730853908918,-8.99040006794895e-05,-0.00164302054429505,0.300522311495472
"407","cm","A","C",-0.62603785970589,-6.76413264079003e-05,-0.000135684141931393,0.685714285714286
"408","cn","A","C",0,0,0,NA
"409","co","A","C",-2.00410574545309,-0.000253349857745816,-0.000234060502880252,0.2
"410","cp","A","C",0.771743263547488,1.66288041518e-05,1.41423313465728e-05,0.561363210234124
"411","cq","A","C",-5.57952371080027,-0.00014553922438838,-0.000205726855644874,0.644552170515899
"412","cr","A","C",-2.7936655752357,-0.0003194715885404,-0.000310164717474073,0.485714285714286
"413","cs","A","C",0.427931432818567,0.0815728841448085,0.0140728691039143,0.685714285714286
"414","ct","A","C",Inf,1.124775044991e-05,7.68298447827362e-06,0.619839118685419
"415","cu","A","C",-1.02112325003239,-0.000133953435440346,0.000635223745315248,1
"416","cv","A","C",4.13735996649497,0.000236679981692946,0.000387880463007348,0.183150203156622
"417","cw","A","C",0,0,0,NA
"418","cx","A","C",0,0,-3.90262178131269e-06,0.453254704753736
"419","cy","A","C",0.361862148595281,0.0144603862688437,0.00501689554223409,1
"420","cz","A","C",0.0910270449827943,0.00521121226294936,0.00163514952688211,0.885714285714286
"421","da","A","C",0.63453689344588,0.0526581338517585,0.0346964195659355,0.342857142857143
"422","db","A","C",0.106477912776984,0.00723297532189626,0.00440070803760567,0.485714285714286
"423","dc","A","C",-0.14483308092202,-0.000309930806149301,-0.00229356364740401,0.685714285714286
"424","dd","A","C",-0.466286342754065,-0.0128459166027321,-0.00985242174974343,0.342857142857143
"425","de","A","C",-1.93677718003814,-0.000138396469709561,-0.000201887329550741,1
"426","df","A","C",0.738438115158605,0.0054298717603256,-0.000889333857437096,0.885714285714286
"427","dg","A","C",-0.831288129577164,-0.00319145942725171,-0.00932485721909796,0.342857142857143
"428","dh","A","C",0,0,0,NA
"429","di","A","C",-2.67472083576716,-0.00147569509883678,-0.0017293185299232,0.114285714285714
"430","dj","A","C",-1.14336128888091,-0.000852827973467836,-0.00204639171424758,0.342857142857143
"431","dk","A","C",0.0341288714164618,2.60829463465007e-05,-0.000410062255960246,0.885714285714286
"432","dl","A","C",0,0,0,NA
"433","dm","A","C",0,0,7.77131204615538e-07,0.453254704753736
"434","dn","A","C",2.85210663160503,0.000368950066464419,0.000328358900797037,0.245383458473363
"435","do","A","C",0.2258636733869,3.13528396109328e-06,-0.00015560834199125,1
"436","dp","A","C",1.26408652813339,5.47050359361233e-06,0.00010357699195362,0.877782280346235
"437","dq","A","C",-0.28228992459402,-1.30729493681758e-05,7.48029751275787e-06,1
"438","dr","A","C",0.761804430250903,6.6887798669481e-05,7.34091491153234e-05,0.685714285714286
"439","ds","A","C",-1.30687166233625,-4.28813257898305e-05,-0.000169254922213952,0.771503409140308
"440","dt","A","C",-1.60542754837556,-0.000288708432112796,-0.000197378468508141,0.685714285714286
"441","du","A","C",0.938809902657201,2.14709669857009e-05,-9.77501808061604e-05,0.882420114075504
"442","dv","A","C",-0.251541656298325,-0.015969609455655,-0.0361981899797001,0.485714285714286
"443","dw","A","C",-0.613336645579849,-0.00216791817705143,0.00330990003858167,0.342857142857143
"444","dx","A","C",-0.335867786609827,-0.000465587137723874,-0.00225735027485272,0.485714285714286
"445","dy","A","C",-0.702689061055393,-0.0323623217083355,-0.00692169766859382,0.342857142857143
"446","dz","A","C",-0.382026085204256,-0.00783341305262809,-0.00854746027942149,0.0571428571428571
"447","ea","A","C",-0.528553699766101,-0.00156315457243728,0.00371258231228852,0.885714285714286
"448","eb","A","C",2.87666404253446,0.0142878305350978,0.0141028493390889,0.485714285714286
"449","ec","A","C",0,0,0,NA
"450","ed","A","C",-1.3914955754667,-0.00115828829903892,-0.00267152682827137,0.342857142857143
"451","ee","A","C",-0.688936049112183,-0.00369138017354687,0.000903231780130225,0.685714285714286
"452","ef","A","C",Inf,1.499700059988e-05,0.0154904447144562,0.408351969325938
"453","eg","A","C",-0.317153104019193,-0.00189898245241267,-0.00199338270163724,0.485714285714286
"454","eh","A","C",0.241794782416674,0.00111355408625431,0.00194615416265338,0.342857142857143
"455","ei","A","C",-1.09661033980817,-0.00286696364418062,-0.00147739707743804,0.685714285714286
"456","ej","A","C",0.898500414897556,0.00118810503029686,0.00110015661051861,0.485714285714286
"457","ek","A","C",-2.92516545005847,-0.00121208067069841,-0.00156333630104253,0.0571428571428571
"458","el","A","C",0,0,0,NA
"459","em","A","C",-1.42831974473487,-0.000697282684816521,-0.00181830657560016,1
"460","en","A","C",-0.413476357609918,-0.000483836630270688,-0.000677385199111681,0.342857142857143
"461","eo","A","C",0.7065451445714,0.000474469152645168,0.001294443766958,0.485714285714286
"462","ep","A","C",-0.585074024001975,-0.00141877865706257,-0.00195317628682338,0.485714285714286
"463","eq","A","C",-0.864482801506332,-0.000823625441408159,-0.000657097816111575,0.2
"464","er","A","C",-0.417889830399275,-0.00030220002620206,-0.000174125500958926,0.485714285714286
"465","es","A","C",-1.00416767912089,-0.000663184518972518,-0.000779468740442261,0.0285714285714286
"466","et","A","C",0.628766017763075,0.000696040893965749,0.000505752732808709,0.685714285714286
"467","eu","A","C",2.63507995082817,1.85802524274568e-05,0.000150390340755636,0.459597386183942
"468","ev","A","C",0,0,5.62387522495501e-06,0.453254704753736
"469","ew","A","C",-2.57558702342201,-0.000671666714078289,-0.000746136954963855,0.342857142857143
"470","ex","A","C",0,0,0,NA
"471","ey","A","C",-0.230878176716895,-8.16124358046551e-05,-0.000186598391531483,0.885714285714286
"472","ez","A","C",-1.48962937888628,-0.000586918793168777,-0.000955063698217221,0.685714285714286
"473","fa","A","C",-3.4245094742158,-0.000146945773355467,-5.68708906492252e-05,0.885714285714286
"474","fb","A","C",-1.04085959349787,-0.000507491819632497,-0.000702465871923065,0.485714285714286
"475","fc","A","C",-0.928184824187679,-0.000533014305879107,-0.000609475078851454,0.885714285714286
"476","fd","A","C",-1.45285677790824,-0.000426298275182452,-0.000406695895901782,0.114285714285714
"477","fe","A","C",0,0,0,NA
"478","ff","A","C",0,0,0,NA
"479","fg","A","C",-5.93514886233114,-0.000382216365475829,-0.00022978935094038,1
"480","fh","A","C",-0.387410021977815,-7.03395121986299e-05,0.00021142846178341,0.685714285714286
"481","fi","A","C",-0.0650904084696301,-1.74544784297291e-05,-5.46046940801384e-05,0.885714285714286
"482","fj","A","C",-0.431232844769743,-8.10186199035546e-05,-0.000148485287420903,0.342857142857143
"483","fk","A","C",-0.808842025252413,-0.000308825027864045,-0.000341327940359649,0.0285714285714286
"484","fl","A","C",-2.45730853908918,-8.99040006794895e-05,-0.00164302054429505,0.300522311495472
"485","fm","A","C",-0.695829658351897,-0.000222248269877882,-0.000301430362471718,0.0571428571428571
"486","fn","A","C",-1.22223569174447,-0.000893117831829179,-0.000890477098910205,0.2
"487","fo","A","C",-0.62603785970589,-6.76413264079003e-05,-0.000135684141931393,0.685714285714286
"488","fp","A","C",0.591222274214072,8.47712213635975e-05,9.27318483919247e-06,1
"489","fq","A","C",0,0,0,NA
"490","fr","A","C",-2.00410574545309,-0.000253349857745816,-0.000234060502880252,0.2
"491","fs","A","C",-0.411407146899682,-4.42223030243434e-05,-0.000197194104206122,0.685714285714286
"492","ft","A","C",0.771743263547488,1.66288041518e-05,1.41423313465728e-05,0.561363210234124
"493","fu","A","C",-5.57952371080027,-0.00014553922438838,-0.000205726855644874,0.644552170515899
"494","fv","A","C",-Inf,-3.90262178131269e-06,-4.72957899405897e-05,0.619839118685419
"495","fw","A","C",-2.7936655752357,-0.0003194715885404,-0.000310164717474073,0.485714285714286
"496","fx","A","C",0.0165296532627702,1.08535937562969e-06,1.69404342830672e-05,0.885714285714286
"497","fy","A","C",0.246842952002227,8.50441550319413e-06,5.84752315079073e-06,1
"498","fz","A","C",0,0,-0.000723936340433503,0.453254704753736
"499","ga","A","C",-0.520397808069083,-1.91263509556079e-05,4.25435328735649e-05,0.685714285714286
"500","gb","A","C",0.446389533890916,0.0845624696318912,0.0155114618300446,0.685714285714286
"501","gc","A","C",Inf,1.124775044991e-05,7.68298447827362e-06,0.619839118685419
"502","gd","A","C",0,0,0,NA
"503","ge","A","C",-1.02112325003239,-0.000133953435440346,0.000635223745315248,1
"504","gf","A","C",4.13735996649497,0.000236679981692946,0.000387880463007348,0.183150203156622
"505","gg","A","C",0,0,0,NA
"506","gh","A","C",0,0,-3.90262178131269e-06,0.453254704753736
"507","gi","A","C",-2.26621104753594,-0.000194755921778455,-0.000750133578132642,0.882420114075504
"508","gj","A","C",-Inf,-2.21862312249018e-06,-0.000688459147997721,0.619839118685419
"509","gk","A","C",0.361862148595281,0.0144603862688437,0.00501689554223409,1
"510","gl","A","C",0.0792294394125378,0.00451690067286936,0.000987800041865064,0.885714285714286
"511","gm","A","C",0.63453689344588,0.0526581338517585,0.0346964195659355,0.342857142857143
"512","gn","A","C",0.106477912776984,0.00723297532189626,0.00439694838591646,0.485714285714286
"513","go","A","C",-0.14483308092202,-0.000309930806149301,-0.00229356364740401,0.685714285714286
"514","gp","A","C",-0.312544901722965,-0.00656503742111123,-0.00176107738497009,1
"515","gq","A","C",-1.93677718003814,-0.000138396469709561,-0.000201887329550741,1
"516","gr","A","C",0.781089174847624,0.00564805255246138,-0.000755750667266592,0.885714285714286
"517","gs","A","C",-0.831288129577164,-0.00319145942725171,-0.00932485721909796,0.342857142857143
"518","gt","A","C",-1.34489791234389,-0.00445589517097251,-0.00809134436477334,0.485714285714286
"519","gu","A","C",0,0,0,NA
"520","gv","A","C",-1.99433194468992,-8.58097299414704e-05,-0.000133583190170502,0.245383458473363
"521","gw","A","C",-2.67472083576716,-0.00147569509883678,-0.0017293185299232,0.114285714285714
"522","gx","A","C",7.48308226022036,0.000694311590079997,0.00064734948501705,0.110210182673421
"523","gy","A","C",-1.14336128888091,-0.000852827973467836,-0.00204639171424758,0.342857142857143
"524","gz","A","C",0.0341288714164618,2.60829463465007e-05,-0.000410062255960246,0.885714285714286
"525","ha","A","C",0,0,0,NA
"526","hb","A","C",0,0,3.75965168920123e-06,1
"527","hc","A","C",0,0,7.77131204615538e-07,0.453254704753736
"528","hd","A","C",2.85210663160503,0.000368950066464419,0.000328358900797037,0.245383458473363
"529","he","A","C",0.2258636733869,3.13528396109328e-06,-0.00015560834199125,1
"530","hf","A","C",1.26408652813339,5.47050359361233e-06,0.00010357699195362,0.877782280346235
"531","hg","A","C",-0.28228992459402,-1.30729493681758e-05,7.48029751275787e-06,1
"532","hh","A","C",0.761804430250903,6.6887798669481e-05,7.34091491153234e-05,0.685714285714286
"533","hi","A","C",-1.30687166233625,-4.28813257898305e-05,-0.000169254922213952,0.771503409140308
"534","hj","A","C",-1.60542754837556,-0.000288708432112796,-0.000197378468508141,0.685714285714286
"535","hk","A","C",0.938809902657201,2.14709669857009e-05,-9.77501808061604e-05,0.882420114075504
"536","hl","A","C",-0.251541656298325,-0.015969609455655,-0.0361981899797001,0.485714285714286
"537","hm","A","C",-0.554445716287173,-0.00187656043050928,0.00237007103815357,0.685714285714286
"538","hn","A","C",-0.335867786609827,-0.000465587137723874,-0.00225735027485272,0.485714285714286
"539","ho","A","C",-0.702689061055393,-0.0323623217083355,-0.00692169766859382,0.342857142857143
"540","hp","A","C",-0.382026085204256,-0.00783341305262809,-0.00854746027942149,0.0571428571428571
"541","hq","A","C",-0.528553699766101,-0.00156315457243728,0.00371258231228852,0.885714285714286
"542","hr","A","C",2.87666404253446,0.0142878305350978,0.0141028493390889,0.485714285714286
"543","hs","A","C",0,0,0,NA
"544","ht","A","C",-1.3914955754667,-0.00115828829903892,-0.00267152682827137,0.342857142857143
"545","hu","A","C",-0.625479374765092,-0.00210819822990821,-0.000312537756399354,0.685714285714286
"546","hv","A","C",-2.94806991492264,-0.000587311522099199,0.000939829000428101,0.685714285714286
"547","hw","A","C",Inf,1.499700059988e-05,0.0154904447144562,0.408351969325938
"548","hx","A","C",-0.317153104019193,-0.00189898245241267,-0.00199338270163724,0.485714285714286
"549","hy","A","C",0.105238891675209,0.000239610728685678,0.00102678044088083,0.885714285714286
"550","hz","A","C",-1.09661033980817,-0.00286696364418062,-0.00147739707743804,0.685714285714286
"551","ia","A","C",0.898500414897556,0.00118810503029686,0.00110015661051861,0.485714285714286
"552","ib","A","C",-2.92516545005847,-0.00121208067069841,-0.00156333630104253,0.0571428571428571
"553","ic","A","C",0.326084179460052,0.000472166716910691,0.00148677242358927,0.885714285714286
"554","id","A","C",0,0,0,NA
"555","ie","A","C",-1.42831974473487,-0.000697282684816521,-0.00181830657560016,1
"556","if","A","C",-0.413476357609918,-0.000483836630270688,-0.000677385199111681,0.342857142857143
"557","ig","A","C",0.480887964705903,0.000482676832861003,0.000505133334684844,0.342857142857143
"558","ih","A","C",0.7065451445714,0.000474469152645168,0.001294443766958,0.485714285714286
"559","ii","A","C",-0.374813400762426,-0.000493149836222132,-0.000465790042787172,0.485714285714286
"560","ij","A","C",-0.864482801506332,-0.000823625441408159,-0.000657097816111575,0.2
"561","ik","A","C",0.286122922198496,0.000234139033362669,0.000414240387087715,0.885714285714286
"562","il","A","C",-0.494116222581995,-0.000373211238864677,-0.00079646398656516,0.885714285714286
"563","im","A","C",-0.417889830399275,-0.00030220002620206,-0.000174125500958926,0.485714285714286
"564","in","A","C",-0.66046880000233,-0.000335603010807214,-0.000385153026945978,0.342857142857143
"565","io","A","C",0.628766017763075,0.000696040893965749,0.000505752732808709,0.685714285714286
"566","ip","A","C",2.63507995082817,1.85802524274568e-05,0.000150390340755636,0.459597386183942
"567","iq","A","C",0,0,5.62387522495501e-06,0.453254704753736
"568","ir","A","C",-2.57558702342201,-0.000671666714078289,-0.000746136954963855,0.342857142857143
"569","is","A","C",0,0,0,NA
"570","it","A","C",-0.230878176716895,-8.16124358046551e-05,-0.000186598391531483,0.885714285714286
"571","iu","A","C",0.475699102865517,9.06457123692851e-05,5.29619818536969e-05,0.685714285714286
"572","iv","A","C",-0.678976768670379,-0.000364155449505549,-0.000690922257471047,0.485714285714286
"573","iw","A","C",0,0,0,NA
"574","ix","A","C",-1.04085959349787,-0.000507491819632497,-0.000702465871923065,0.485714285714286
"575","iy","A","C",-0.928184824187679,-0.000533014305879107,-0.000609475078851454,0.885714285714286
"576","iz","A","C",-1.45285677790824,-0.000426298275182452,-0.000406695895901782,0.114285714285714
"577","ja","A","C",-2.3893139240777,-0.000472727458112639,-0.000271002887059688,0.685714285714286
"578","jb","A","C",0,0,0,NA
"579","jc","A","C",0,0,0,NA
"580","jd","A","C",-5.93514886233114,-0.000382216365475829,-0.00022978935094038,1
"581","je","A","C",-0.387410021977815,-7.03395121986299e-05,0.00021142846178341,0.685714285714286
"582","jf","A","C",-0.0650904084696301,-1.74544784297291e-05,-5.46046940801384e-05,0.885714285714286
"583","jg","A","C",-0.431232844769743,-8.10186199035546e-05,-0.000148485287420903,0.342857142857143
"584","jh","A","C",-2.10379656271856,-0.000245442060895739,-0.000206686771941603,0.561363210234124
"585","ji","A","C",-2.45730853908918,-8.99040006794895e-05,-0.00164302054429505,0.300522311495472
"586","jj","A","C",-0.695829658351897,-0.000222248269877882,-0.000301430362471718,0.0571428571428571
"587","jk","A","C",-1.22223569174447,-0.000893117831829179,-0.000890477098910205,0.2
"588","jl","A","C",-0.62603785970589,-6.76413264079003e-05,-0.000135684141931393,0.685714285714286
"589","jm","A","C",0.591222274214072,8.47712213635975e-05,9.27318483919247e-06,1
"590","jn","A","C",0,0,0,NA
"591","jo","A","C",0,0,0,NA
"592","jp","A","C",-0.496376304284114,-7.97459812311323e-05,-8.70621673478418e-05,1
"593","jq","A","C",-0.180097313704293,-1.35047048011297e-05,-4.75790010702038e-05,0.885714285714286
"594","jr","A","C",-1.49460823233872,-6.24930156070748e-05,-4.43435818685265e-05,0.485714285714286
"595","js","A","C",-Inf,-1.15473441108545e-05,-1.09353135384434e-05,0.408351969325938
"596","jt","A","C",-3.78364737606635,-0.000139562635200814,-4.59355771107818e-05,0.771503409140308
"597","ju","A","C",Inf,1.874625074985e-06,-0.00100802568007092,0.868661062991067
"598","jv","A","C",-2.00410574545309,-0.000253349857745816,-0.000234060502880252,0.2
"599","jw","A","C",-0.411407146899682,-4.42223030243434e-05,-0.000197194104206122,0.685714285714286
"600","jx","A","C",0.771743263547488,1.66288041518e-05,1.41423313465728e-05,0.561363210234124
"601","jy","A","C",-3.16249748017177,-0.000507609372363829,-0.000349972131627756,0.2
"602","jz","A","C",-5.57952371080027,-0.00014553922438838,-0.000205726855644874,0.644552170515899
"603","ka","A","C",-Inf,-3.90262178131269e-06,-4.72957899405897e-05,0.619839118685419
"604","kb","A","C",-2.7936655752357,-0.0003194715885404,-0.000310164717474073,0.485714285714286
"605","kc","A","C",0.0165296532627702,1.08535937562969e-06,1.69404342830672e-05,0.885714285714286
"606","kd","A","C",0.246842952002227,8.50441550319413e-06,5.84752315079073e-06,1
"607","ke","A","C",0,0,0,NA
"608","kf","A","C",0,0,-0.000723936340433503,0.453254704753736
"609","kg","A","C",-0.520397808069083,-1.91263509556079e-05,4.25435328735649e-05,0.685714285714286
"610","kh","A","C",0.576388567198879,0.104591371844963,0.0436445754197111,0.685714285714286
"611","ki","A","C",Inf,1.124775044991e-05,7.68298447827362e-06,0.619839118685419
"612","kj","A","C",-7.28748193766757,-0.0200238312836374,-0.0271816144035229,0.114285714285714
"613","kk","A","C",0,0,0.000224732511463492,1
"614","kl","A","C",0,0,0,NA
"615","km","A","C",-1.02112325003239,-0.000133953435440346,0.000635223745315248,1
"616","kn","A","C",4.13735996649497,0.000236679981692946,0.000387880463007348,0.183150203156622
"617","ko","A","C",0.479223609720268,1.55828118235819e-05,-0.000630487216657802,1
"618","kp","A","C",0,0,-3.90262178131269e-06,0.453254704753736
"619","kq","A","C",-2.38662893626269,-0.000257406574307027,-0.000545744480949232,0.245383458473363
"620","kr","A","C",-Inf,-0.000238059928660074,-0.000771785581573452,0.408351969325938
"621","ks","A","C",Inf,1.874625074985e-06,2.16520034408097e-05,0.619839118685419
"622","kt","A","C",-Inf,-2.21862312249018e-06,-0.000688459147997721,0.619839118685419
"623","ku","A","C",0.362416709423784,0.0144561437624584,0.0057302856921251,1
"624","kv","A","C",0.0792294394125378,0.00451690067286936,0.000987800041865064,0.885714285714286
"625","kw","A","C",0.69624670222232,0.0469636422723783,0.0359072332577575,0.342857142857143
"626","kx","A","C",0.726467872424037,0.0179764198365847,0.0180014781295367,0.0571428571428571
"627","ky","A","C",-0.795261291855629,-0.00960315321285399,-0.00861928176971417,0.485714285714286
"628","kz","A","C",-2.08293570164143,-0.000674912463830317,-0.000491025308941357,0.0571428571428571
"629","la","A","C",0.326331847550175,0.00331949397318654,-0.00124938015154159,0.885714285714286
"630","lb","A","C",-0.399800568230409,-0.00629372455365469,-0.00410521796699906,1
"631","lc","A","C",-1.93677718003814,-0.000138396469709561,-0.000201887329550741,1
"632","ld","A","C",0.781089174847624,0.00564805255246138,-0.000755750667266592,0.885714285714286
"633","le","A","C",0.126275568635632,0.00156816514291518,-0.00121081369182204,0.885714285714286
"634","lf","A","C",0.993806923534398,0.00785631410742696,-0.000297002856193768,0.685714285714286
"635","lg","A","C",-0.791304918611304,-0.00282875807932057,-0.00855114924523109,0.342857142857143
"636","lh","A","C",-1.34489791234389,-0.00445589517097251,-0.00809134436477334,0.485714285714286
"637","li","A","C",0.174267566423923,0.000591002635745504,0.00553342198340112,0.685714285714286
"638","lj","A","C",0,0,0,NA
"639","lk","A","C",-0.342074286076632,-0.000820819187975776,-0.00187818751666791,0.885714285714286
"640","ll","A","C",1.59755409120135,0.00105128988763077,-0.00458471899021755,0.485714285714286
"641","lm","A","C",-1.99433194468992,-8.58097299414704e-05,-0.000133583190170502,0.245383458473363
"642","ln","A","C",-3.1942967115246,-0.00123626755163117,-0.00133688042699217,0.114285714285714
"643","lo","A","C",0,0,0,NA
"644","lp","A","C",7.48308226022036,0.000694311590079997,0.00064734948501705,0.110210182673421
"645","lq","A","C",-1.14336128888091,-0.000852827973467836,-0.00204639171424758,0.342857142857143
"646","lr","A","C",-2.9097557143979,-6.70166740858822e-05,-6.5740612269953e-05,0.245383458473363
"647","ls","A","C",0.0341288714164618,2.60829463465007e-05,-0.000410062255960246,0.885714285714286
"648","lt","A","C",0,0,0,NA
"649","lu","A","C",-0.581823599038841,-5.10979636182444e-06,7.53919778930543e-05,0.663117245320382
"650","lv","A","C",-1.50318796703703,-0.000410618405891926,-0.000773707973866871,0.342857142857143
"651","lw","A","C",-1.15008596947974,-0.00109085422420527,-0.00203259576094737,0.485714285714286
"652","lx","A","C",0,0,0,NA
"653","ly","A","C",0,0,3.75965168920123e-06,1
"654","lz","A","C",-0.370720646739278,-7.21165288220061e-05,0.000442582796519299,1
"655","ma","A","C",-2.47820615898356,-0.000329958445599462,-0.000295035348662463,0.342857142857143
"656","mb","A","C",0,0,7.77131204615538e-07,0.453254704753736
"657","mc","A","C",-1.03331051875597,-0.000182607665981343,-0.000212525374034581,0.885714285714286
"658","md","A","C",-0.134735068264736,-3.26886424185843e-06,-9.74027542685699e-05,1
"659","me","A","C",2.85210663160503,0.000368950066464419,0.000328358900797037,0.245383458473363
"660","mf","A","C",-0.365510814675785,-1.73129257791785e-05,-0.000214694377234725,0.882420114075504
"661","mg","A","C",0.2258636733869,3.13528396109328e-06,-0.00015560834199125,1
"662","mh","A","C",1.26408652813339,5.47050359361233e-06,0.00010357699195362,0.877782280346235
"663","mi","A","C",-0.28228992459402,-1.30729493681758e-05,7.48029751275787e-06,1
"664","mj","A","C",0.761804430250903,6.6887798669481e-05,7.34091491153234e-05,0.685714285714286
"665","mk","A","C",-1.30687166233625,-4.28813257898305e-05,-0.000169254922213952,0.771503409140308
"666","ml","A","C",-1.60542754837556,-0.000288708432112796,-0.000197378468508141,0.685714285714286
"667","mm","A","C",0.219119868052747,1.00910479153189e-05,3.98031509542001e-05,0.561363210234124
"668","mn","A","C",1.07957463140144,1.30356878858863e-05,-0.000589557080794973,0.882420114075504
"669","mo","A","C",-0.775984129444552,-3.78166531237266e-05,-0.000123833069096035,0.882420114075504
"670","mp","A","C",0.664065976629451,0.116370903240507,0.0581977772852455,0.485714285714286
"671","mq","A","C",Inf,1.124775044991e-05,7.68298447827362e-06,0.619839118685419
"672","mr","A","C",-3.01456542826507,-0.0149307468555311,-0.0145532018655343,0.2
"673","ms","A","C",-7.12371667331557,-0.0176017133243016,-0.0273546799798044,0.342857142857143
"674","mt","A","C",0,0,0.000224732511463492,1
"675","mu","A","C",0,0,0,NA
"676","mv","A","C",-2.61950153698322,-3.26757177045728e-05,0.00017306557628142,0.882420114075504
"677","mw","A","C",-1.02112325003239,-0.000133953435440346,0.000635223745315248,1
"678","mx","A","C",4.13735996649497,0.000236679981692946,0.000387880463007348,0.183150203156622
"679","my","A","C",0,0,0,NA
"680","mz","A","C",-1.97759499243092,-4.56698249457179e-06,6.34025679676911e-06,0.65725516871927
"681","na","A","C",0,0,-3.90262178131269e-06,0.453254704753736
"682","nb","A","C",-2.38662893626269,-0.000257406574307027,-0.000545744480949232,0.245383458473363
"683","nc","A","C",-Inf,-0.000238059928660074,-0.000771785581573452,0.408351969325938
"684","nd","A","C",Inf,1.874625074985e-06,2.16520034408097e-05,0.619839118685419
"685","ne","A","C",Inf,4.11256259176953e-06,-0.000636827473454571,0.538472380986992
"686","nf","A","C",-Inf,-2.21862312249018e-06,-0.000688459147997721,0.619839118685419
"687","ab","B","C",-0.131497058560143,-0.0272515143709279,-0.0412433858789854,0.342857142857143
"688","ac","B","C",0.312931352957321,0.0574079522130338,0.0212324279438111,0.342857142857143
"689","ad","B","C",0.0137593380361584,0.00393771092754497,0.0200109579351743,0.885714285714286
"690","ae","B","C",0.606284689872035,1.22308265676241e-05,2.39846834477835e-05,0.877782280346235
"691","af","B","C",-0.287602887215676,-0.0404271442847223,-0.0357031789681917,0.485714285714286
"692","ag","B","C",-0.291415552731923,-0.0181503165556968,-0.00302145630515893,0.885714285714286
"693","ah","B","C",-1.07690021197843,-0.000984447289412117,-0.0025427352890825,0.485714285714286
"694","ai","B","C",0.312931352957321,0.0574079522130338,0.0212324279438111,0.342857142857143
"695","aj","B","C",0.136696023581444,0.0241387871835242,0.0511166568634616,0.2
"696","ak","B","C",0.0271064171914694,0.00197423912920319,-0.0089167563529316,1
"697","al","B","C",-0.0964582198033469,-0.00330879191913246,-0.0107492272218898,0.485714285714286
"698","am","B","C",-1.51923731737025,-0.0047447102797793,-0.0117751946948534,0.0285714285714286
"699","an","B","C",0.238645841842978,1.32325383148587e-05,0.000190824907503051,0.685714285714286
"700","ao","B","C",-0.223206341550044,-1.37832045134167e-05,0.000144654433884422,0.885714285714286
"701","ap","B","C",0.606284689872035,1.22308265676241e-05,2.39846834477835e-05,0.877782280346235
"702","aq","B","C",-0.339979690922921,-0.0449974631162259,-0.0356700710207715,0.342857142857143
"703","ar","B","C",-0.588004739167087,-0.0281071117717341,-0.0103599576821397,0.485714285714286
"704","as","B","C",-0.843562128449189,-0.00246514366377301,0.00131991337334715,1
"705","at","B","C",-0.579657301653444,-0.000461855588541006,0.00700465774158604,0.885714285714286
"706","au","B","C",-1.07690021197843,-0.000984447289412117,-0.0025427352890825,0.485714285714286
"707","av","B","C",-0.880924739460601,-0.0010922682831012,0.000140812940118522,1
"708","aw","B","C",-0.521964377030232,-0.00118334243919524,-0.00128534148803231,0.485714285714286
"709","ax","B","C",0.162722269045247,4.63938635613276e-05,0.0019080041415954,0.46782507728497
"710","ay","B","C",-0.228194076052574,-0.000267315019449156,-0.000397983765565064,0.685714285714286
"711","az","B","C",0.269628219874185,0.000261851779902143,0.000122770602052194,0.685714285714286
"712","ba","B","C",-2.14753223220765,-0.000764553792962406,-0.000931916357306934,0.342857142857143
"713","bb","B","C",-0.701649778183492,-7.39981561384171e-05,-0.000154418794774041,0.685714285714286
"714","bc","B","C",-2.43962467579297,-0.000121247271655662,-0.00013947215989153,0.644552170515899
"715","bd","B","C",-1.59037160537442,-0.00024933903513285,-0.000281632803568874,0.685714285714286
"716","be","B","C",0.313047265447655,0.0574224773181091,0.0212116589083316,0.342857142857143
"717","bf","B","C",-0.156734766808387,-2.65671849830387e-06,2.07690354794915e-05,1
"718","bg","B","C",0.136696023581444,0.0241387871835242,0.0511166568634616,0.2
"719","bh","B","C",-0.106906596558279,-0.00711630643573137,-0.00852762851993298,0.685714285714286
"720","bi","B","C",0.377332519209873,0.0015047772641041,-0.000388285808628983,0.685714285714286
"721","bj","B","C",-0.0964582198033469,-0.00330879191913246,-0.0107492272218898,0.485714285714286
"722","bk","B","C",-1.51923731737025,-0.0047447102797793,-0.0117771518718213,0.0285714285714286
"723","bl","B","C",0,0,1.95717696794144e-06,0.453254704753736
"724","bm","B","C",-0.452608999181534,-1.05089720087266e-06,-8.42024369624674e-07,0.877782280346235
"725","bn","B","C",0.238645841842978,1.32325383148587e-05,0.000190824907503051,0.685714285714286
"726","bo","B","C",-0.223206341550044,-1.37832045134167e-05,0.000144654433884422,0.885714285714286
"727","bp","B","C",0.606284689872035,1.22308265676241e-05,2.39846834477835e-05,0.877782280346235
"728","bq","B","C",-0.169772250825067,-0.0110804960060296,-0.00700240430871471,0.885714285714286
"729","br","B","C",0.336457717704145,0.00450162001037285,0.00601643984194082,0.885714285714286
"730","bs","B","C",-0.754999388775417,-0.0341987100898873,-0.0330334553330085,0.114285714285714
"731","bt","B","C",-0.243380052400259,-0.00613247739941419,-0.00787843545061775,0.485714285714286
"732","bu","B","C",0.440343130321917,0.000803800731978537,0.00295859145314822,0.485714285714286
"733","bv","B","C",-0.579657301653444,-0.000461855588541006,0.00700465774158604,0.885714285714286
"734","bw","B","C",-1.07690021197843,-0.000984447289412117,-0.0025427352890825,0.485714285714286
"735","bx","B","C",-0.560954468088479,-0.0082226877650213,0.00144906406866356,0.685714285714286
"736","by","B","C",Inf,3.91435393588288e-06,4.70639080198411e-05,0.408351969325938
"737","bz","B","C",-0.521964377030232,-0.00118334243919524,-0.00128534148803231,0.485714285714286
"738","ca","B","C",Inf,3.27127569973201e-06,0.00224749620856267,0.0689184442895021
"739","cb","B","C",-1.07041861956992,-0.000581204285689035,-0.00165065122098916,0.561363210234124
"740","cc","B","C",-0.71138444808446,-0.00523359091330628,-0.00389024794133753,0.2
"741","cd","B","C",-0.228194076052574,-0.000267315019449156,-0.000397983765565064,0.685714285714286
"742","ce","B","C",0.269628219874185,0.000261851779902143,0.000122770602052194,0.685714285714286
"743","cf","B","C",-0.533937473129423,-0.000127133825138558,0.000673286137145583,1
"744","cg","B","C",0,0,0,NA
"745","ch","B","C",-2.14753223220765,-0.000764553792962406,-0.000931916357306934,0.342857142857143
"746","ci","B","C",-0.455128109898526,-0.000303931059628351,-0.000579537105046902,0.485714285714286
"747","cj","B","C",-7.6332448620914,-0.000386609688616442,-0.000339492066967266,0.877782280346235
"748","ck","B","C",0.927449937331736,0.000269385234343496,0.000224616774250501,1
"749","cl","B","C",-3.08238080076474,-9.69414020338249e-05,-0.00163867807980108,0.300522311495472
"750","cm","B","C",-0.701649778183492,-7.39981561384171e-05,-0.000154418794774041,0.685714285714286
"751","cn","B","C",0,0,0,NA
"752","co","B","C",-1.83879907958911,-0.000243136071493978,-0.000252366237684951,0.2
"753","cp","B","C",-2.0433193016253,-1.78057575811125e-05,-1.25888954135126e-05,0.459597386183942
"754","cq","B","C",-2.43962467579297,-0.000121247271655662,-0.00013947215989153,0.644552170515899
"755","cr","B","C",-1.59037160537442,-0.00024933903513285,-0.000281632803568874,0.685714285714286
"756","cs","B","C",0.315963538345418,0.0578405507016333,0.0215186943580434,0.342857142857143
"757","ct","B","C",Inf,3.04801703080502e-06,-3.32695683526874e-06,0.538472380986992
"758","cu","B","C",-1.95579765558571,-0.000195997515899385,-0.000307035449711809,0.342857142857143
"759","cv","B","C",0.471181504596675,5.50758635438918e-06,2.70200256121022e-05,0.663117245320382
"760","cw","B","C",0,0,0,NA
"761","cx","B","C",0,0,-2.92403329734197e-06,1
"762","cy","B","C",0.184144878607328,0.00690564412127783,0.0027382319277355,1
"763","cz","B","C",0.410509351339637,0.0263372446696825,0.0184861510272739,0.685714285714286
"764","da","B","C",0.324832727881388,0.0240699555506744,0.030047707591366,0.342857142857143
"765","db","B","C",-0.0725904419021997,-0.00463374006074017,-0.00570002504635449,0.885714285714286
"766","dc","B","C",-0.908649840718394,-0.00151635169528178,-0.00126110007972387,0.2
"767","dd","B","C",-0.249679176445905,-0.0073918058826817,-0.00660212732620648,0.485714285714286
"768","de","B","C",-4.17051941526736,-0.000176923141052718,-0.00024607983893039,1
"769","df","B","C",0.0151515461987344,8.57705989423183e-05,-0.00399942369771144,1
"770","dg","B","C",-1.51923731737025,-0.0047447102797793,-0.0117771518718213,0.0285714285714286
"771","dh","B","C",0,0,0,NA
"772","di","B","C",0.289649906698615,0.000389040297610088,0.000860742633560383,1
"773","dj","B","C",-1.62743905076265,-0.00105390748744075,-0.00258230502905533,0.0285714285714286
"774","dk","B","C",0.686798561224248,0.000664329846389081,7.81394407227843e-07,0.885714285714286
"775","dl","B","C",0,0,1.95717696794144e-06,0.453254704753736
"776","dm","B","C",0,0,1.95717696794144e-06,0.453254704753736
"777","dn","B","C",0.808165021307282,4.45419892808028e-05,0.000156788012111184,0.38363032713199
"778","do","B","C",0.165369702631378,2.24685728808081e-06,-0.000144716374576676,1
"779","dp","B","C",-0.452608999181534,-1.05089720087266e-06,-8.42024369624674e-07,0.877782280346235
"780","dq","B","C",0.238645841842978,1.32325383148587e-05,0.000190824907503051,0.685714285714286
"781","dr","B","C",-0.223206341550044,-1.37832045134167e-05,0.000144654433884422,0.885714285714286
"782","ds","B","C",-3.07221467455838,-6.34149578477078e-05,-0.000157390859881827,0.561363210234124
"783","dt","B","C",-2.84128182528728,-0.000370028492303544,-0.000147676197971888,0.885714285714286
"784","du","B","C",0.606284689872035,1.22308265676241e-05,2.39846834477835e-05,0.877782280346235
"785","dv","B","C",-0.169772250825067,-0.0110804960060296,-0.00700240430871471,0.885714285714286
"786","dw","B","C",1.33911242242414,0.00957741342679521,0.00631132528567959,0.685714285714286
"787","dx","B","C",-0.575284798933546,-0.000737178879811709,-0.000985274519186834,0.485714285714286
"788","dy","B","C",-0.754999388775417,-0.0341987100898873,-0.0330334553330085,0.114285714285714
"789","dz","B","C",-0.360968337534129,-0.00745350847675047,-0.00850484126195867,0.114285714285714
"790","ea","B","C",-0.780165741306781,-0.00212853622185334,0.000690389075448074,0.685714285714286
"791","eb","B","C",0.440343130321917,0.000803800731978537,0.00295859145314822,0.485714285714286
"792","ec","B","C",0,0,0,NA
"793","ed","B","C",-1.07690021197843,-0.000984447289412117,-0.0025427352890825,0.485714285714286
"794","ee","B","C",-0.255303673614148,-0.00157682301963864,0.00170455151469785,1
"795","ef","B","C",Inf,3.91435393588288e-06,4.70639080198411e-05,0.408351969325938
"796","eg","B","C",-0.83087203144312,-0.00421284049129749,-0.000748304835746489,0.485714285714286
"797","eh","B","C",-0.53713813811473,-0.0018971716181482,0.000256535895705404,0.885714285714286
"798","ei","B","C",-0.671588207872777,-0.00200426033003019,-0.00155060399036848,0.342857142857143
"799","ej","B","C",0.216668244728741,0.000222801291305882,0.000391855677723399,0.885714285714286
"800","ek","B","C",-0.579657301653444,-0.000461855588541006,0.00700465774158604,0.885714285714286
"801","el","B","C",0,0,0,NA
"802","em","B","C",-1.07041861956992,-0.000581204285689035,-0.00165065122098916,0.561363210234124
"803","en","B","C",-0.103669196859569,-0.000134628344860263,-0.000286239536728314,0.685714285714286
"804","eo","B","C",1.95338066207041,0.00215711025530025,0.0022744425812332,0.885714285714286
"805","ep","B","C",-0.448804716063394,-0.00113775721901317,-0.00169790786720532,0.885714285714286
"806","eq","B","C",-0.228194076052574,-0.000267315019449156,-0.000397983765565064,0.685714285714286
"807","er","B","C",-0.942863004949943,-0.000576566476068291,-0.000656208752646594,0.2
"808","es","B","C",-0.89915777204986,-0.000613400956859187,-4.87136093798115e-05,0.342857142857143
"809","et","B","C",0.269628219874185,0.000261851779902143,0.000122770602052194,0.685714285714286
"810","eu","B","C",0.13493946268553,3.49520306668358e-07,0.00138697383352663,0.877782280346235
"811","ev","B","C",0,0,0.0022458605707128,0.453254704753736
"812","ew","B","C",-2.46748013724739,-0.000661131947416934,-0.000653675515544531,0.485714285714286
"813","ex","B","C",0,0,0,NA
"814","ey","B","C",-0.641354464045423,-0.00019805951861647,0.00031066695051049,1
"815","ez","B","C",-1.79418531589324,-0.000648691635587935,-0.00101593748995678,0.485714285714286
"816","fa","B","C",0.113491102810132,1.32616189234965e-05,-1.58382227873999e-05,1
"817","fb","B","C",-2.14753223220765,-0.000764553792962406,-0.000931916357306934,0.342857142857143
"818","fc","B","C",-0.455128109898526,-0.000303931059628351,-0.000579537105046902,0.485714285714286
"819","fd","B","C",-0.477589470908572,-0.000189286803251436,-0.000218057682174157,0.685714285714286
"820","fe","B","C",Inf,1.42586229022001e-06,1.635637849866e-06,0.185876732365876
"821","ff","B","C",0,0,0,NA
"822","fg","B","C",-7.6332448620914,-0.000386609688616442,-0.000339492066967266,0.877782280346235
"823","fh","B","C",0.927449937331736,0.000269385234343496,0.000224616774250501,1
"824","fi","B","C",-0.731283569042589,-0.000157328089870809,-0.000190042047860132,0.2
"825","fj","B","C",0.0293956549476075,6.45475250826591e-06,-6.50109537263887e-05,1
"826","fk","B","C",0.23328250338445,0.000126295037754539,0.000230079663857423,1
"827","fl","B","C",-3.08238080076474,-9.69414020338249e-05,-0.00163867807980108,0.300522311495472
"828","fm","B","C",-1.00251015320784,-0.00029091475669234,-0.000320678880745656,0.342857142857143
"829","fn","B","C",-1.35122158272206,-0.000950417299556973,-0.000833962736117618,0.2
"830","fo","B","C",-0.701649778183492,-7.39981561384171e-05,-0.000154418794774041,0.685714285714286
"831","fp","B","C",0.0740709821922467,8.81697699046195e-06,-7.59044411225791e-05,1
"832","fq","B","C",0,0,0,NA
"833","fr","B","C",-1.83879907958911,-0.000243136071493978,-0.000252366237684951,0.2
"834","fs","B","C",0.391773159906641,5.56106485699793e-05,-0.000178699644619363,0.885714285714286
"835","ft","B","C",-2.0433193016253,-1.78057575811125e-05,-1.25888954135126e-05,0.459597386183942
"836","fu","B","C",-2.43962467579297,-0.000121247271655662,-0.00013947215989153,0.644552170515899
"837","fv","B","C",-1.08049960716943,-2.05720837180069e-06,-5.05909397037716e-05,0.877782280346235
"838","fw","B","C",-1.59037160537442,-0.00024933903513285,-0.000281632803568874,0.685714285714286
"839","fx","B","C",0.883039544599815,7.95185737146768e-05,6.83202808681831e-05,0.685714285714286
"840","fy","B","C",2.87869153099061,0.000289613547116956,0.000236281494006805,0.342857142857143
"841","fz","B","C",Inf,3.24430948117003e-06,-0.00069784947359365,0.868661062991067
"842","ga","B","C",0.339330176959978,1.67482636440311e-05,1.76853156778886e-05,0.885714285714286
"843","gb","B","C",0.330683562606607,0.0600730994331434,0.0226360780353597,0.342857142857143
"844","gc","B","C",Inf,3.04801703080502e-06,-3.32695683526874e-06,0.538472380986992
"845","gd","B","C",0,0,0,NA
"846","ge","B","C",-1.95579765558571,-0.000195997515899385,-0.000307035449711809,0.342857142857143
"847","gf","B","C",0.471181504596675,5.50758635438918e-06,2.70200256121022e-05,0.663117245320382
"848","gg","B","C",0,0,0,NA
"849","gh","B","C",0,0,-2.92403329734197e-06,1
"850","gi","B","C",-5.42988892268145,-0.000240161723061819,-0.000427370266909301,0.877782280346235
"851","gj","B","C",-Inf,-2.21862312249018e-06,-0.000690013410406952,0.185876732365876
"852","gk","B","C",0.184144878607328,0.00690564412127783,0.0027382319277355,1
"853","gl","B","C",0.395800305535561,0.0252572065418995,0.0178438452740996,0.885714285714286
"854","gm","B","C",0.324832727881388,0.0240699555506744,0.030047707591366,0.342857142857143
"855","gn","B","C",-0.0752935316491381,-0.00480182706570251,-0.00578139492361375,0.885714285714286
"856","go","B","C",-0.908649840718394,-0.00151635169528178,-0.00126110007972387,0.2
"857","gp","B","C",0.139519343495945,0.00342233042816284,0.00357731671092591,1
"858","gq","B","C",-4.17051941526736,-0.000176923141052718,-0.00024607983893039,1
"859","gr","B","C",0.058056848028193,0.000322821380361417,-0.00395532068701775,1
"860","gs","B","C",-1.51923731737025,-0.0047447102797793,-0.0117771518718213,0.0285714285714286
"861","gt","B","C",-1.9626179371775,-0.00546359970350807,-0.0101794440371324,0.2
"862","gu","B","C",0,0,0,NA
"863","gv","B","C",-2.17716313565633,-8.92321969715561e-05,-4.41030106936932e-05,0.685714285714286
"864","gw","B","C",0.289649906698615,0.000389040297610088,0.000860742633560383,1
"865","gx","B","C",6.80177795607238,0.000431504624702252,0.000642305753174348,0.191266986878869
"866","gy","B","C",-1.62743905076265,-0.00105390748744075,-0.00258230502905533,0.0285714285714286
"867","gz","B","C",0.686798561224248,0.000664329846389081,7.81394407227843e-07,0.885714285714286
"868","ha","B","C",0,0,1.95717696794144e-06,0.453254704753736
"869","hb","B","C",Inf,5.87153090382432e-06,8.1369877259252e-05,0.408351969325938
"870","hc","B","C",0,0,1.95717696794144e-06,0.453254704753736
"871","hd","B","C",0.808165021307282,4.45419892808028e-05,0.000156788012111184,0.38363032713199
"872","he","B","C",0.165369702631378,2.24685728808081e-06,-0.000144716374576676,1
"873","hf","B","C",-0.452608999181534,-1.05089720087266e-06,-8.42024369624674e-07,0.877782280346235
"874","hg","B","C",0.238645841842978,1.32325383148587e-05,0.000190824907503051,0.685714285714286
"875","hh","B","C",-0.223206341550044,-1.37832045134167e-05,0.000144654433884422,0.885714285714286
"876","hi","B","C",-3.07221467455838,-6.34149578477078e-05,-0.000157390859881827,0.561363210234124
"877","hj","B","C",-2.84128182528728,-0.000370028492303544,-0.000147676197971888,0.885714285714286
"878","hk","B","C",0.606284689872035,1.22308265676241e-05,2.39846834477835e-05,0.877782280346235
"879","hl","B","C",-0.169772250825067,-0.0110804960060296,-0.00700240430871471,0.885714285714286
"880","hm","B","C",1.41562132747347,0.00980823818926848,0.00584376856331432,0.685714285714286
"881","hn","B","C",-0.575284798933546,-0.000737178879811709,-0.000985274519186834,0.485714285714286
"882","ho","B","C",-0.754999388775417,-0.0341987100898873,-0.0330334553330085,0.114285714285714
"883","hp","B","C",-0.360968337534129,-0.00745350847675047,-0.00850484126195867,0.114285714285714
"884","hq","B","C",-0.780165741306781,-0.00212853622185334,0.000690389075448074,0.685714285714286
"885","hr","B","C",0.440343130321917,0.000803800731978537,0.00295859145314822,0.485714285714286
"886","hs","B","C",0,0,0,NA
"887","ht","B","C",-1.07690021197843,-0.000984447289412117,-0.0025427352890825,0.485714285714286
"888","hu","B","C",-0.138262123903068,-0.000547652832160857,0.00165278852632667,1
"889","hv","B","C",0.377019615814462,0.000201517125354694,0.000467556722365266,0.885714285714286
"890","hw","B","C",Inf,3.91435393588288e-06,4.70639080198411e-05,0.408351969325938
"891","hx","B","C",-0.83087203144312,-0.00421284049129749,-0.000748304835746489,0.485714285714286
"892","hy","B","C",-0.435116457431062,-0.000824427384430325,0.000617610496269445,1
"893","hz","B","C",-0.671588207872777,-0.00200426033003019,-0.00155060399036848,0.342857142857143
"894","ia","B","C",0.216668244728741,0.000222801291305882,0.000391855677723399,0.885714285714286
"895","ib","B","C",-0.579657301653444,-0.000461855588541006,0.00700465774158604,0.885714285714286
"896","ic","B","C",0.376232993144186,0.000554723511304031,-7.80022513162219e-06,0.685714285714286
"897","id","B","C",0,0,0,NA
"898","ie","B","C",-1.07041861956992,-0.000581204285689035,-0.00165065122098916,0.561363210234124
"899","if","B","C",-0.103669196859569,-0.000134628344860263,-0.000286239536728314,0.685714285714286
"900","ig","B","C",-0.727854628848258,-0.00048340460710929,-0.000352179177802632,0.2
"901","ih","B","C",1.95338066207041,0.00215711025530025,0.0022744425812332,0.885714285714286
"902","ii","B","C",-0.862938449948508,-0.000970303792894364,-0.00069959996251766,0.485714285714286
"903","ij","B","C",-0.228194076052574,-0.000267315019449156,-0.000397983765565064,0.685714285714286
"904","ik","B","C",0.0784762921986057,5.96688591431888e-05,-8.89542276140756e-06,0.885714285714286
"905","il","B","C",-0.64214989155647,-0.00046231639225718,-0.000756195993490397,0.885714285714286
"906","im","B","C",-0.942863004949943,-0.000576566476068291,-0.000656208752646594,0.2
"907","in","B","C",-0.53584388355983,-0.000283450529155695,-5.53932104433103e-05,0.685714285714286
"908","io","B","C",0.269628219874185,0.000261851779902143,0.000122770602052194,0.685714285714286
"909","ip","B","C",0.13493946268553,3.49520306668358e-07,0.00138697383352663,0.877782280346235
"910","iq","B","C",0,0,0.0022458605707128,0.453254704753736
"911","ir","B","C",-2.46748013724739,-0.000661131947416934,-0.000653675515544531,0.485714285714286
"912","is","B","C",0,0,0,NA
"913","it","B","C",-0.641354464045423,-0.00019805951861647,0.00031066695051049,1
"914","iu","B","C",0.125058112793559,2.1014566581602e-05,-1.04113444787659e-05,1
"915","iv","B","C",0.0254307079396247,1.72511947021717e-05,-0.000242111911197267,0.885714285714286
"916","iw","B","C",0,0,0,NA
"917","ix","B","C",-2.14753223220765,-0.000764553792962406,-0.000931916357306934,0.342857142857143
"918","iy","B","C",-0.455128109898526,-0.000303931059628351,-0.000579537105046902,0.485714285714286
"919","iz","B","C",-0.477589470908572,-0.000189286803251436,-0.000218057682174157,0.685714285714286
"920","ja","B","C",0.0863948579413527,3.60558870573145e-05,5.95632135028003e-05,0.885714285714286
"921","jb","B","C",Inf,1.42586229022001e-06,1.635637849866e-06,0.185876732365876
"922","jc","B","C",0,0,0,NA
"923","jd","B","C",-7.6332448620914,-0.000386609688616442,-0.000339492066967266,0.877782280346235
"924","je","B","C",0.927449937331736,0.000269385234343496,0.000224616774250501,1
"925","jf","B","C",-0.731283569042589,-0.000157328089870809,-0.000190042047860132,0.2
"926","jg","B","C",0.0293956549476075,6.45475250826591e-06,-6.50109537263887e-05,1
"927","jh","B","C",-0.214266108066959,-4.41448998863789e-05,0.000112714176911042,0.885714285714286
"928","ji","B","C",-3.08238080076474,-9.69414020338249e-05,-0.00163867807980108,0.300522311495472
"929","jj","B","C",-1.00251015320784,-0.00029091475669234,-0.000320678880745656,0.342857142857143
"930","jk","B","C",-1.35122158272206,-0.000950417299556973,-0.000833962736117618,0.2
"931","jl","B","C",-0.701649778183492,-7.39981561384171e-05,-0.000154418794774041,0.685714285714286
"932","jm","B","C",0.0740709821922467,8.81697699046195e-06,-7.59044411225791e-05,1
"933","jn","B","C",0,0,0,NA
"934","jo","B","C",0,0,0,NA
"935","jp","B","C",-2.9403362193302,-0.000238245599813188,-0.00011242900741099,0.882420114075504
"936","jq","B","C",-0.165137350828214,-1.24460052780279e-05,0.000229794494357372,0.885714285714286
"937","jr","B","C",-0.622455699725378,-3.39466874030379e-05,0.000433693453539177,0.885714285714286
"938","js","B","C",-Inf,-1.15473441108545e-05,-1.19491343116479e-05,0.408351969325938
"939","jt","B","C",0.18945030415024,2.1118136215327e-05,-3.88908847575198e-06,1
"940","ju","B","C",0,0,-0.00100552614547801,1
"941","jv","B","C",-1.83879907958911,-0.000243136071493978,-0.000252366237684951,0.2
"942","jw","B","C",0.391773159906641,5.56106485699793e-05,-0.000178699644619363,0.885714285714286
"943","jx","B","C",-2.0433193016253,-1.78057575811125e-05,-1.25888954135126e-05,0.459597386183942
"944","jy","B","C",-6.87555708443059,-0.000566562768759626,-0.000427013852475678,0.0590718680155165
"945","jz","B","C",-2.43962467579297,-0.000121247271655662,-0.00013947215989153,0.644552170515899
"946","ka","B","C",-1.08049960716943,-2.05720837180069e-06,-5.05909397037716e-05,0.877782280346235
"947","kb","B","C",-1.59037160537442,-0.00024933903513285,-0.000281632803568874,0.685714285714286
"948","kc","B","C",0.883039544599815,7.95185737146768e-05,6.83202808681831e-05,0.685714285714286
"949","kd","B","C",2.87869153099061,0.000289613547116956,0.000236281494006805,0.342857142857143
"950","ke","B","C",0,0,0,NA
"951","kf","B","C",Inf,3.24430948117003e-06,-0.00069784947359365,0.868661062991067
"952","kg","B","C",0.339330176959978,1.67482636440311e-05,1.76853156778886e-05,0.885714285714286
"953","kh","B","C",0.445991328110198,0.0771478053520566,0.0477522955444668,0.485714285714286
"954","ki","B","C",Inf,3.04801703080502e-06,-3.32695683526874e-06,0.538472380986992
"955","kj","B","C",-2.69642268898232,-0.0170437497559257,-0.023905924240179,0.485714285714286
"956","kk","B","C",0,0,-0.00019393357061202,1
"957","kl","B","C",0,0,0,NA
"958","km","B","C",-1.95579765558571,-0.000195997515899385,-0.000307035449711809,0.342857142857143
"959","kn","B","C",0.471181504596675,5.50758635438918e-06,2.70200256121022e-05,0.663117245320382
"960","ko","B","C",-Inf,-3.95509580734579e-05,-0.000656977698551009,0.356170327949322
"961","kp","B","C",0,0,-2.92403329734197e-06,1
"962","kq","B","C",-1.17567269267379,-0.000177378362374239,-0.000359381999765163,0.885714285714286
"963","kr","B","C",-5.38334633674442,-0.000232356479499194,-0.000423467645127988,0.877782280346235
"964","ks","B","C",0,0,-3.90262178131269e-06,0.453254704753736
"965","kt","B","C",-Inf,-2.21862312249018e-06,-0.000690013410406952,0.185876732365876
"966","ku","B","C",0.186538326851452,0.00698716723253914,0.00328701059619423,1
"967","kv","B","C",0.395800305535561,0.0252572065418995,0.0178438452740996,0.885714285714286
"968","kw","B","C",0.352937729007646,0.0209845473705762,0.0270064429447914,0.485714285714286
"969","kx","B","C",0.285633147845925,0.00601275555892153,0.00930121887945368,0.2
"970","ky","B","C",-1.20948434053123,-0.0128622617130182,-0.00996954457699432,0.485714285714286
"971","kz","B","C",-2.16505841188386,-0.000686450549158566,0.0010765803937461,0.342857142857143
"972","la","B","C",0.447210310170097,0.00475258830450325,0.000215121243858623,0.342857142857143
"973","lb","B","C",-0.565487280010494,-0.008432117695553,-0.00385341977765425,0.685714285714286
"974","lc","B","C",-4.17051941526736,-0.000176923141052718,-0.00024607983893039,1
"975","ld","B","C",0.058056848028193,0.000322821380361417,-0.00395532068701775,1
"976","le","B","C",0.303023784374788,0.00400693080600949,0.00304126464657466,0.885714285714286
"977","lf","B","C",1.28085782487323,0.0113302928496183,0.00315070132580013,0.885714285714286
"978","lg","B","C",-1.48357672922557,-0.00430431611579399,-0.0108424411565324,0.0285714285714286
"979","lh","B","C",-1.9626179371775,-0.00546359970350807,-0.0101794440371324,0.2
"980","li","B","C",-0.611819681973179,-0.00159097703391654,0.0023559064860253,0.885714285714286
"981","lj","B","C",0,0,0,NA
"982","lk","B","C",-0.518654512263897,-0.00117421227439535,-0.00222838570220819,0.561363210234124
"983","ll","B","C",-0.047128414752533,-1.66745155653013e-05,-0.00135662790615275,1
"984","lm","B","C",-2.17716313565633,-8.92321969715561e-05,-4.41030106936932e-05,0.685714285714286
"985","ln","B","C",-1.80259355217238,-0.000990042596593134,-5.04714605779383e-05,0.485714285714286
"986","lo","B","C",0,0,0,NA
"987","lp","B","C",6.80177795607238,0.000431504624702252,0.000642305753174348,0.191266986878869
"988","lq","B","C",-1.62743905076265,-0.00105390748744075,-0.00258230502905533,0.0285714285714286
"989","lr","B","C",-2.27797457325143,-6.13643918597034e-05,-3.20904866096001e-05,0.685714285714286
"990","ls","B","C",0.686798561224248,0.000664329846389081,7.81394407227843e-07,0.885714285714286
"991","lt","B","C",Inf,1.42586229022001e-06,1.635637849866e-06,0.185876732365876
"992","lu","B","C",-3.43269201107874,-1.39705965242527e-05,-1.01639269055095e-05,0.877782280346235
"993","lv","B","C",-2.01584160519118,-0.000477552453147219,-0.000934710715288964,0.0285714285714286
"994","lw","B","C",-1.21597546106081,-0.00113079609589358,-0.00306262880848942,0.342857142857143
"995","lx","B","C",0,0,1.95717696794144e-06,0.453254704753736
"996","ly","B","C",Inf,5.87153090382432e-06,8.1369877259252e-05,0.408351969325938
"997","lz","B","C",0.853396473684283,0.00025674741681886,0.000582177650362353,0.561363210234124
"998","ma","B","C",-1.7261982403232,-0.000280585284553923,0.000534873840246697,0.885714285714286
"999","mb","B","C",0,0,1.95717696794144e-06,0.453254704753736
"1000","mc","B","C",-1.71128426021753,-0.000248021920654844,0.000142770684657098,0.685714285714286
"1001","md","B","C",-0.630526968512551,-1.29804259413096e-05,0.000376340253891624,1
"1002","me","B","C",0.808165021307282,4.45419892808028e-05,0.000156788012111184,0.38363032713199
"1003","mf","B","C",-0.229317248622499,-1.1368478211647e-05,0.000211494141267159,1
"1004","mg","B","C",0.165369702631378,2.24685728808081e-06,-0.000144716374576676,1
"1005","mh","B","C",-0.452608999181534,-1.05089720087266e-06,-8.42024369624674e-07,0.877782280346235
"1006","mi","B","C",0.238645841842978,1.32325383148587e-05,0.000190824907503051,0.685714285714286
"1007","mj","B","C",-0.223206341550044,-1.37832045134167e-05,0.000144654433884422,0.885714285714286
"1008","mk","B","C",-3.07221467455838,-6.34149578477078e-05,-0.000157390859881827,0.561363210234124
"1009","ml","B","C",-2.84128182528728,-0.000370028492303544,-0.000147676197971888,0.885714285714286
"1010","mm","B","C",0.884450032480529,5.20514005164196e-05,1.00764495820232e-05,0.685714285714286
"1011","mn","B","C",1.09458654185961,1.329450021955e-05,-0.000593366800603686,0.882420114075504
"1012","mo","B","C",-2.62231604459928,-7.61399502688744e-05,4.45881321449564e-05,1
"1013","mp","B","C",0.491959230699973,0.0808970305958022,0.0526433341613807,0.485714285714286
"1014","mq","B","C",Inf,3.04801703080502e-06,-3.32695683526874e-06,0.538472380986992
"1015","mr","B","C",0.0824187331661929,0.00100176627948706,-0.00489103861691383,0.885714285714286
"1016","ms","B","C",-2.57461092948879,-0.0147527537208312,-0.022690984974477,0.685714285714286
"1017","mt","B","C",0,0,-0.00019393357061202,1
"1018","mu","B","C",0,0,0,NA
"1019","mv","B","C",-4.7745370940689,-3.76003555229068e-05,-0.00121493926570208,0.877782280346235
"1020","mw","B","C",-1.95579765558571,-0.000195997515899385,-0.000307035449711809,0.342857142857143
"1021","mx","B","C",0.471181504596675,5.50758635438918e-06,2.70200256121022e-05,0.663117245320382
"1022","my","B","C",0,0,0,NA
"1023","mz","B","C",-Inf,-6.12124490380287e-06,-2.08847905979741e-05,0.0689184442895021
"1024","na","B","C",0,0,-2.92403329734197e-06,1
"1025","nb","B","C",-1.17567269267379,-0.000177378362374239,-0.000359381999765163,0.885714285714286
"1026","nc","B","C",-5.38334633674442,-0.000232356479499194,-0.000423467645127988,0.877782280346235
"1027","nd","B","C",0,0,-3.90262178131269e-06,0.453254704753736
"1028","ne","B","C",0,0,-0.000636092907953035,1
"1029","nf","B","C",-Inf,-2.21862312249018e-06,-0.000690013410406952,0.185876732365876
