"","taxon_id","60001","60002","60003","60004","60005","60006","60007","60008","60009","60028","60029","60030"
"1","ab",0.414506241917835,0.275249540063413,0.282409684940004,0.226797063825978,0.310741020632227,0.373488709715187,0.293663767246551,0.295882513600697,0.341709006928406,0.210196600942404,0.234686859248877,0.283926075477559
"2","ac",0.120203546205113,0.30955493795749,0.24040168545334,0.313817026228628,0.27925798126417,0.233595329342252,0.322570485902819,0.242151456769345,0.229384141647421,0.400653049087332,0.350810428508396,0.393463936281144
"3","ad",0.465290211877052,0.415195521979097,0.477188629606656,0.459385909945394,0.410000998103603,0.392915960942561,0.38376574685063,0.461966029629958,0.428906851424172,0.389150349970264,0.414502712242726,0.322609988241297
"4","ae",8.08216452800159e-05,0,0,8.95175006713813e-06,7.12931145110005e-05,4.68314613757522e-05,0.00025119976004799,0.00075661949789992,0.000685142417244034,0,0,0
"5","af",0.309988311946683,0.133346381179786,0.170477473816297,0.179701906722764,0.249152324868464,0.273979659535276,0.213212357528494,0.192137062544751,0.231986143187067,0.0731849581408116,0.174365413065483,0.215370620992612
"6","ag",0.104303441758679,0.141010686186245,0.101515767259142,0.0464953898487154,0.0590050332938845,0.0969567355349324,0.0793641271745651,0.102106723948299,0.108483448806774,0.134544123701908,0.0600651457343819,0.0673174627825971
"7","ah",0.000133666567193872,0.000892472697381297,0.0104164438645648,0.000590815504431116,0.00251236935536766,0.00250548318360274,0.000836082783443311,0.000882107609746735,0.000554272517321016,0.00246751909968434,0.000256300449012432,0.00123799170234952
"8","ai",0.120203546205113,0.30955493795749,0.24040168545334,0.313817026228628,0.27925798126417,0.233595329342252,0.322570485902819,0.242151456769345,0.229384141647421,0.400653049087332,0.350810428508396,0.393463936281144
"9","aj",0.296926290659505,0.254092457039966,0.276627524793418,0.308772715065795,0.320844680820726,0.234680258197457,0.219616076784643,0.27495921636365,0.25108545034642,0.243915549659179,0.259084066547276,0.142120559980476
"10","ak",0.117934323087636,0.100238775590089,0.111957164959111,0.103231581774237,0.0532388461922348,0.095629844129286,0.115105728854229,0.128964870710337,0.126189376443418,0.0857141223294753,0.111892989696073,0.0962261220686442
"11","al",0.0447099124639411,0.0577328062003366,0.0849499853841821,0.044360397457703,0.0332397017096089,0.0568143678923501,0.0382048590281944,0.0553070398830746,0.0424018475750577,0.0586428930875154,0.0403981416595292,0.0455083974885186
"12","am",0.00566062369441958,0.00145613966414843,0.00340441611589987,0.00253334526900009,0.00265210385980922,0.0056900225571539,0.0104079184163167,0.00243225487373681,0.00888375673595073,0.000834896381353218,0.00309182693555504,0.0387549087036585
"13","an",4.0410822640008e-05,0.000810271264727757,9.62505079887922e-05,8.05657506042431e-05,2.28137966435202e-05,6.2441948501003e-05,0.00012372525494901,0.00014763307276096,8.46805234795997e-05,2.8592341827165e-05,2.59544758493602e-05,0
"14","ao",1.86511489107729e-05,0.000865072219830117,0.000153287846056225,0.000407304628054785,2.85172458044002e-06,3.90262178131269e-05,0.00030743851229754,0.000155014726399008,0.000261739799846035,1.42961709135825e-05,9.73292844351008e-06,0
"15","ap",8.08216452800159e-05,0,0,8.95175006713813e-06,7.12931145110005e-05,4.68314613757522e-05,0.00025119976004799,0.00075661949789992,0.000685142417244034,0,0,0
"16","aq",0.2788253506416,0.132332563510393,0.169532792904555,0.176577745949333,0.24795745226926,0.263442580725732,0.173024145170966,0.186180068058847,0.226058506543495,0.0725101788736905,0.15247930130551,0.202595789053314
"17","ar",0.0894291505023376,0.119873174932477,0.0841692868193841,0.0405156208038672,0.0477521280994682,0.0837658739140955,0.0709920515896821,0.0614633390172066,0.0938799076212471,0.0638781508760694,0.0502575981728049,0.0589710025957891
"18","as",0.0301837759872675,0.000634125337613027,0.000135463677910152,0.00295855339718915,0.000772817361299246,0.00705594018061334,0.0391721655668866,0.00543289707760332,0.00408006158583526,0.000546113728898852,0.0214611072179397,0.011749828056708
"19","at",0.000345046254849299,0.00166360042275023,0.00121204343393294,0,6.55896653501205e-05,0.00072588765132416,2.249550089982e-05,0.0334979442094618,0.00389530408006159,0.000792007868612471,0.000204391497313712,0.00157965966321301
"20","au",0.000133666567193872,0.000892472697381297,0.0104164438645648,0.000590815504431116,0.00251236935536766,0.00250548318360274,0.000836082783443311,0.000882107609746735,0.000554272517321016,0.00246751909968434,0.000256300449012432,0.00123799170234952
"21","av",0.000686983984880135,0.000422750225075351,0.00386427965406854,0.00179482588846119,0.00732322872256997,0.00468314613757522,0.00195335932813437,0.00193399325316857,0.000916089299461124,0.0623456013541333,0.000661839134158686,0.000315044483393606
"22","aw",0.00595593355217348,0.00297490899127099,0.00326895243798972,0.00220660639154955,0.00230704518557598,0.00452704126632272,0.00427789442111578,0.00245439983465096,0.00768283294842186,0.00240747518184729,0.00426951127721976,0.00166840458811262
"23","ax",0.00129625484929872,0.0089873566367871,0.000777133731168766,8.95175006713813e-06,2.85172458044002e-06,0,2.624475104979e-05,3.690826819024e-06,0,0,0.000866230631472397,0.00145097952210858
"24","ay",0.00116569680692331,0.00208635064782558,0.0025524208785176,0.000841464506310984,0.000607417335633724,0.00179520601940384,0.000749850029994001,0.00103343150932672,0.00130869899923018,0.00213012946612379,0.00219639751875211,0.00185920617664677
"25","az",0.00535909678702875,0.00499080126825067,0.0050549340862262,0.00109658938322442,0.000801334607103646,0.00115517604726856,0.00115851829634073,0.0015538380908091,0.000769822940723634,0.00278203485978316,0.00151833683718757,0.00139329532092383
"26","ba",0.000892146622898637,0.000152659803499432,0.000114074676134865,0.000138752126040641,0.000273765559722242,0.00266158805485525,0.000821085782843431,0.00042444508418776,0.00124711316397229,8.86362596642115e-05,0.000171948402502011,0.00072770838417678
"27","bb",6.52790211877052e-05,1.17430618076486e-05,0.000616716217854113,3.13311252349834e-05,0.000145437953602441,0.00030440449894239,0.00018371325734853,0.00016608720685608,3.07929176289453e-05,0.000208724095338305,9.08406654727608e-05,7.98704324096466e-05
"28","bc",6.2170496369243e-06,5.48009551023604e-05,0.000548984378899037,0,0,0,0,0,0,1.7155405096299e-05,0.000233590282644242,0.000297295498413684
"29","bd",8.08216452800159e-05,0.000172231573178847,0.000146158178797796,2.68552502014144e-05,0.000148289678182881,0.000819550574075664,0.00019496100779844,9.96523241136479e-05,0.000600461893764434,2.2873873461732e-05,1.94658568870202e-05,0
"30","be",0.120203546205113,0.309531451833875,0.240373166784306,0.313396293975472,0.279235167467526,0.233548497880876,0.322435512897421,0.242025968657499,0.229361046959199,0.399543666224438,0.350800695579953,0.393463936281144
"31","bf",0,2.34861236152973e-05,2.85186690337162e-05,0.000420732253155492,2.28137966435202e-05,4.68314613757522e-05,0.00013497300539892,0.000125488111846816,2.3094688221709e-05,0.001109382862894,9.73292844351008e-06,0
"32","bg",0.296926290659505,0.254092457039966,0.276627524793418,0.308772715065795,0.320844680820726,0.234680258197457,0.219616076784643,0.27495921636365,0.25108545034642,0.243915549659179,0.259084066547276,0.142120559980476
"33","bh",0.109329926390132,0.0837358593964066,0.107476169087189,0.097891862859189,0.0517901701053712,0.0928902036388045,0.112653719256149,0.126447726819762,0.106381832178599,0.0844817923967245,0.101303563549534,0.0906396290462139
"34","bi",0.00860439669750323,0.0165029161936822,0.00448099587192266,0.00490555903679169,0.00144297263770265,0.00273183524691888,0.00243326334733053,0.00248761727602217,0.0197767513471901,0.00123232993275081,0.010589426146539,0.00558649302243028
"35","bj",0.0447099124639411,0.0577328062003366,0.0849499853841821,0.044360397457703,0.0332397017096089,0.0568143678923501,0.0382048590281944,0.0553070398830746,0.0424018475750577,0.0586428930875154,0.0403981416595292,0.0455083974885186
"36","bk",0.00565751516960111,0.00144831095627667,0.00340441611589987,0.00253334526900009,0.00265210385980922,0.0056900225571539,0.0104079184163167,0.00243225487373681,0.00888375673595073,0.000834896381353218,0.00309182693555504,0.0387549087036585
"37","bl",3.10852481846215e-06,7.82870787176576e-06,0,0,0,0,0,0,0,0,0,0
"38","bm",0,0,0,0.000434159878256199,5.70344916088004e-06,7.80524356262537e-06,1.874625074985e-05,2.9526614552192e-05,3.07929176289453e-05,0,0,0
"39","bn",4.0410822640008e-05,0.000810271264727757,9.62505079887922e-05,8.05657506042431e-05,2.28137966435202e-05,6.2441948501003e-05,0.00012372525494901,0.00014763307276096,8.46805234795997e-05,2.8592341827165e-05,2.59544758493602e-05,0
"40","bo",1.86511489107729e-05,0.000865072219830117,0.000153287846056225,0.000407304628054785,2.85172458044002e-06,3.90262178131269e-05,0.00030743851229754,0.000155014726399008,0.000261739799846035,1.42961709135825e-05,9.73292844351008e-06,0
"41","bp",8.08216452800159e-05,0,0,8.95175006713813e-06,7.12931145110005e-05,4.68314613757522e-05,0.00025119976004799,0.00075661949789992,0.000685142417244034,0,0,0
"42","bq",0.048213219934348,0.0671898853094297,0.0605094860222873,0.119465580520992,0.195015185433391,0.192516332472155,0.129292891421716,0.110267142045161,0.124788298691301,0.0108793860652363,0.0521620078382517,0.0748297206753489
"43","br",0.0789130110414802,0.0101538341096802,0.016002538161544,0.00327186464953898,0.0269716110818017,0.0101624271185382,0.0105578884223155,0.016309763713267,0.0182755966127791,0.0115055583512512,0.0558183446235303,0.0407472322676547
"44","bs",0.151615189495673,0.0549692723216033,0.0929494720481395,0.0531644436487333,0.0246046796800365,0.0539576487484292,0.0323297840431914,0.0585660399642728,0.080846805234796,0.0499765542797017,0.0444989488437281,0.0870188361103099
"45","bt",0.0344331294141052,0.0473206247308882,0.0372346872571457,0.0194969116462268,0.0258822522920736,0.041773663547171,0.0413879724055189,0.0408611437134147,0.0515858352578907,0.0331499611144151,0.0204034623270783,0.0353870388037184
"46","bu",0.0301837759872675,0.000634125337613027,9.26856743595776e-05,0.00289589114671918,0.000678710450144725,0.000601003754322154,0.0391721655668866,0.00543289707760332,0.00390300230946882,0.000506084450340821,0.0214351527420904,0.011749828056708
"47","bv",0.000345046254849299,0.00166360042275023,0.00121204343393294,0,6.55896653501205e-05,0.00072588765132416,2.249550089982e-05,0.0334979442094618,0.00389530408006159,0.000792007868612471,0.000204391497313712,0.00157965966321301
"48","bw",0.000133666567193872,0.000892472697381297,0.0104164438645648,0.000590815504431116,0.00251236935536766,0.00250548318360274,0.000836082783443311,0.000882107609746735,0.000554272517321016,0.00246751909968434,0.000256300449012432,0.00123799170234952
"49","bx",0.0398948075201432,0.0549927584452186,0.0325754497037623,0.0136379912272849,0.0130780089258979,0.0231971838681226,0.0235377924415117,0.0125192845701294,0.0278521939953811,0.0226966009424036,0.0215259934075631,0.0126949615068888
"50","by",0,7.82870787176576e-06,0,0,0,7.80524356262537e-06,2.999400119976e-05,0.000188232167770224,0,0.0619395901001876,0,0
"51","bz",0.00595593355217348,0.00297490899127099,0.00326895243798972,0.00220660639154955,0.00230704518557598,0.00452704126632272,0.00427789442111578,0.00245439983465096,0.00768283294842186,0.00240747518184729,0.00426951127721976,0.00166840458811262
"52","ca",0,0.00898344228285122,0,0,2.85172458044002e-06,0,2.249550089982e-05,3.690826819024e-06,0,0,0,0
"53","cb",8.39301700984781e-05,1.95717696794144e-05,7.12966725842905e-05,0.000675857130068928,0.00136597607403077,0.00680617238660932,0.000843581283743251,0.00103712233614574,0.00214780600461894,0.000148680177501258,0,0
"54","cc",0.0130682383368149,0.0163580850980546,0.0134715062848017,0.00730462805478471,0.00856087719048094,0.0181081650652909,0.00569511097780444,0.00786146112452112,0.0134180138568129,0.00768562148314196,0.00728347478522671,0.010627204756728
"55","cd",0.00116569680692331,0.00208635064782558,0.0025524208785176,0.000841464506310984,0.000607417335633724,0.00179520601940384,0.000749850029994001,0.00103343150932672,0.00130869899923018,0.00213012946612379,0.00219639751875211,0.00185920617664677
"56","ce",0.00535909678702875,0.00499080126825067,0.0050549340862262,0.00109658938322442,0.000801334607103646,0.00115517604726856,0.00115851829634073,0.0015538380908091,0.000769822940723634,0.00278203485978316,0.00151833683718757,0.00139329532092383
"57","cf",3.10852481846215e-06,0.000113516264140604,0.000552549212528251,0.00129800375973503,0.0059857698943436,0.0030752659636744,4.87402519496101e-05,3.690826819024e-05,0.000269438029253272,2.57331076444485e-05,0.000454203327363804,0
"58","cg",0,0,0,0,0,0,0,0,0,0,0,0
"59","ch",0.000892146622898637,0.000152659803499432,0.000114074676134865,0.000138752126040641,0.000273765559722242,0.00266158805485525,0.000821085782843431,0.00042444508418776,0.00124711316397229,8.86362596642115e-05,0.000171948402502011,0.00072770838417678
"60","ci",0.000683875460061673,0.000301405253062982,0.00331173044154029,0.000496822128726166,0.00133745882822637,0.0016000749303382,0.001874625074985,0.00170885281720811,0.000646651270207852,0.000380278146301295,0.000207635806794882,0.000315044483393606
"61","cj",0.00129625484929872,3.91435393588288e-06,0.000777133731168766,8.95175006713813e-06,0,0,3.74925014997001e-06,0,0,0,0.000866230631472397,0.00145097952210858
"62","ck",0.00165373520342186,0.000970759776098955,0.000516900876236106,4.92346253692597e-05,0.000105513809476281,0.000335625473192891,0.00027369526094781,0.00016608720685608,0.000261739799846035,0.000182990987693856,0.000970048534869838,0.000199676081024116
"63","cl",0,0,4.27780035505743e-05,6.26622504699669e-05,9.41069111545207e-05,0.00645493642629118,0,0,0.000177059276366436,4.0029278558031e-05,2.59544758493602e-05,0
"64","cm",6.52790211877052e-05,1.17430618076486e-05,0.000616716217854113,3.13311252349834e-05,0.000145437953602441,0.00030440449894239,0.00018371325734853,0.00016608720685608,3.07929176289453e-05,0.000208724095338305,9.08406654727608e-05,7.98704324096466e-05
"65","cn",0,0,0,0,0,0,0,0,0,0,0,0
"66","co",0.000313961006664677,0.000191803342858261,0.000331529527516951,2.68552502014144e-05,0.000114068983217601,0.000343430716755516,8.24835032993401e-05,5.536240228536e-05,0.000708237105465743,8.5777025481495e-05,7.46191180669106e-05,6.21214474297251e-05
"67","cp",6.52790211877052e-05,3.91435393588288e-05,3.92131699213598e-05,0,1.14068983217601e-05,7.80524356262537e-06,1.499700059988e-05,0,5.38876058506543e-05,7.71993229333455e-05,0,0
"68","cq",6.2170496369243e-06,5.48009551023604e-05,0.000548984378899037,0,0,0,0,0,0,1.7155405096299e-05,0.000233590282644242,0.000297295498413684
"69","cr",8.08216452800159e-05,0.000172231573178847,0.000146158178797796,2.68552502014144e-05,0.000148289678182881,0.000819550574075664,0.00019496100779844,9.96523241136479e-05,0.000600461893764434,2.2873873461732e-05,1.94658568870202e-05,0
"70","cs",0.120113398985378,0.308916898265941,0.238961492667137,0.313226210724197,0.279235167467526,0.233509471663063,0.322390521895621,0.242000132869765,0.229245573518091,0.395329155039114,0.350690389057593,0.393051272380361
"71","ct",0,0,0,3.13311252349834e-05,2.85172458044002e-06,0,2.249550089982e-05,3.690826819024e-06,2.3094688221709e-05,0,3.24430948117003e-06,0
"72","cu",9.01472197354024e-05,0.000614553567933613,0.00141167411716895,0.000170083251275624,0,3.90262178131269e-05,4.49910017996401e-05,2.5835787733168e-05,0.000115473441108545,0.00421451118532412,0.000110306522359781,0.000412663900783174
"73","cv",0,1.95717696794144e-05,2.85186690337162e-05,0.000389401127920508,1.99620720630801e-05,3.12209742505015e-05,0.0001124775044991,0.000121797285027792,0,0.001109382862894,6.48861896234006e-06,0
"74","cw",0,0,0,0,0,0,0,0,0,0,0,0
"75","cx",0,3.91435393588288e-06,0,0,0,1.56104871252507e-05,0,0,0,0,0,0
"76","cy",0.0927024271361783,0.0503738208008768,0.0309106723989191,0.0677736997583027,0.0511114596552265,0.0705359860754455,0.0625937312537493,0.0667855112902392,0.0906697459584296,0.0184620751178004,0.0641464870616938,0.0293479466643001
"77","cz",0.0284896299612056,0.104086585509062,0.116926543038236,0.0795139199713544,0.112711562317311,0.0560494540232128,0.114768296340732,0.108617342457057,0.103979984603541,0.0909379431812983,0.055698305172727,0.0302132096820713
"78","da",0.175721799462847,0.0993032449994129,0.128661975345611,0.161485095336138,0.157021658848188,0.108079207611674,0.0420215956808638,0.0995489809627153,0.0556120092378753,0.134469783613157,0.139229541384412,0.0825594036341047
"79","db",0.106998532776286,0.0794652992523584,0.105412130415873,0.0971533434786501,0.0499850284459527,0.0908140088511462,0.106171265746851,0.123690679185951,0.098044649730562,0.083346676426186,0.100125879207869,0.081796197279968
"80","dc",0.0066771113100567,0.0129956550671312,0.00287325590514691,0.00391639065437293,0.000655896653501205,0.00205277905697047,0.00195335932813437,0.00154276561035203,0.0136104695919938,0.000431744361590192,0.00191414259389032,0.003616355689659
"81","dd",0.031909007261514,0.0488589658276901,0.0548271412173194,0.0280010742100081,0.0248898521380805,0.0515614389747032,0.0354266646670666,0.0471244768252984,0.0305465742879138,0.0436547875017155,0.0311194165433829,0.0414660661593415
"82","de",0.0001150154182831,3.91435393588288e-06,0,7.1614000537105e-05,1.99620720630801e-05,0.000374651691006018,2.624475104979e-05,1.1072480457072e-05,0.000654349499615088,8.5777025481495e-06,9.73292844351008e-06,0
"83","df",0.0121512235153685,0.00786393705718871,0.0292565895949636,0.0163548473726614,0.0083441461223675,0.00484705625239036,0.00252699460107978,0.00807552908002451,0.011401077752117,0.01495665400979,0.0092657478782216,0.00404233132917711
"84","dg",0.00565751516960111,0.00144831095627667,0.00340441611589987,0.00253334526900009,0.00265210385980922,0.0056900225571539,0.0104079184163167,0.00243225487373681,0.00888375673595073,0.000834896381353218,0.00309182693555504,0.0387549087036585
"85","dh",0,0,0,0,0,0,0,0,0,0,0,0
"86","di",0.00188687456480653,0.00335851567698751,0.00152931362693303,0.000304359502282696,0.000139734504441561,0.000554172292946401,0.00024370125974805,0.000919015877936975,0.00542725173210162,0.000128665538222243,0.00850657945962781,0.00197013733277128
"87","dj",0.00095431711926788,0.000246604297960622,0.000556114046157466,0.000456539253424044,0.000473386280353044,0.00103029215026655,0.00238077384523095,0.000549933196034576,0.00208622016936105,0.000157257880049408,0.000535311064393055,0.00846182858917756
"88","dk",0.00126206107629563,0.00402004149215172,0.00150792462515774,0.000210366126577746,0.00131179330700241,0.000671250946385782,0.0040754349130174,0.00219604195731928,0.00559661277906082,0.000969280387940894,0.000632640348828155,0.000381603177068311
"89","dl",0,7.82870787176576e-06,0,0,0,0,0,0,0,0,0,0
"90","dm",3.10852481846215e-06,7.82870787176576e-06,0,0,0,0,0,0,0,0,0,0
"91","dn",0,0.000133088033820018,5.70373380674324e-05,0.000684808880136067,0.000647341479759885,0.000109273409876755,0.0001874625074985,0,6.15858352578907e-05,0.000669060798755661,7.46191180669106e-05,0
"92","do",4.0410822640008e-05,1.56574157435315e-05,2.13890017752871e-05,0,0,1.56104871252507e-05,4.87402519496101e-05,2.5835787733168e-05,0.000677444187836798,2.8592341827165e-06,9.40849749539308e-05,0
"93","dp",0,0,0,0.000434159878256199,5.70344916088004e-06,7.80524356262537e-06,1.874625074985e-05,2.9526614552192e-05,3.07929176289453e-05,0,0,0
"94","dq",4.0410822640008e-05,0.000810271264727757,9.62505079887922e-05,8.05657506042431e-05,2.28137966435202e-05,6.2441948501003e-05,0.00012372525494901,0.00014763307276096,8.46805234795997e-05,2.8592341827165e-05,2.59544758493602e-05,0
"95","dr",1.86511489107729e-05,0.000865072219830117,0.000153287846056225,0.000407304628054785,2.85172458044002e-06,3.90262178131269e-05,0.00030743851229754,0.000155014726399008,0.000261739799846035,1.42961709135825e-05,9.73292844351008e-06,0
"96","ds",1.24340992738486e-05,0.000320977022742396,0.000128334010651723,0,0,1.56104871252507e-05,0.00023245350929814,7.381653638048e-06,0.000823710546574288,4.5747746923464e-05,9.73292844351008e-06,0
"97","dt",0.000649681687058589,0.00100990331545778,0.00086625457189913,4.47587503356906e-06,5.70344916088004e-06,0.000405872665256519,0.00025119976004799,0.000107033977751696,0.000454195535026944,3.14515760098815e-05,1.29772379246801e-05,0
"98","du",8.08216452800159e-05,0,0,8.95175006713813e-06,7.12931145110005e-05,4.68314613757522e-05,0.00025119976004799,0.00075661949789992,0.000685142417244034,0,0,0
"99","dv",0.048213219934348,0.0671898853094297,0.0605094860222873,0.119465580520992,0.195015185433391,0.192516332472155,0.129292891421716,0.110267142045161,0.124788298691301,0.0108793860652363,0.0521620078382517,0.0748297206753489
"100","dw",0.0436436884512086,0.00358554820526872,0.00555757562794544,0.00214394414107958,0.0257767384825974,0.00696227725786183,0.00499025194961008,0.00589794125680035,0.00508083140877598,0.00319376458209433,0.0307171221677178,0.0231313646750826
"101","dx",0.00158223913259723,0.00101381766939367,0.00155426746233753,0.000505773878793304,0.000949624285286527,0.00251328842716537,0.00484403119376125,0.0100316672941072,0.0118937644341801,0.00197001235189167,0.00199525033091957,0.00197013733277128
"102","dy",0.151615189495673,0.0549692723216033,0.0929494720481395,0.0531644436487333,0.0246046796800365,0.0539576487484292,0.0323297840431914,0.0585660399642728,0.080846805234796,0.0499765542797017,0.0444989488437281,0.0870188361103099
"103","dz",0.0246568188600418,0.032152503229342,0.0284045943575813,0.0174559126309193,0.0226255828212111,0.0340152514459214,0.0324872525494901,0.0298108082172568,0.0400615858352579,0.0270197630266709,0.0172013288691635,0.0333281565460475
"104","ea",0.0336870834576743,0.00555446823501781,0.00889069507126102,0.0006221466296661,0.000245248313917842,0.000686861433511033,0.000723605278944211,0.000380155162359472,0.00130100076982294,0.0063417814172652,0.0231059721248929,0.0156457302598008
"105","eb",0.0301837759872675,0.000634125337613027,9.26856743595776e-05,0.00289589114671918,0.000678710450144725,0.000601003754322154,0.0391721655668866,0.00543289707760332,0.00390300230946882,0.000506084450340821,0.0214351527420904,0.011749828056708
"106","ec",0,0,0,0,0,0,0,0,0,0,0,0
"107","ed",0.000133666567193872,0.000892472697381297,0.0104164438645648,0.000590815504431116,0.00251236935536766,0.00250548318360274,0.000836082783443311,0.000882107609746735,0.000554272517321016,0.00246751909968434,0.000256300449012432,0.00123799170234952
"108","ee",0.0237864319108724,0.0223039887266607,0.0126836780527453,0.00456091665920687,0.00645060100095533,0.00943653946721407,0.00616001799640072,0.00501952447387264,0.0100076982294072,0.00590145935312686,0.00983999065638869,0.00466798304971934
"109","ef",0,7.82870787176576e-06,0,0,0,7.80524356262537e-06,2.999400119976e-05,0.000188232167770224,0,0.0619395901001876,0,0
"110","eg",0.00805729632945389,0.0200493208595921,0.0119671464932732,0.00265419389490645,0.00410363167125319,0.00838283158625965,0.00738977204559088,0.00314089362298942,0.0108622016936105,0.0109279930463425,0.00671572062602196,0.00579060634969938
"111","eh",0.0080324281309062,0.0123811014991976,0.00785689331878881,0.00640050129800376,0.00252377625368942,0.00535439708396101,0.00986052789442112,0.00385322319906105,0.00685142417244034,0.00578137151745277,0.00455825482104389,0.00222749761498014
"112","ei",0.00796404058490003,0.00484597017262301,0.00544706578543979,0.000966789007250918,0.0021444968844909,0.0053231761097105,0.00196835632873425,0.00461722435059902,0.00789068514241724,0.00306795827805481,0.00206662513950531,0.00121580547112462
"113","ej",0.0047467173977917,0.000959016714291306,0.00116926543038236,0.00157550801181631,0.00148289678182881,0.00216205246684723,0.0035505398920216,0.00171254364402713,0.0015473441108545,0.000609016880918615,0.00349412131122012,0.00120249373238968
"114","ek",0.000345046254849299,0.00166360042275023,0.00121204343393294,0,6.55896653501205e-05,0.00072588765132416,2.249550089982e-05,0.0334979442094618,0.00389530408006159,0.000792007868612471,0.000204391497313712,0.00157965966321301
"115","el",0,0,0,0,0,0,0,0,0,0,0,0
"116","em",8.39301700984781e-05,1.95717696794144e-05,7.12966725842905e-05,0.000675857130068928,0.00136597607403077,0.00680617238660932,0.000843581283743251,0.00103712233614574,0.00214780600461894,0.000148680177501258,0,0
"117","en",0.00223813786929275,0.00288879320468157,0.00160417513314654,0.00169188076268911,0.00247529693582194,0.00227913112028661,0.000854829034193161,0.00107033977751696,0.00326404926866821,0.00122375223020266,0.00113875262789068,0.00157078517072305
"118","eo",0.000519123644683179,0.0064704270560144,0.000955375412629492,0.000555008504162564,9.98103603154007e-05,0.000546367049383776,0.00549640071985603,0.00538122550213699,0.00157813702848345,0.00189567226314104,0.000434737470476784,0.000208550573514077
"119","ep",0.0046317019795086,0.00482248404900771,0.00288395040603455,0.00269447677020858,0.00321674532673634,0.00958483909490396,0.00227204559088182,0.00301909633796163,0.00562740569668976,0.00297932201839059,0.00254029432375613,0.00229405630865485
"120","eq",0.00116569680692331,0.00208635064782558,0.0025524208785176,0.000841464506310984,0.000607417335633724,0.00179520601940384,0.000749850029994001,0.00103343150932672,0.00130869899923018,0.00213012946612379,0.00219639751875211,0.00185920617664677
"121","er",0.00212933950064657,0.000575410028574784,0.000385002031955169,0.00103840300778802,0.000182510373148161,0.00123322848289481,0.00031118776244751,0.000878416782927712,0.00117013086989992,0.000760556292602589,0.000674816372083366,0.0021476271825705
"122","es",0.00103824728936636,0.00383998121110111,0.00209255734034893,0.000443111628323337,0.000464831106611723,0.00145958054621094,0.000472405518896221,0.000487189140111168,0.0011855273287144,0.000846333318084084,0.000931116821095798,0.00118030750116478
"123","et",0.00535909678702875,0.00499080126825067,0.0050549340862262,0.00109658938322442,0.000801334607103646,0.00115517604726856,0.00115851829634073,0.0015538380908091,0.000769822940723634,0.00278203485978316,0.00151833683718757,0.00139329532092383
"124","eu",0,7.82870787176576e-06,7.12966725842905e-06,0.000689284755169636,0.0056720801904952,0.000124883897002006,2.999400119976e-05,0,0,1.42961709135825e-05,0,0
"125","ev",0,0.00898344228285122,0,0,0,0,2.249550089982e-05,0,0,0,0,0
"126","ew",0.000236247886203123,5.87153090382432e-05,0.000263797688561875,0.000116372750872796,0.000638786306018565,0.00135030713633419,0.0001124775044991,0.000132869765484864,0.00193225558121632,0.000154398645866691,0.000158971164577331,5.76842011847447e-05
"127","ex",0,0,0,0,0,0,0,0,0,0,0,0
"128","ey",0.000475604297224709,0.00288487885074568,0.00125482143748351,9.39933757049503e-05,0.000153993127343761,0.000210741576190885,0.000464907018596281,0.0005536240228536,0.000892994611239415,0.000617594583466764,4.86646422175504e-05,3.99352162048233e-05
"129","ez",0.000379240027852382,0.00147571143382785,0.00151861912604539,7.1614000537105e-05,2.85172458044002e-05,0.00030440449894239,0.00026994601079784,0.000188232167770224,0.0041108545034642,0.00155256416121506,0.000337408186041683,0.000159740864819293
"130","fa",3.10852481846215e-06,7.82870787176576e-06,0.000545419545269822,0.000608719004565393,0.000313689703848402,5.46367049383776e-05,1.874625074985e-05,3.690826819024e-05,0.000269438029253272,1.1436936730866e-05,0.000447714708401464,0
"131","fb",0.000892146622898637,0.000152659803499432,0.000114074676134865,0.000138752126040641,0.000273765559722242,0.00266158805485525,0.000821085782843431,0.00042444508418776,0.00124711316397229,8.86362596642115e-05,0.000171948402502011,0.00072770838417678
"132","fc",0.000683875460061673,0.000301405253062982,0.00331173044154029,0.000496822128726166,0.00133745882822637,0.0016000749303382,0.001874625074985,0.00170885281720811,0.000646651270207852,0.000380278146301295,0.000207635806794882,0.000315044483393606
"133","fd",0.000152317716104645,0.000575410028574784,0.000434909702764172,0.000281980127114851,0.000644489755179445,0.00117078653439381,0.000554889022195561,0.000343246894169232,0.000908391070053888,0.000208724095338305,0.000389317137740403,0.000310607237148626
"134","fe",0,0,0,0,2.85172458044002e-06,0,0,3.690826819024e-06,0,0,0,0
"135","ff",0,0,0,0,0,0,0,0,0,0,0,0
"136","fg",0.00129625484929872,3.91435393588288e-06,0.000777133731168766,8.95175006713813e-06,0,0,3.74925014997001e-06,0,0,0,0.000866230631472397,0.00145097952210858
"137","fh",0.00165373520342186,0.000970759776098955,0.000516900876236106,4.92346253692597e-05,0.000105513809476281,0.000335625473192891,0.00027369526094781,0.00016608720685608,0.000261739799846035,0.000182990987693856,0.000970048534869838,0.000199676081024116
"138","fi",0.0006652243111509,0.000391435393588288,0.000737920561247407,0.00014322800107421,0.000213879343533002,0.000507340831570649,0.000416166766646671,0.000155014726399008,0.000254041570438799,0.000340248867743264,0.000262789067974772,0.000283983759678743
"139","fj",0.000484929871680096,0.000465808118370063,0.000844865570123842,3.58070002685525e-05,0.000213879343533002,0.000507340831570649,5.62387522495501e-05,0.000302647799159968,0.000107775211701309,0.00040887048812846,0.000337408186041683,0.00011980564861447
"140","fk",0.00040410822640008,0.00198457744549262,0.000923291909966562,0.000461015128457613,0.00114924500591733,0.000679056189948407,0.000393671265746851,0.000542551542396528,0.000715935334872979,0.000417448190676609,0.000285499234342962,0.0007232711379318
"141","fl",0,0,4.27780035505743e-05,6.26622504699669e-05,9.41069111545207e-05,0.00645493642629118,0,0,0.000177059276366436,4.0029278558031e-05,2.59544758493602e-05,0
"142","fm",0.000233139361384661,0.000700669354523036,0.00101954241795535,0.000501298003759735,9.41069111545207e-05,0.000476119857320148,0.000371175764847031,9.96523241136479e-05,0.000615858352578907,0.000345967336108697,0.000480157803213164,0.000545781288132585
"143","fn",0.000817542027255546,0.000731984186010099,0.00247399453867488,0.000358070002685525,0.000493348352416124,0.0015376329818372,0.000742351529694061,0.00105557647024086,0.000477290223248653,0.000597579944187749,0.000460691946326144,0.00158853415570297
"144","fo",6.52790211877052e-05,1.17430618076486e-05,0.000616716217854113,3.13311252349834e-05,0.000145437953602441,0.00030440449894239,0.00018371325734853,0.00016608720685608,3.07929176289453e-05,0.000208724095338305,9.08406654727608e-05,7.98704324096466e-05
"145","fp",0.00046317019795086,0.000191803342858261,0.000245973520415802,0.000219317876644884,0.000134031055280681,0.000593198510759528,0.00028494301139772,0.000177159687313152,5.38876058506544e-05,5.1466215288897e-05,0.000175192711983181,8.87449248996073e-05
"146","fq",0,0,0,0,0,0,0,0,0,0,0,0
"147","fr",0.000313961006664677,0.000191803342858261,0.000331529527516951,2.68552502014144e-05,0.000114068983217601,0.000343430716755516,8.24835032993401e-05,5.536240228536e-05,0.000708237105465743,8.5777025481495e-05,7.46191180669106e-05,6.21214474297251e-05
"148","fs",0.000559534467323187,0.000199632050730027,0.00118708959852844,8.05657506042431e-05,0.000268062110561362,0.000171715358377758,0.0001874625074985,0.000391227642816544,0.000184757505773672,5.1466215288897e-05,9.40849749539308e-05,0.00012424289485945
"149","ft",6.52790211877052e-05,3.91435393588288e-05,3.92131699213598e-05,0,1.14068983217601e-05,7.80524356262537e-06,1.499700059988e-05,0,5.38876058506543e-05,7.71993229333455e-05,0,0
"150","fu",6.2170496369243e-06,5.48009551023604e-05,0.000548984378899037,0,0,0,0,0,0,1.7155405096299e-05,0.000233590282644242,0.000297295498413684
"151","fv",0.000133666567193872,0,0,0,0,7.80524356262537e-06,0,3.690826819024e-06,0,0,0.000116795141322121,0.000315044483393606
"152","fw",8.08216452800159e-05,0.000172231573178847,0.000146158178797796,2.68552502014144e-05,0.000148289678182881,0.000819550574075664,0.00019496100779844,9.96523241136479e-05,0.000600461893764434,2.2873873461732e-05,1.94658568870202e-05,0
"153","fx",0.00013055804237541,0.000289662191255333,7.12966725842905e-05,0.000223793751678453,2.28137966435202e-05,0.000117078653439381,5.99880023995201e-05,0.000243594570055584,3.84911470361817e-05,4.0029278558031e-05,0.000103817903397441,0.000159740864819293
"154","fy",1.86511489107729e-05,0.00025834735976827,6.7731838955076e-05,2.23793751678453e-05,0,2.34157306878761e-05,0.00012747450509898,0.000505643274206288,0.000130869899923018,8.5777025481495e-05,0.000412027304108594,8.87449248996073e-06
"155","fz",0,9.78588483970721e-05,0,0,0,0.00289574536173401,0,0,0,0,6.48861896234006e-06,0
"156","ga",0.000397891176763155,0.00014874544956355,5.70373380674324e-05,0,2.85172458044002e-06,0.000171715358377758,3.37432513497301e-05,1.1072480457072e-05,6.9284064665127e-05,5.43254494716135e-05,0.000223857354200732,1.77489849799215e-05
"157","gb",0.120107181935741,0.307312013152229,0.233371833536529,0.313127741473458,0.279223760569204,0.233017741318618,0.322386772645471,0.242000132869765,0.229245573518091,0.395106134772862,0.350690389057593,0.393046835134116
"158","gc",0,0,0,3.13311252349834e-05,2.85172458044002e-06,0,2.249550089982e-05,3.690826819024e-06,2.3094688221709e-05,0,3.24430948117003e-06,0
"159","gd",0,0,0,0,0,0,0,0,0,0,0,0
"160","ge",9.01472197354024e-05,0.000614553567933613,0.00141167411716895,0.000170083251275624,0,3.90262178131269e-05,4.49910017996401e-05,2.5835787733168e-05,0.000115473441108545,0.00421451118532412,0.000110306522359781,0.000412663900783174
"161","gf",0,1.95717696794144e-05,2.85186690337162e-05,0.000389401127920508,1.99620720630801e-05,3.12209742505015e-05,0.0001124775044991,0.000121797285027792,0,0.001109382862894,6.48861896234006e-06,0
"162","gg",0,0,0,0,0,0,0,0,0,0,0,0
"163","gh",0,3.91435393588288e-06,0,0,0,1.56104871252507e-05,0,0,0,0,0,0
"164","gi",0,0.00160488511371198,0.00283404273522555,9.84692507385194e-05,1.14068983217601e-05,0.000491730344445398,3.74925014997001e-06,0,0,0.000223020266251887,0,0
"165","gj",6.2170496369243e-06,0,0.00275561639538283,0,0,0,0,0,0,0,0,4.43724624498037e-06
"166","gk",0.0927024271361783,0.0503738208008768,0.0309106723989191,0.0677736997583027,0.0511114596552265,0.0705359860754455,0.0625937312537493,0.0667855112902392,0.0906697459584296,0.0184620751178004,0.0641464870616938,0.0293479466643001
"167","gl",0.0284709788122948,0.10192977649039,0.116470244333697,0.079487064721153,0.112705858868151,0.0560416487796502,0.113129874025195,0.1086062699766,0.103979984603541,0.0895683700077771,0.054838563160217,0.0302132096820713
"168","gm",0.175721799462847,0.0993032449994129,0.128661975345611,0.161485095336138,0.157021658848188,0.108079207611674,0.0420215956808638,0.0995489809627153,0.0556120092378753,0.134469783613157,0.139229541384412,0.0825594036341047
"169","gn",0.106998532776286,0.0794535561905508,0.105401435914986,0.0971533434786501,0.0499850284459527,0.0908140088511462,0.106171265746851,0.123690679185951,0.098044649730562,0.0833209433185416,0.0998014482597524,0.081796197279968
"170","go",0.0066771113100567,0.0129956550671312,0.00287325590514691,0.00391639065437293,0.000655896653501205,0.00205277905697047,0.00195335932813437,0.00154276561035203,0.0136104695919938,0.000431744361590192,0.00191414259389032,0.003616355689659
"171","gp",0.0279487466427932,0.0477120601244765,0.0530162057336784,0.0261749171963119,0.0230676001311793,0.0480256636408339,0.0263309838032394,0.0451757202648537,0.0193841416474211,0.0432259023743081,0.029078745879727,0.0102988485345994
"172","gq",0.0001150154182831,3.91435393588288e-06,0,7.1614000537105e-05,1.99620720630801e-05,0.000374651691006018,2.624475104979e-05,1.1072480457072e-05,0.000654349499615088,8.5777025481495e-06,9.73292844351008e-06,0
"173","gr",0.0120828359693624,0.00743727247817748,0.0291211259170535,0.0163548473726614,0.0083156288765631,0.00475339332963885,0.00248950209958008,0.00805338411911036,0.0109699769053118,0.014936639370511,0.00925925925925926,0.00404233132917711
"174","gs",0.00565751516960111,0.00144831095627667,0.00340441611589987,0.00253334526900009,0.00265210385980922,0.0056900225571539,0.0104079184163167,0.00243225487373681,0.00888375673595073,0.000834896381353218,0.00309182693555504,0.0387549087036585
"175","gt",0.00396026061872078,0.00114690570321368,0.00181093548364098,0.00182615701369618,0.00182225200690117,0.00353577533386929,0.00909568086382723,0.00194875656044467,0.0111624326404927,0.000428885127407475,0.00204067066365595,0.0311672176247421
"176","gu",0,0,0,0,0,0,0,0,0,0,0,0
"177","gv",6.83875460061673e-05,0.000426664579011234,0.000135463677910152,0,2.85172458044002e-05,9.36629227515045e-05,3.74925014997001e-05,2.2144960914144e-05,0.000431100846805235,2.00146392790155e-05,6.48861896234006e-06,0
"178","gw",0.00188687456480653,0.00335851567698751,0.00152931362693303,0.000304359502282696,0.000139734504441561,0.000554172292946401,0.00024370125974805,0.000919015877936975,0.00542725173210162,0.000128665538222243,0.00850657945962781,0.00197013733277128
"179","gx",1.86511489107729e-05,0.00215680901867147,0.000456298704539459,2.68552502014144e-05,5.70344916088004e-06,7.80524356262537e-06,0.00163842231553689,1.1072480457072e-05,0,0.0013695731735212,0.000859742012510057,0
"180","gy",0.00095431711926788,0.000246604297960622,0.000556114046157466,0.000456539253424044,0.000473386280353044,0.00103029215026655,0.00238077384523095,0.000549933196034576,0.00208622016936105,0.000157257880049408,0.000535311064393055,0.00846182858917756
"181","gz",0.00126206107629563,0.00402004149215172,0.00150792462515774,0.000210366126577746,0.00131179330700241,0.000671250946385782,0.0040754349130174,0.00219604195731928,0.00559661277906082,0.000969280387940894,0.000632640348828155,0.000381603177068311
"182","ha",0,7.82870787176576e-06,0,0,0,0,0,0,0,0,0,0
"183","hb",0,1.17430618076486e-05,1.06945008876436e-05,0,0,0,0,0,0,2.57331076444485e-05,0.000324430948117003,0
"184","hc",3.10852481846215e-06,7.82870787176576e-06,0,0,0,0,0,0,0,0,0,0
"185","hd",0,0.000133088033820018,5.70373380674324e-05,0.000684808880136067,0.000647341479759885,0.000109273409876755,0.0001874625074985,0,6.15858352578907e-05,0.000669060798755661,7.46191180669106e-05,0
"186","he",4.0410822640008e-05,1.56574157435315e-05,2.13890017752871e-05,0,0,1.56104871252507e-05,4.87402519496101e-05,2.5835787733168e-05,0.000677444187836798,2.8592341827165e-06,9.40849749539308e-05,0
"187","hf",0,0,0,0.000434159878256199,5.70344916088004e-06,7.80524356262537e-06,1.874625074985e-05,2.9526614552192e-05,3.07929176289453e-05,0,0,0
"188","hg",4.0410822640008e-05,0.000810271264727757,9.62505079887922e-05,8.05657506042431e-05,2.28137966435202e-05,6.2441948501003e-05,0.00012372525494901,0.00014763307276096,8.46805234795997e-05,2.8592341827165e-05,2.59544758493602e-05,0
"189","hh",1.86511489107729e-05,0.000865072219830117,0.000153287846056225,0.000407304628054785,2.85172458044002e-06,3.90262178131269e-05,0.00030743851229754,0.000155014726399008,0.000261739799846035,1.42961709135825e-05,9.73292844351008e-06,0
"190","hi",1.24340992738486e-05,0.000320977022742396,0.000128334010651723,0,0,1.56104871252507e-05,0.00023245350929814,7.381653638048e-06,0.000823710546574288,4.5747746923464e-05,9.73292844351008e-06,0
"191","hj",0.000649681687058589,0.00100990331545778,0.00086625457189913,4.47587503356906e-06,5.70344916088004e-06,0.000405872665256519,0.00025119976004799,0.000107033977751696,0.000454195535026944,3.14515760098815e-05,1.29772379246801e-05,0
"192","hk",8.08216452800159e-05,0,0,8.95175006713813e-06,7.12931145110005e-05,4.68314613757522e-05,0.00025119976004799,0.00075661949789992,0.000685142417244034,0,0,0
"193","hl",0.048213219934348,0.0671898853094297,0.0605094860222873,0.119465580520992,0.195015185433391,0.192516332472155,0.129292891421716,0.110267142045161,0.124788298691301,0.0108793860652363,0.0521620078382517,0.0748297206753489
"194","hm",0.0377468168705859,0.00114690570321368,0.00486243307024861,0.0021126130158446,0.0257539246859538,0.00689983530936083,0.00490401919616077,0.00562482007219257,0.00442648190916089,0.00310512832243012,0.0292377170443043,0.0221995429636368
"195","hn",0.00158223913259723,0.00101381766939367,0.00155426746233753,0.000505773878793304,0.000949624285286527,0.00251328842716537,0.00484403119376125,0.0100316672941072,0.0118937644341801,0.00197001235189167,0.00199525033091957,0.00197013733277128
"196","ho",0.151615189495673,0.0549692723216033,0.0929494720481395,0.0531644436487333,0.0246046796800365,0.0539576487484292,0.0323297840431914,0.0585660399642728,0.080846805234796,0.0499765542797017,0.0444989488437281,0.0870188361103099
"197","hp",0.0246568188600418,0.032152503229342,0.0284045943575813,0.0174559126309193,0.0226255828212111,0.0340152514459214,0.0324872525494901,0.0298108082172568,0.0400615858352579,0.0270197630266709,0.0172013288691635,0.0333281565460475
"198","hq",0.0336870834576743,0.00555446823501781,0.00889069507126102,0.0006221466296661,0.000245248313917842,0.000686861433511033,0.000723605278944211,0.000380155162359472,0.00130100076982294,0.0063417814172652,0.0231059721248929,0.0156457302598008
"199","hr",0.0301837759872675,0.000634125337613027,9.26856743595776e-05,0.00289589114671918,0.000678710450144725,0.000601003754322154,0.0391721655668866,0.00543289707760332,0.00390300230946882,0.000506084450340821,0.0214351527420904,0.011749828056708
"200","hs",0,0,0,0,0,0,0,0,0,0,0,0
"201","ht",0.000133666567193872,0.000892472697381297,0.0104164438645648,0.000590815504431116,0.00251236935536766,0.00250548318360274,0.000836082783443311,0.000882107609746735,0.000554272517321016,0.00246751909968434,0.000256300449012432,0.00123799170234952
"202","hu",0.0106871083258729,0.0146005401808432,0.00477331222951825,0.00351356190135171,0.00457986967618667,0.00721204505186584,0.00425539892021596,0.00319994685209381,0.0073518090839107,0.0023731643716547,0.0063101819408757,0.00274221817939787
"203","hv",0.0058968715806227,0.00243864250205504,0.000695142557696832,3.13311252349834e-05,2.28137966435202e-05,6.2441948501003e-05,8.62327534493101e-05,0.000273121184607776,0.000654349499615088,8.86362596642115e-05,0.00147940512341353,0.000931821711445877
"204","hw",0,7.82870787176576e-06,0,0,0,7.80524356262537e-06,2.999400119976e-05,0.000188232167770224,0,0.0619395901001876,0,0
"205","hx",0.00805729632945389,0.0200493208595921,0.0119671464932732,0.00265419389490645,0.00410363167125319,0.00838283158625965,0.00738977204559088,0.00314089362298942,0.0108622016936105,0.0109279930463425,0.00671572062602196,0.00579060634969938
"206","hy",0.00347533074704068,0.00790308059654754,0.00400687299923713,0.00105183063288873,0.00139734504441561,0.00232596258166236,0.00775719856028794,0.00219235113050025,0.00477290223248653,0.00333672629123016,0.00249162968153858,0.000408226654538194
"207","hz",0.00796404058490003,0.00484597017262301,0.00544706578543979,0.000966789007250918,0.0021444968844909,0.0053231761097105,0.00196835632873425,0.00461722435059902,0.00789068514241724,0.00306795827805481,0.00206662513950531,0.00121580547112462
"208","ia",0.0047467173977917,0.000959016714291306,0.00116926543038236,0.00157550801181631,0.00148289678182881,0.00216205246684723,0.0035505398920216,0.00171254364402713,0.0015473441108545,0.000609016880918615,0.00349412131122012,0.00120249373238968
"209","ib",0.000345046254849299,0.00166360042275023,0.00121204343393294,0,6.55896653501205e-05,0.00072588765132416,2.249550089982e-05,0.0334979442094618,0.00389530408006159,0.000792007868612471,0.000204391497313712,0.00157965966321301
"210","ic",0.0130247189893564,0.00693623517438447,0.00735068694344035,0.000944409632083072,0.00139734504441561,0.00161568541746345,0.00125974805038992,0.000889489263384783,0.00182448036951501,0.00340820714579807,0.00343572374055906,0.0018991413928516
"211","id",0,0,0,0,0,0,0,0,0,0,0,0
"212","ie",8.39301700984781e-05,1.95717696794144e-05,7.12966725842905e-05,0.000675857130068928,0.00136597607403077,0.00680617238660932,0.000843581283743251,0.00103712233614574,0.00214780600461894,0.000148680177501258,0,0
"213","if",0.00223813786929275,0.00288879320468157,0.00160417513314654,0.00169188076268911,0.00247529693582194,0.00227913112028661,0.000854829034193161,0.00107033977751696,0.00326404926866821,0.00122375223020266,0.00113875262789068,0.00157078517072305
"214","ig",0.00160710733114493,0.00266176067640036,0.00296237674587727,0.00381792140363441,0.000690117348466485,0.00145958054621094,0.00103104379124175,0.00070125709561456,0.000831408775981524,0.00179845830092868,0.000772145656518467,0.000980631420140661
"215","ih",0.000519123644683179,0.0064704270560144,0.000955375412629492,0.000555008504162564,9.98103603154007e-05,0.000546367049383776,0.00549640071985603,0.00538122550213699,0.00157813702848345,0.00189567226314104,0.000434737470476784,0.000208550573514077
"216","ii",0.00228787426638814,0.00214506595686382,0.00173963881105669,0.00104287888282159,0.00112643120927381,0.00300501877161077,0.000701109778044391,0.00124380863801109,0.00257120862201694,0.00228166887780777,0.000862986321991227,0.000860825771526191
"217","ij",0.00116569680692331,0.00208635064782558,0.0025524208785176,0.000841464506310984,0.000607417335633724,0.00179520601940384,0.000749850029994001,0.00103343150932672,0.00130869899923018,0.00213012946612379,0.00219639751875211,0.00185920617664677
"218","ik",0.00294999005272058,0.00181626022624966,0.000887643573674417,0.00153074926148062,0.000436313860807323,0.0015688539560877,0.00107228554289142,0.000959614972946239,0.00124711316397229,0.000646186925293929,0.00129447948298684,0.000838639540301289
"219","il",0.00104757286382174,0.000829843034407171,0.000374307531067525,0.00123086563423149,0.00129183123493933,0.00367626971799655,0.000779844031193761,0.000819363553823328,0.0018860662047729,0.000380278146301295,0.000658594824677516,0.000687773167971957
"220","im",0.00212933950064657,0.000575410028574784,0.000385002031955169,0.00103840300778802,0.000182510373148161,0.00123322848289481,0.00031118776244751,0.000878416782927712,0.00117013086989992,0.000760556292602589,0.000674816372083366,0.0021476271825705
"221","in",0.00091079777180941,0.00188671859709555,0.00140454444991052,0.000174559126309193,0.000436313860807323,0.000764913869137286,0.000341181763647271,0.000413372603730688,0.00106235565819861,0.000814881742074203,0.000824054608217187,0.000550218534377565
"222","io",0.00535909678702875,0.00499080126825067,0.0050549340862262,0.00109658938322442,0.000801334607103646,0.00115517604726856,0.00115851829634073,0.0015538380908091,0.000769822940723634,0.00278203485978316,0.00151833683718757,0.00139329532092383
"223","ip",0,7.82870787176576e-06,7.12966725842905e-06,0.000689284755169636,0.0056720801904952,0.000124883897002006,2.999400119976e-05,0,0,1.42961709135825e-05,0,0
"224","iq",0,0.00898344228285122,0,0,0,0,2.249550089982e-05,0,0,0,0,0
"225","ir",0.000236247886203123,5.87153090382432e-05,0.000263797688561875,0.000116372750872796,0.000638786306018565,0.00135030713633419,0.0001124775044991,0.000132869765484864,0.00193225558121632,0.000154398645866691,0.000158971164577331,5.76842011847447e-05
"226","is",0,0,0,0,0,0,0,0,0,0,0,0
"227","it",0.000475604297224709,0.00288487885074568,0.00125482143748351,9.39933757049503e-05,0.000153993127343761,0.000210741576190885,0.000464907018596281,0.0005536240228536,0.000892994611239415,0.000617594583466764,4.86646422175504e-05,3.99352162048233e-05
"228","iu",0.000379240027852382,0.00147571143382785,0.00151861912604539,7.1614000537105e-05,2.85172458044002e-05,0.00030440449894239,0.00026619676064787,0.000188232167770224,6.9284064665127e-05,0.00154684569284963,0.000317942329154663,0.000159740864819293
"229","iv",0.00129625484929872,0.00184757505773672,0.000770004063910337,0.000420732253155492,0.000798482882523206,0.00290355060529664,0.000791091781643671,0.000955924146127215,0.00117013086989992,0.000317374994281532,0.00101871317708739,0.000745457369156701
"230","iw",0,0,0,0,0,0,0,0,0,0,0,0
"231","ix",0.000892146622898637,0.000152659803499432,0.000114074676134865,0.000138752126040641,0.000273765559722242,0.00266158805485525,0.000821085782843431,0.00042444508418776,0.00124711316397229,8.86362596642115e-05,0.000171948402502011,0.00072770838417678
"232","iy",0.000683875460061673,0.000301405253062982,0.00331173044154029,0.000496822128726166,0.00133745882822637,0.0016000749303382,0.001874625074985,0.00170885281720811,0.000646651270207852,0.000380278146301295,0.000207635806794882,0.000315044483393606
"233","iz",0.000152317716104645,0.000575410028574784,0.000434909702764172,0.000281980127114851,0.000644489755179445,0.00117078653439381,0.000554889022195561,0.000343246894169232,0.000908391070053888,0.000208724095338305,0.000389317137740403,0.000310607237148626
"234","ja",7.46045956430916e-05,0.000767213371433045,0.00055967887978668,0.000102945125772088,0.000473386280353044,0.000608808997884779,0.000644871025794841,0.000930088358394047,0.000831408775981524,0.000120087835674093,9.40849749539308e-05,2.66234774698822e-05
"235","jb",0,0,0,0,2.85172458044002e-06,0,0,3.690826819024e-06,0,0,0,0
"236","jc",0,0,0,0,0,0,0,0,0,0,0,0
"237","jd",0.00129625484929872,3.91435393588288e-06,0.000777133731168766,8.95175006713813e-06,0,0,3.74925014997001e-06,0,0,0,0.000866230631472397,0.00145097952210858
"238","je",0.00165373520342186,0.000970759776098955,0.000516900876236106,4.92346253692597e-05,0.000105513809476281,0.000335625473192891,0.00027369526094781,0.00016608720685608,0.000261739799846035,0.000182990987693856,0.000970048534869838,0.000199676081024116
"239","jf",0.0006652243111509,0.000391435393588288,0.000737920561247407,0.00014322800107421,0.000213879343533002,0.000507340831570649,0.000416166766646671,0.000155014726399008,0.000254041570438799,0.000340248867743264,0.000262789067974772,0.000283983759678743
"240","jg",0.000484929871680096,0.000465808118370063,0.000844865570123842,3.58070002685525e-05,0.000213879343533002,0.000507340831570649,5.62387522495501e-05,0.000302647799159968,0.000107775211701309,0.00040887048812846,0.000337408186041683,0.00011980564861447
"241","jh",2.79767233661594e-05,5.48009551023604e-05,0,0.000120848625906365,0.00114639328133689,0.000577588023634278,0.00032618476304739,0.000428135911006784,0.000662047729022325,0,0.000123283760284461,6.21214474297251e-05
"242","ji",0,0,4.27780035505743e-05,6.26622504699669e-05,9.41069111545207e-05,0.00645493642629118,0,0,0.000177059276366436,4.0029278558031e-05,2.59544758493602e-05,0
"243","jj",0.000233139361384661,0.000700669354523036,0.00101954241795535,0.000501298003759735,9.41069111545207e-05,0.000476119857320148,0.000371175764847031,9.96523241136479e-05,0.000615858352578907,0.000345967336108697,0.000480157803213164,0.000545781288132585
"244","jk",0.000817542027255546,0.000731984186010099,0.00247399453867488,0.000358070002685525,0.000493348352416124,0.0015376329818372,0.000742351529694061,0.00105557647024086,0.000477290223248653,0.000597579944187749,0.000460691946326144,0.00158853415570297
"245","jl",6.52790211877052e-05,1.17430618076486e-05,0.000616716217854113,3.13311252349834e-05,0.000145437953602441,0.00030440449894239,0.00018371325734853,0.00016608720685608,3.07929176289453e-05,0.000208724095338305,9.08406654727608e-05,7.98704324096466e-05
"246","jm",0.00046317019795086,0.000191803342858261,0.000245973520415802,0.000219317876644884,0.000134031055280681,0.000593198510759528,0.00028494301139772,0.000177159687313152,5.38876058506544e-05,5.1466215288897e-05,0.000175192711983181,8.87449248996073e-05
"247","jn",0,0,0,0,0,0,0,0,0,0,0,0
"248","jo",0,0,0,0,0,0,0,0,0,0,0,0
"249","jp",0.000345046254849299,0.000579324382510667,0.000552549212528251,0.000125324500939934,0,0,1.874625074985e-05,0,1.53964588144727e-05,0.000263049544809918,7.13748085857406e-05,0.000532469549397644
"250","jq",3.10852481846215e-05,0.00135045210787959,0.000370742697438311,0.000214842001611315,2.85172458044002e-06,0.00010146816631413,4.87402519496101e-05,0.000114415631389744,3.84911470361817e-05,0.000154398645866691,9.08406654727608e-05,0.000128680141104431
"251","jr",3.73022978215458e-05,0.00195326261400556,0.000146158178797796,4.47587503356906e-06,2.85172458044002e-05,9.36629227515045e-05,9.37312537492502e-05,0,0.000100076982294072,3.14515760098815e-05,9.73292844351008e-05,4.43724624498037e-06
"252","js",0,0,3.20835026629307e-05,0,0,0,0,7.381653638048e-06,2.3094688221709e-05,1.1436936730866e-05,0,0
"253","jt",3.10852481846215e-06,7.82870787176576e-06,0.000513336042606892,0.000608719004565393,0.000313689703848402,5.46367049383776e-05,1.874625074985e-05,2.9526614552192e-05,0.000246343341031563,0,0.000447714708401464,0
"254","ju",0,0,0,0,0,0,3.74925014997001e-06,0,0.00404157043879908,5.718468365433e-06,1.94658568870202e-05,0
"255","jv",0.000313961006664677,0.000191803342858261,0.000331529527516951,2.68552502014144e-05,0.000114068983217601,0.000343430716755516,8.24835032993401e-05,5.536240228536e-05,0.000708237105465743,8.5777025481495e-05,7.46191180669106e-05,6.21214474297251e-05
"256","jw",0.000559534467323187,0.000199632050730027,0.00118708959852844,8.05657506042431e-05,0.000268062110561362,0.000171715358377758,0.0001874625074985,0.000391227642816544,0.000184757505773672,5.1466215288897e-05,9.40849749539308e-05,0.00012424289485945
"257","jx",6.52790211877052e-05,3.91435393588288e-05,3.92131699213598e-05,0,1.14068983217601e-05,7.80524356262537e-06,1.499700059988e-05,0,5.38876058506543e-05,7.71993229333455e-05,0,0
"258","jy",9.01472197354024e-05,0,0.000541854711640608,0.000264076626980575,0,0.000601003754322154,3.74925014997001e-05,7.381653638048e-05,2.3094688221709e-05,0,9.73292844351008e-06,0.000625651720542232
"259","jz",6.2170496369243e-06,5.48009551023604e-05,0.000548984378899037,0,0,0,0,0,0,1.7155405096299e-05,0.000233590282644242,0.000297295498413684
"260","ka",0.000133666567193872,0,0,0,0,7.80524356262537e-06,0,3.690826819024e-06,0,0,0.000116795141322121,0.000315044483393606
"261","kb",8.08216452800159e-05,0.000172231573178847,0.000146158178797796,2.68552502014144e-05,0.000148289678182881,0.000819550574075664,0.00019496100779844,9.96523241136479e-05,0.000600461893764434,2.2873873461732e-05,1.94658568870202e-05,0
"262","kc",0.00013055804237541,0.000289662191255333,7.12966725842905e-05,0.000223793751678453,2.28137966435202e-05,0.000117078653439381,5.99880023995201e-05,0.000243594570055584,3.84911470361817e-05,4.0029278558031e-05,0.000103817903397441,0.000159740864819293
"263","kd",1.86511489107729e-05,0.00025834735976827,6.7731838955076e-05,2.23793751678453e-05,0,2.34157306878761e-05,0.00012747450509898,0.000505643274206288,0.000130869899923018,8.5777025481495e-05,0.000412027304108594,8.87449248996073e-06
"264","ke",0,0,0,0,0,0,0,0,0,0,0,0
"265","kf",0,9.78588483970721e-05,0,0,0,0.00289574536173401,0,0,0,0,6.48861896234006e-06,0
"266","kg",0.000397891176763155,0.00014874544956355,5.70373380674324e-05,0,2.85172458044002e-06,0.000171715358377758,3.37432513497301e-05,1.1072480457072e-05,6.9284064665127e-05,5.43254494716135e-05,0.000223857354200732,1.77489849799215e-05
"267","kh",0.110896622898637,0.306983207421615,0.231903122081292,0.313051651597887,0.273249397573182,0.155347762626933,0.322068086382723,0.225561190217833,0.194033872209392,0.393096093142413,0.349749539308054,0.383249395425199
"268","ki",0,0,0,3.13311252349834e-05,2.85172458044002e-06,0,2.249550089982e-05,3.690826819024e-06,2.3094688221709e-05,0,3.24430948117003e-06,0
"269","kj",0.00874428031433403,5.48009551023604e-05,0.000245973520415802,8.95175006713813e-06,0.0059002181569304,0.0771860535908023,0.00024370125974805,0.015841028707251,0.035211701308699,1.42961709135825e-05,0.000317942329154663,0.00509395868923746
"270","kk",0,0.000215289466473559,0.000991023748921638,0,0,0,0,0,0,0.00188995379477561,0,0
"271","kl",0,0,0,0,0,0,0,0,0,0,0,0
"272","km",9.01472197354024e-05,0.000614553567933613,0.00141167411716895,0.000170083251275624,0,3.90262178131269e-05,4.49910017996401e-05,2.5835787733168e-05,0.000115473441108545,0.00421451118532412,0.000110306522359781,0.000412663900783174
"273","kn",0,1.95717696794144e-05,2.85186690337162e-05,0.000389401127920508,1.99620720630801e-05,3.12209742505015e-05,0.0001124775044991,0.000121797285027792,0,0.001109382862894,6.48861896234006e-06,0
"274","ko",0.000407216751218542,0,7.12966725842905e-05,4.47587503356906e-06,0,7.80524356262537e-06,3.74925014997001e-06,0,0,0.000105791664760511,0.000415271613589764,0.00296408049164688
"275","kp",0,3.91435393588288e-06,0,0,0,1.56104871252507e-05,0,0,0,0,0,0
"276","kq",5.90619715507809e-05,5.87153090382432e-05,0.000160417513314654,6.26622504699669e-05,7.41448390914405e-05,0.000476119857320148,7.12357528494301e-05,0.000597913944681888,0,0,0.000207635806794882,0.0017394005280323
"277","kr",0,0.00160488511371198,0.00283404273522555,0,1.14068983217601e-05,0.000476119857320148,0,0,0,0.000223020266251887,0,0
"278","ks",0,0,0,9.84692507385194e-05,0,1.56104871252507e-05,3.74925014997001e-06,0,0,0,0,0
"279","kt",6.2170496369243e-06,0,0.00275561639538283,0,0,0,0,0,0,0,0,4.43724624498037e-06
"280","ku",0.0926153884412613,0.049465690687752,0.0307288658838292,0.0677736997583027,0.0511114596552265,0.0705125703447576,0.062380023995201,0.0667080039270397,0.0876520400307929,0.0183934534974153,0.0641043110384386,0.0293479466643001
"281","kv",0.0284709788122948,0.10192977649039,0.116470244333697,0.079487064721153,0.112705858868151,0.0560416487796502,0.113129874025195,0.1086062699766,0.103979984603541,0.0895683700077771,0.054838563160217,0.0302132096820713
"282","kw",0.163309459862728,0.0894703879124751,0.108670388352976,0.136473905648554,0.148962685183865,0.0779587727035022,0.036378974205159,0.0670807774357612,0.0413163972286374,0.108879637677844,0.103924965610319,0.0734674860781399
"283","kx",0.0383218939620014,0.0310682271891024,0.0348890267291226,0.0525557246441679,0.0250124762950394,0.0307292439060561,0.0335370425914817,0.0518819525950203,0.0241955350269438,0.0542310947435839,0.0358820628617405,0.0168260377609655
"284","ky",0.0116694021685069,0.00615336438720789,0.036657184209213,0.0213006892847552,0.0123251536366618,0.0165705320834537,0.00574760047990402,0.0220120911486591,0.0287528868360277,0.0144477103252665,0.0072737418567832,0.00566192620859495
"285","kz",0.000758480055704765,0.00696363565193565,0.000427780035505743,0.000120848625906365,0.000111217258637161,0.000967850201765546,0.00029619076184763,0.000199304648227296,0.00092378752886836,2.2873873461732e-05,0.000194658568870202,0.000843076786546269
"286","la",0.0113243559136576,0.0167495204916429,0.0144625300337233,0.0214707725360308,0.0200419203513325,0.0397130792466379,0.00558263347330534,0.018911796620679,0.011693610469592,0.028169175168123,0.0167017052090633,0.00567523794732989
"287","lb",0.0300687605689844,0.0379653188241281,0.0299731211544357,0.00935010294512577,0.00411218684499451,0.0233688992265004,0.0300914817036593,0.0218533855954411,0.0286374133949192,0.00670204492428748,0.0132886916348724,0.0106538282341979
"288","lc",0.0001150154182831,3.91435393588288e-06,0,7.1614000537105e-05,1.99620720630801e-05,0.000374651691006018,2.624475104979e-05,1.1072480457072e-05,0.000654349499615088,8.5777025481495e-06,9.73292844351008e-06,0
"289","ld",0.0120828359693624,0.00743727247817748,0.0291211259170535,0.0163548473726614,0.0083156288765631,0.00475339332963885,0.00248950209958008,0.00805338411911036,0.0109699769053118,0.014936639370511,0.00925925925925926,0.00404233132917711
"290","le",0.0124123396001194,0.0098328570869378,0.0199915869926351,0.0250111896875839,0.0080589736643235,0.0301204349081713,0.00564262147570486,0.0324682035269541,0.0142956120092379,0.0255901459353127,0.0353045757740922,0.00909191755596477
"291","lf",0.0166243907291356,0.0291384506987122,0.0375983002873256,0.00470414466028108,0.00302567977984686,0.00825794768925764,0.0206171265746851,0.026138435532328,0.00759045419553503,0.014936639370511,0.0123705520517013,0.00462361058726954
"292","lg",0.0053217944892072,0.00127216502916194,0.00309784042378742,0.00242144839316086,0.00250381418162634,0.00547928098096301,0.00962057588482304,0.00228831262779488,0.00792147806004619,0.000792007868612471,0.00292636715201536,0.0358618241519313
"293","lh",0.00396026061872078,0.00114690570321368,0.00181093548364098,0.00182615701369618,0.00182225200690117,0.00353577533386929,0.00909568086382723,0.00194875656044467,0.0111624326404927,0.000428885127407475,0.00204067066365595,0.0311672176247421
"294","li",0.00112217745946484,0.00224292480526089,0.00111222809231493,0.00747471130606033,0.00378138679366347,0.00809403757444251,0.035880323935213,0.0276701286622229,0.0154118552732871,0.00291355963218811,0.000986270082275688,0.000638963459277173
"295","lj",0,0,0,0,0,0,0,0,0,0,0,0
"296","lk",0.00586889485725654,0.00095118800641954,0.00212820567664107,0.00412228090591711,0.00447720759129083,0.0117625020488764,2.249550089982e-05,0,0,0.00201290086463242,0.00519738378883438,0.00564861446986
"297","ll",0.0198541480155178,0.000747641601753631,0.000406391033730456,0.00234535851759019,0.000256655212239602,0.000179520601940384,0.000453659268146371,0.0001845413409512,0.000631254811393379,0.000794867102795187,0.0351715590853643,0.0405697424178555
"298","lm",6.83875460061673e-05,0.000426664579011234,0.000135463677910152,0,2.85172458044002e-05,9.36629227515045e-05,3.74925014997001e-05,2.2144960914144e-05,0.000431100846805235,2.00146392790155e-05,6.48861896234006e-06,0
"299","ln",0.00178740177061574,3.13148314870631e-05,0.000805652400202482,0.000228269626712022,4.27758687066003e-05,0.000265378281129263,7.49850029994001e-05,0.000752928671080896,0.00443418013856813,3.71700443753145e-05,0.00644644293908484,0.00197013733277128
"300","lo",0,0,0,0,0,0,0,0,0,0,0,0
"301","lp",1.86511489107729e-05,0.00215680901867147,0.000456298704539459,2.68552502014144e-05,5.70344916088004e-06,7.80524356262537e-06,0.00163842231553689,1.1072480457072e-05,0,0.0013695731735212,0.000859742012510057,0
"302","lq",0.00095431711926788,0.000246604297960622,0.000556114046157466,0.000456539253424044,0.000473386280353044,0.00103029215026655,0.00238077384523095,0.000549933196034576,0.00208622016936105,0.000157257880049408,0.000535311064393055,0.00846182858917756
"303","lr",9.32557445538645e-06,0.000160488511371198,0.000174676847831512,0,8.55517374132006e-06,4.68314613757522e-05,1.124775044991e-05,2.2144960914144e-05,0.000107775211701309,4.5747746923464e-05,9.73292844351008e-06,0
"304","ls",0.00126206107629563,0.00402004149215172,0.00150792462515774,0.000210366126577746,0.00131179330700241,0.000671250946385782,0.0040754349130174,0.00219604195731928,0.00559661277906082,0.000969280387940894,0.000632640348828155,0.000381603177068311
"305","lt",0,0,0,0,2.85172458044002e-06,0,0,3.690826819024e-06,0,0,0,0
"306","lu",9.32557445538645e-06,0,0,4.47587503356906e-06,2.85172458044002e-06,0,1.124775044991e-05,0,3.07929176289453e-05,0.00210439635847934,0.00178437021464352,0.00179708472921705
"307","lv",0.000335720680393912,0.00017614592711473,0.000306575692112449,0.000111896875839227,0.000148289678182881,0.000210741576190885,0.000787342531493701,0.000143942245941936,0.000962278675904542,4.28885127407475e-05,0.000165459783539671,0.0028930845517272
"308","lw",0.00570103451705958,0.001303479860649,0.00119778409941608,0.000537105004028288,0.000114068983217601,0.000647835215697906,0.00125224955008998,0.00040599095009264,0.0111162432640493,0.00011436936730866,0.00166108645435905,0.00277327890311273
"309","lx",0,7.82870787176576e-06,0,0,0,0,0,0,0,0,0,0
"310","ly",0,1.17430618076486e-05,1.06945008876436e-05,0,0,0,0,0,0,2.57331076444485e-05,0.000324430948117003,0
"311","lz",1.86511489107729e-05,0.00240341331663209,0.000588197548820397,0.00248411064363083,0.000356465572555003,0.000382456934568643,0.00025494901019796,0.00079352776609016,0.000254041570438799,0.00023731643716547,0,0
"312","ma",3.73022978215458e-05,0.00329980036794927,0.000673753555921545,6.71381255035359e-05,7.69965636718806e-05,0.000265378281129263,0.00011622675464907,0.00016608720685608,0.000538876058506543,7.71993229333455e-05,7.46191180669106e-05,0
"313","mb",3.10852481846215e-06,7.82870787176576e-06,0,0,0,0,0,0,0,0,0,0
"314","mc",0.000198945588381578,0.00232512623791443,0.000659494221404687,0.000774326380807448,7.41448390914405e-05,5.46367049383776e-05,0.0001499700059988,0.000143942245941936,0.00131639722863741,5.718468365433e-05,5.83975706610605e-05,0
"315","md",6.2170496369243e-05,2.74004775511802e-05,4.99076708090033e-05,8.95175006713813e-06,1.99620720630801e-05,2.34157306878761e-05,5.24895020995801e-05,0,0.000454195535026944,1.42961709135825e-05,0.00198551740247606,0
"316","me",0,0.000133088033820018,5.70373380674324e-05,0.000684808880136067,0.000647341479759885,0.000109273409876755,0.0001874625074985,0,6.15858352578907e-05,0.000669060798755661,7.46191180669106e-05,0
"317","mf",0,0.00182408893412142,0.000955375412629493,0,0,5.46367049383776e-05,0.00013122375524895,0.000125488111846816,0.000100076982294072,0.000120087835674093,6.48861896234006e-06,0
"318","mg",4.0410822640008e-05,1.56574157435315e-05,2.13890017752871e-05,0,0,1.56104871252507e-05,4.87402519496101e-05,2.5835787733168e-05,0.000677444187836798,2.8592341827165e-06,9.40849749539308e-05,0
"319","mh",0,0,0,0.000434159878256199,5.70344916088004e-06,7.80524356262537e-06,1.874625074985e-05,2.9526614552192e-05,3.07929176289453e-05,0,0,0
"320","mi",4.0410822640008e-05,0.000810271264727757,9.62505079887922e-05,8.05657506042431e-05,2.28137966435202e-05,6.2441948501003e-05,0.00012372525494901,0.00014763307276096,8.46805234795997e-05,2.8592341827165e-05,2.59544758493602e-05,0
"321","mj",1.86511489107729e-05,0.000865072219830117,0.000153287846056225,0.000407304628054785,2.85172458044002e-06,3.90262178131269e-05,0.00030743851229754,0.000155014726399008,0.000261739799846035,1.42961709135825e-05,9.73292844351008e-06,0
"322","mk",1.24340992738486e-05,0.000320977022742396,0.000128334010651723,0,0,1.56104871252507e-05,0.00023245350929814,7.381653638048e-06,0.000823710546574288,4.5747746923464e-05,9.73292844351008e-06,0
"323","ml",0.000649681687058589,0.00100990331545778,0.00086625457189913,4.47587503356906e-06,5.70344916088004e-06,0.000405872665256519,0.00025119976004799,0.000107033977751696,0.000454195535026944,3.14515760098815e-05,1.29772379246801e-05,0
"324","mm",7.46045956430916e-05,0.000164402865307081,6.06021716966469e-05,0,5.70344916088004e-06,6.2441948501003e-05,0.000416166766646671,6.2744055923408e-05,0.000277136258660508,6.8621620385196e-05,0.000207635806794882,0
"325","mn",4.66278722769323e-05,7.82870787176576e-06,0,0,0,2.34157306878761e-05,6.37372525494901e-05,4.7980748647312e-05,0.00244803695150115,2.8592341827165e-06,4.21760232552104e-05,0
"326","mo",4.0410822640008e-05,0.000900301405253063,0.000181806515089941,0,0,0,0.0001499700059988,2.9526614552192e-05,0.000569668976135489,6.57623862024795e-05,0,0
"327","mp",0.0688755844026659,0.289716992210436,0.210000784263398,0.309846925073852,0.270237976416238,0.143171582669237,0.321055788842232,0.206745355094448,0.188160123171671,0.392447046982936,0.303307249085105,0.318101746056397
"328","mq",0,0,0,3.13311252349834e-05,2.85172458044002e-06,0,2.249550089982e-05,3.690826819024e-06,2.3094688221709e-05,0,3.24430948117003e-06,0
"329","mr",0.0420210384959714,0.0172662152111794,0.021902337817894,0.00320472652403545,0.00301142115694466,0.0121761799576956,0.0010122975404919,0.0188158351233843,0.00587374903772132,0.000649046159476646,0.0464422902229489,0.0651476493688017
"330","ms",0.00289714513080672,5.48009551023604e-05,0.000245973520415802,0,0.00589736643234996,0.077108001155176,0.00023995200959808,0.015841028707251,0.035211701308699,1.42961709135825e-05,1.29772379246801e-05,4.43724624498037e-06
"331","mt",0,0.000215289466473559,0.000991023748921638,0,0,0,0,0,0,0.00188995379477561,0,0
"332","mu",0,0,0,0,0,0,0,0,0,0,0,0
"333","mv",0.00584713518352731,0,0,8.95175006713813e-06,2.85172458044002e-06,7.80524356262537e-05,3.74925014997001e-06,0,0,0,0.000304965091229983,0.00508952144299248
"334","mw",9.01472197354024e-05,0.000614553567933613,0.00141167411716895,0.000170083251275624,0,3.90262178131269e-05,4.49910017996401e-05,2.5835787733168e-05,0.000115473441108545,0.00421451118532412,0.000110306522359781,0.000412663900783174
"335","mx",0,1.95717696794144e-05,2.85186690337162e-05,0.000389401127920508,1.99620720630801e-05,3.12209742505015e-05,0.0001124775044991,0.000121797285027792,0,0.001109382862894,6.48861896234006e-06,0
"336","my",0,0,0,0,0,0,0,0,0,0,0,0
"337","mz",3.10852481846215e-06,0,7.12966725842905e-05,0,0,7.80524356262537e-06,0,0,0,0.000105791664760511,0,4.43724624498037e-06
"338","na",0,3.91435393588288e-06,0,0,0,1.56104871252507e-05,0,0,0,0,0,0
"339","nb",5.90619715507809e-05,5.87153090382432e-05,0.000160417513314654,6.26622504699669e-05,7.41448390914405e-05,0.000476119857320148,7.12357528494301e-05,0.000597913944681888,0,0,0.000207635806794882,0.0017394005280323
"340","nc",0,0.00160488511371198,0.00283404273522555,0,1.14068983217601e-05,0.000476119857320148,0,0,0,0.000223020266251887,0,0
"341","nd",0,0,0,9.84692507385194e-05,0,1.56104871252507e-05,3.74925014997001e-06,0,0,0,0,0
"342","ne",0.00040410822640008,0,0,4.47587503356906e-06,0,0,3.74925014997001e-06,0,0,0,0.000415271613589764,0.0029596432454019
"343","nf",6.2170496369243e-06,0,0.00275561639538283,0,0,0,0,0,0,0,0,4.43724624498037e-06
