,F-Otu0001,A-Otu0001,B-Otu0001,B-Otu0002,A-Otu0002,F-Otu0002,B-Otu0004,B-Otu0003,F-Otu0003,F-Otu0005,B-Otu0006,A-Otu0004,B-Otu0005,F-Otu0011,B-Otu0010,F-Otu0008,F-Otu0013,B-Otu0008,F-Otu0015,F-Otu0009,B-Otu0007,B-Otu0017,B-Otu0018,A-Otu0006,F-Otu0016,F-Otu0021,B-Otu0011,B-Otu0022,F-Otu0022,B-Otu0012,F-Otu0020,F-Otu0024,F-Otu0025,A-Otu0009,F-Otu0026,B-Otu0020,B-Otu0024,F-Otu0027,B-Otu0016,B-Otu0009,F-Otu0028,B-Otu0014,B-Otu0025,B-Otu0015,F-Otu0029,B-Otu0027,B-Otu0023,F-Otu0031,A-Otu0005,F-Otu0017,F-Otu0036,F-Otu0012,F-Otu0039,B-Otu0030,A-Otu0015,F-Otu0046,F-Otu0047,F-Otu0048,B-Otu0033,F-Otu0050,F-Otu0053,F-Otu0038,F-Otu0055,B-Otu0036,F-Otu0007,A-Otu0022,A-Otu0020,B-Otu0039,B-Otu0026,B-Otu0041,B-Otu0028,B-Otu0031,B-Otu0043,F-Otu0018,B-Otu0032,F-Otu0068,B-Otu0037,B-Otu0047,F-Otu0066,F-Otu0081,F-Otu0082,A-Otu0030,F-Otu0078,A-Otu0032,A-Otu0033,A-Otu0034,F-Otu0094,F-Otu0096,F-Otu0072,B-Otu0055,A-Otu0028,A-Otu0037,A-Otu0038,F-Otu0105,B-Otu0053,F-Otu0107,F-Otu0093,F-Otu0108,F-Otu0109,F-Otu0079,F-Otu0113,F-Otu0112,F-Otu0052,F-Otu0049,F-Otu0119,F-Otu0122,B-Otu0038,F-Otu0127,A-Otu0042,A-Otu0046,A-Otu0044,B-Otu0019,A-Otu0048,F-Otu0135,F-Otu0136,F-Otu0006,B-Otu0059,F-Otu0140,F-Otu0144,F-Otu0121,F-Otu0141,F-Otu0145,F-Otu0151,A-Otu0052,F-Otu0159,F-Otu0160,F-Otu0158,F-Otu0045,F-Otu0106,A-Otu0055,F-Otu0154,B-Otu0076,B-Otu0060,F-Otu0165,B-Otu0071,F-Otu0174,A-Otu0061,A-Otu0062,F-Otu0116,F-Otu0030,B-Otu0052,B-Otu0066,F-Otu0179,F-Otu0182,B-Otu0089,F-Otu0185,B-Otu0094,F-Otu0186,F-Otu0193,F-Otu0194,A-Otu0067,F-Otu0198,A-Otu0068,F-Otu0177,F-Otu0133,B-Otu0108,F-Otu0156,A-Otu0071,F-Otu0033,F-Otu0178,F-Otu0202,F-Otu0222,F-Otu0226,F-Otu0057,F-Otu0138,A-Otu0074,F-Otu0184,F-Otu0037,B-Otu0081,F-Otu0132,F-Otu0243,A-Otu0079,A-Otu0080,B-Otu0107,F-Otu0245,B-Otu0116,F-Otu0249,F-Otu0237,A-Otu0081,F-Otu0257,F-Otu0084,B-Otu0086,F-Otu0199,F-Otu0265,F-Otu0253,A-Otu0084,F-Otu0209,F-Otu0065,B-Otu0048,A-Otu0085,F-Otu0235,F-Otu0069,F-Otu0180,B-Otu0040,F-Otu0281,B-Otu0062,B-Otu0155,B-Otu0099,F-Otu0289,F-Otu0280,F-Otu0118,B-Otu0013,F-Otu0296,F-Otu0056,F-Otu0298,F-Otu0317,F-Otu0225,F-Otu0324,F-Otu0183,F-Otu0074,F-Otu0062,B-Otu0106,B-Otu0127,F-Otu0337,F-Otu0032,B-Otu0064,F-Otu0223,F-Otu0359,F-Otu0248,F-Otu0362,F-Otu0236,A-Otu0106,F-Otu0191,F-Otu0331,A-Otu0065,F-Otu0213,A-Otu0087,F-Otu0358,F-Otu0070,F-Otu0363,F-Otu0380,B-Otu0218,A-Otu0104,A-Otu0110,F-Otu0134,F-Otu0350,F-Otu0390,F-Otu0387,B-Otu0095,F-Otu0102,F-Otu0418,F-Otu0368,F-Otu0415,B-Otu0138,F-Otu0356,A-Otu0117,F-Otu0377,F-Otu0288,A-Otu0100,B-Otu0212,F-Otu0322,F-Otu0367,F-Otu0422,F-Otu0455,A-Otu0126,A-Otu0122,A-Otu0127,F-Otu0452,B-Otu0157,B-Otu0234,B-Otu0223,F-Otu0420,F-Otu0091,F-Otu0301,F-Otu0058,B-Otu0210,A-Otu0136,F-Otu0490,B-Otu0049,B-Otu0144,F-Otu0414,F-Otu0476,F-Otu0496,B-Otu0173,B-Otu0226,F-Otu0480,F-Otu0497,F-Otu0323,B-Otu0281,A-Otu0142,F-Otu0059,F-Otu0188,B-Otu0229,F-Otu0470,F-Otu0518,B-Otu0276,F-Otu0520,F-Otu0527,F-Otu0412,F-Otu0530,F-Otu0284,F-Otu0315,A-Otu0086,B-Otu0165,F-Otu0540,F-Otu0207,F-Otu0273,B-Otu0096,F-Otu0499,F-Otu0534,B-Otu0311,F-Otu0550,F-Otu0525,F-Otu0129,F-Otu0517,B-Otu0319,A-Otu0059,B-Otu0158,F-Otu0544,F-Otu0564,F-Otu0067,F-Otu0578,B-Otu0088,F-Otu0252,B-Otu0225,B-Otu0257,F-Otu0585,F-Otu0594,B-Otu0171,B-Otu0313,F-Otu0581,B-Otu0335,F-Otu0597,B-Otu0105,F-Otu0592,F-Otu0603,F-Otu0602,F-Otu0554,B-Otu0338,F-Otu0607,F-Otu0608,B-Otu0046,F-Otu0077,F-Otu0417,F-Otu0616,B-Otu0255,B-Otu0323,F-Otu0612,F-Otu0619,F-Otu0621,B-Otu0109,F-Otu0240,F-Otu0624,F-Otu0622,B-Otu0203,B-Otu0068,B-Otu0085,B-Otu0329,B-Otu0331,F-Otu0605,B-Otu0373,A-Otu0171,A-Otu0103,B-Otu0309,F-Otu0318,B-Otu0247,F-Otu0577,A-Otu0177,B-Otu0120,F-Otu0588,F-Otu0502,F-Otu0685,F-Otu0088,B-Otu0237,F-Otu0699,B-Otu0154,F-Otu0701,B-Otu0397,F-Otu0713,B-Otu0044,F-Otu0168,F-Otu0171,B-Otu0208,B-Otu0379,F-Otu0640,F-Otu0708,F-Otu0731,B-Otu0045,B-Otu0192,B-Otu0398,A-Otu0191,F-Otu0737,F-Otu0735,F-Otu0561,F-Otu0743,B-Otu0428,F-Otu0755,F-Otu0163,F-Otu0596,F-Otu0690,B-Otu0411,F-Otu0727,F-Otu0764,F-Otu0149,F-Otu0724,F-Otu0768,B-Otu0449,F-Otu0780,F-Otu0788,F-Otu0784,F-Otu0787,F-Otu0117,B-Otu0146,B-Otu0434,F-Otu0754,F-Otu0169,A-Otu0121,F-Otu0580,F-Otu0711,F-Otu0800,B-Otu0476,F-Otu0103,F-Otu0175,F-Otu0576,B-Otu0366,F-Otu0758,F-Otu0783,F-Otu0820,F-Otu0061,F-Otu0224,F-Otu0316,F-Otu0834,F-Otu0835,F-Otu0274,F-Otu0457,B-Otu0364,F-Otu0804,A-Otu0214,F-Otu0842,F-Otu0837,F-Otu0403,F-Otu0410,B-Otu0266,B-Otu0460,F-Otu0790,F-Otu0812,B-Otu0487,B-Otu0506,B-Otu0378,F-Otu0703,F-Otu0793,B-Otu0494,F-Otu0850,B-Otu0110,A-Otu0089,F-Otu0340,B-Otu0478,F-Otu0816,F-Otu0873,F-Otu0877,F-Otu0164,F-Otu0446,B-Otu0314,F-Otu0871,F-Otu0878,F-Otu0902,F-Otu0883,F-Otu0885,F-Otu0880,F-Otu0888,F-Otu0900,F-Otu0131,B-Otu0307,B-Otu0372,B-Otu0415,B-Otu0444,B-Otu0563,F-Otu0910,F-Otu0266,F-Otu0342,F-Otu0364,B-Otu0231,F-Otu0539,B-Otu0315,B-Otu0507,F-Otu0903,B-Otu0573,F-Otu0923,F-Otu0054,F-Otu0264,B-Otu0164,B-Otu0179,B-Otu0383,F-Otu0884,F-Otu0924,F-Otu0950,F-Otu0937,A-Otu0049,F-Otu0256,A-Otu0091,B-Otu0211,F-Otu0453,B-Otu0306,B-Otu0442,F-Otu0739,F-Otu0944,F-Otu0971,F-Otu0958,F-Otu0962,F-Otu0965,F-Otu0841,B-Otu0534,F-Otu0978,F-Otu0996,F-Otu0997,F-Otu0277,B-Otu0156,B-Otu0180,B-Otu0264,F-Otu0660,F-Otu0977,B-Otu0625,A-Otu0250,F-Otu1012,F-Otu0114,F-Otu0187,F-Otu0200,F-Otu0376,B-Otu0296,F-Otu0609,B-Otu0454,B-Otu0553,F-Otu0968,F-Otu1009,B-Otu0637,F-Otu1032,F-Otu1029,F-Otu1033,F-Otu1036,F-Otu0097,F-Otu0176,B-Otu0391,B-Otu0470,B-Otu0479,F-Otu1014,F-Otu1017,F-Otu1031,A-Otu0258,F-Otu1065,F-Otu1054,B-Otu0656,F-Otu1073,F-Otu1078,A-Otu0109,B-Otu0284,B-Otu0287,B-Otu0325,F-Otu0909,B-Otu0619,F-Otu1001,F-Otu1079,F-Otu1080,A-Otu0264,F-Otu1085,F-Otu1084,F-Otu0010,B-Otu0177,B-Otu0289,B-Otu0540,F-Otu1005,B-Otu0669,F-Otu1082,A-Otu0268,F-Otu1120,F-Otu1125,F-Otu1148,F-Otu1153,F-Otu1115,F-Otu1129,F-Otu1133,F-Otu1116,F-Otu1119,F-Otu1145,F-Otu1150,F-Otu0060,B-Otu0404,B-Otu0474,B-Otu0545,F-Otu0955,F-Otu1071,F-Otu1091,F-Otu1198,F-Otu1170,F-Otu1173,F-Otu1190,F-Otu1159,F-Otu1183,F-Otu1185,F-Otu1191,F-Otu1156,F-Otu1171,F-Otu0234,B-Otu0149,B-Otu0222,F-Otu0381,B-Otu0298,F-Otu0560,B-Otu0318,F-Otu1154,F-Otu1128,F-Otu1199,F-Otu1229,F-Otu1239,F-Otu1226,F-Otu1224,F-Otu1225,F-Otu1228,F-Otu1235,F-Otu1245,B-Otu0117,F-Otu0405,F-Otu0836,F-Otu1072,B-Otu0715,B-Otu0719,F-Otu1257,F-Otu1298,F-Otu1283,B-Otu0021,F-Otu0433,F-Otu0519,B-Otu0538,F-Otu0906,B-Otu0702,A-Otu0296,F-Otu1313,F-Otu1362,B-Otu0357,B-Otu0420,F-Otu0891,B-Otu0803,F-Otu1405,F-Otu1377,F-Otu0162,F-Otu0195,B-Otu0188,F-Otu0813,B-Otu0477,B-Otu0657,F-Otu1161,B-Otu0734,F-Otu1381,F-Otu0071,F-Otu0270,B-Otu0302,B-Otu0568,B-Otu0661,F-Otu1419,B-Otu0079,F-Otu0441,B-Otu0294,F-Otu0961,F-Otu1045,B-Otu0704,F-Otu1361,B-Otu0884,F-Otu0192,F-Otu0464,F-Otu0483,B-Otu0291,F-Otu0627,B-Otu0430,B-Otu0456,B-Otu0525,F-Otu0948,F-Otu1055,B-Otu0858,F-Otu0115,F-Otu0196,B-Otu0527,F-Otu0946,B-Otu0651,F-Otu1061,F-Otu1104,F-Otu1164,F-Otu0098,F-Otu0128,F-Otu0238,A-Otu0093,F-Otu0334,F-Otu0738,B-Otu0630,F-Otu1135,F-Otu1179,F-Otu1309,F-Otu0023,F-Otu0208,F-Otu0258,B-Otu0145,B-Otu0214,B-Otu0232,F-Otu0931,A-Otu0272,B-Otu0878,F-Otu0087,F-Otu0120,B-Otu0142,F-Otu0287,F-Otu0335,F-Otu0466,F-Otu0744,F-Otu0851,B-Otu0659,A-Otu0025,F-Otu0126,B-Otu0100,A-Otu0082,F-Otu0286,F-Otu0501,B-Otu0321,F-Otu0917,F-Otu0935,A-Otu0243,F-Otu1412,F-Otu0040,F-Otu0095,F-Otu0111,F-Otu0130,F-Otu0139,F-Otu0173,F-Otu0190,F-Otu0262,B-Otu0170,B-Otu0219,F-Otu0444,F-Otu0458,F-Otu0460,F-Otu0524,A-Otu0165,F-Otu0631,F-Otu0642,A-Otu0193,B-Otu0455,B-Otu0578,F-Otu1284,B-Otu0810,F-Otu0089,A-Otu0047,F-Otu0152,F-Otu0269,F-Otu0276,F-Otu0328,F-Otu0349,F-Otu0400,F-Otu0434,F-Otu0463,B-Otu0279,F-Otu0535,F-Otu0601,F-Otu0618,F-Otu0796,F-Otu1083,F-Otu1338,F-Otu1344,F-Otu0073,F-Otu0075,F-Otu0076,A-Otu0026,F-Otu0092,F-Otu0100,F-Otu0101,A-Otu0039,F-Otu0104,F-Otu0110,F-Otu0124,A-Otu0043,A-Otu0045,B-Otu0065,F-Otu0142,F-Otu0143,F-Otu0146,F-Otu0147,F-Otu0153,B-Otu0082,F-Otu0161,F-Otu0167,A-Otu0057,F-Otu0181,F-Otu0189,B-Otu0101,F-Otu0201,F-Otu0203,F-Otu0212,F-Otu0214,F-Otu0215,F-Otu0227,A-Otu0073,F-Otu0231,F-Otu0233,F-Otu0242,F-Otu0247,F-Otu0268,B-Otu0147,F-Otu0285,A-Otu0092,F-Otu0306,F-Otu0307,F-Otu0308,F-Otu0312,F-Otu0313,B-Otu0174,F-Otu0332,F-Otu0333,F-Otu0343,A-Otu0102,F-Otu0372,F-Otu0373,A-Otu0107,B-Otu0224,A-Otu0119,F-Otu0450,F-Otu0459,A-Otu0131,A-Otu0134,B-Otu0295,F-Otu0531,A-Otu0148,A-Otu0158,B-Otu0339,F-Otu0617,F-Otu0628,F-Otu0646,F-Otu0643,F-Otu0652,F-Otu0676,A-Otu0182,F-Otu0688,F-Otu0698,F-Otu0718,A-Otu0192,A-Otu0196,F-Otu0748,F-Otu0750,F-Otu0765,F-Otu0775,F-Otu0846,B-Otu0532,B-Otu0598,A-Otu0248,B-Otu0611,A-Otu0249,F-Otu1003,F-Otu1062,F-Otu1100,F-Otu1146,A-Otu0274,A-Otu0289
C_M5,27603,69061,21901,34345,670,7056,14992,18231,8546,3960,5278,23819,4194,639,3765,2949,41,58,584,1049,1776,6197,1763,133,338,1279,4233,1195,4352,1814,6147,1834,136,5,8775,2169,791,1257,806,987,152,318,1045,316,1,423,397,42,152,656,550,941,27,1693,3,0,977,237,410,10,121,186,54,14,181,0,164,18,102,2,52,217,1249,386,78,0,223,565,135,487,0,1,96,274,7,0,0,7,73,0,21,8,58,4,3,22,88,17,16,40,0,106,10,86,24,0,22,16,2,0,0,363,40,17,0,9,2,9,14,33,163,9,294,0,2,49,6,14,2,16,91,0,21,0,10,35,0,0,37,42,57,6,5,36,6,47,39,36,0,37,0,13,0,0,8,51,5,13,22,7,52,37,91,40,57,1,13,6,2,1,9,0,2,33,1,3,28,3,32,1,40,0,12,41,3,8,1,11,8,8,3,10,34,2,0,141,0,39,63,2,22,13,7,0,10,11,17,0,0,0,8,3,15,0,3,9,22,15,8,6,4,0,10,15,8,4,2,9,27,4,1,92,6,0,2,1,1,2,0,2,14,14,10,8,10,0,0,10,1,2,2,3,0,6,3,0,1,2,4,9,2,0,8,9,1,5,5,1,0,0,14,6,7,7,0,18,0,0,2,0,0,0,6,24,1,12,7,1,10,0,9,2,0,0,1,0,1,1,6,3,16,0,6,4,20,4,0,3,9,19,0,2,0,0,15,0,7,0,0,10,3,4,18,9,6,9,0,13,3,3,1,5,4,9,18,13,0,0,0,1,2,0,2,13,4,8,0,5,0,11,15,0,1,1,0,3,0,1,2,0,3,1,1,8,13,3,0,0,2,2,0,0,1,3,2,13,2,0,8,4,0,0,20,0,13,2,0,3,2,0,2,0,4,0,3,3,7,9,7,11,4,2,0,1,7,1,0,3,0,8,8,0,16,0,0,0,0,0,2,7,0,7,0,3,6,1,0,1,6,0,4,3,0,2,2,1,0,8,0,1,3,0,0,0,0,3,1,0,0,2,0,2,1,4,0,3,1,2,0,0,5,3,0,4,4,3,11,8,2,3,3,2,4,0,2,3,2,0,0,0,6,4,1,0,1,4,0,0,3,0,6,3,2,7,0,0,0,0,2,12,1,0,3,0,0,1,0,3,0,1,0,10,1,0,0,1,0,0,4,4,0,1,8,8,1,0,0,2,1,0,0,0,0,1,0,3,1,0,1,2,4,0,1,0,1,2,0,1,1,2,0,0,0,3,2,0,2,0,3,2,2,5,1,1,2,0,3,0,1,0,1,2,5,1,0,4,1,0,6,1,0,0,4,0,0,0,5,5,2,0,1,0,0,2,1,0,0,0,1,1,2,0,3,4,0,3,0,1,0,0,1,1,1,0,1,0,7,0,0,0,0,2,1,1,2,1,1,0,0,1,0,0,2,0,3,0,0,1,2,6,0,1,1,1,4,2,0,0,0,1,0,0,0,1,0,1,2,0,0,2,0,0,0,0,0,2,0,0,0,0,2,0,2,0,0,0,0,1,0,0,1,0,1,1,2,3,0,0,0,3,0,0,0,0,1,0,0,0,2,3,0,0,0,0,0,0,0,0,1,0,0,1,0,0,0,0,0,1,0,0,0,0,0,2,0,0,0,0,0,0,0,0,0,1,0,0,0,0,0,0,0,0,0,0,0,0,0,1,0,1,1,0,0,0,0,0,0,0,0,0,0,0,0,0,0,0,0,0,0,0,0,0,0,0,0,0,0,0,0,0,0,0,0,0,0,0,0,0,0,0,0,0,0,0,0,0,0,0,0,0,0,0,0,0,0,0,0,0,0,0,0,0,0,0,0,0,0,0,0,0,0,0,0,0,0,0,0,0,0,0,0,0,0,0,0,0,0,0,0,0,0,0,0,0,0,0,0
C_P5,9904,16886,22958,10709,92619,1953,10360,3465,734,354,1291,15,1656,280,7090,204,90,3,3,300,2407,837,11220,29,7,13,479,624,284,1687,7,138,382,0,5,434,4014,6,760,98,390,82,174,114,17,1294,1495,178,1,21,6,37,0,1284,57,0,70,0,541,11,17,13,4,4,39,5,0,399,24,0,28,30,7,1,20,28,85,139,3,1,0,0,3,0,3,0,154,0,23,0,1,0,0,0,0,0,2,0,13,1,0,7,0,11,15,0,10,0,0,0,2,0,2,11,0,7,0,0,3,0,25,4,0,0,0,1,3,3,25,3,5,8,0,2,1,0,0,0,4,2,0,6,1,0,39,1,4,0,0,1,0,2,0,0,1,14,0,0,4,0,2,1,0,4,0,0,3,0,1,0,20,0,5,32,0,31,4,0,0,1,9,0,3,0,0,1,3,4,0,0,0,3,0,0,12,11,21,0,2,0,2,0,0,0,0,0,1,1,0,0,0,0,12,1,0,2,4,0,6,2,2,0,0,1,0,0,0,1,7,1,0,4,0,0,4,0,0,1,19,2,0,0,1,0,0,0,0,0,1,3,0,0,0,0,0,0,0,0,2,2,3,0,0,3,0,12,0,0,0,0,0,0,0,8,3,1,1,0,2,0,0,0,1,0,1,1,0,0,0,0,2,0,0,0,0,1,1,0,0,0,30,1,0,0,0,13,1,4,1,0,0,0,0,0,3,0,0,0,1,0,0,11,0,1,0,0,0,0,3,0,3,0,0,0,0,2,1,0,3,0,0,0,0,3,0,3,0,2,1,0,1,0,0,3,0,0,0,0,0,0,0,0,0,1,0,0,1,4,1,0,0,0,3,6,0,0,0,0,0,1,0,0,2,0,0,0,0,0,0,0,1,0,0,0,0,0,3,0,0,0,0,0,2,6,0,0,0,0,0,0,6,0,0,1,1,0,0,0,0,0,0,0,0,0,0,0,0,0,0,1,2,0,0,1,0,1,6,0,0,0,0,0,0,0,0,0,0,0,0,0,0,0,0,0,0,0,0,0,0,0,0,0,0,2,1,1,0,0,0,0,0,1,0,0,1,1,5,0,0,0,0,0,0,0,0,0,0,0,0,0,0,0,0,2,0,0,0,0,0,0,0,0,0,0,0,0,0,0,0,0,0,1,0,0,0,0,0,0,0,0,7,1,0,2,3,0,0,1,0,0,0,0,2,5,0,0,0,0,0,0,3,0,0,0,1,1,3,0,13,0,0,0,0,0,0,0,0,1,0,0,7,0,0,0,0,1,0,0,0,0,0,0,0,0,0,2,0,2,0,0,0,0,0,0,0,1,0,0,0,1,0,0,0,1,0,0,0,1,0,0,0,0,0,0,2,0,0,0,0,0,0,0,0,0,0,0,0,0,0,0,0,2,0,0,0,0,1,2,0,0,2,0,0,0,0,0,0,0,1,0,3,0,0,0,0,3,0,1,0,0,1,0,0,1,0,1,0,1,0,0,0,0,0,1,0,0,2,0,0,0,0,3,0,0,0,0,0,0,0,0,0,0,0,0,0,0,0,0,0,0,0,0,0,1,0,0,0,0,0,0,0,0,0,0,0,0,0,0,0,0,0,0,0,0,0,0,0,0,0,0,0,0,0,0,0,0,0,0,0,0,0,0,0,0,0,0,0,0,0,0,0,0,0,0,0,0,0,0,0,0,0,0,0,0,0,0,0,0,0,0,0,0,0,0,0,0,0,0,0,0,0,0,0,0,0,0,0,0,0,0,0,0,0,0,0,0,0,0,0,0,0,0,0,0,0,0,0,0,0,0,0,0,0,0,0,0,0,0,0,0,0,0,0,0,0,0,0,0,0,0,0,0,0,0,0,0,0,0,0,0,0,0,0,0,0,0,0,0,0,0,0,0,0,0,0,0,0
C_A5,27726,14770,27767,11937,81404,5898,4343,3618,8226,4059,3627,10,1992,2454,4659,744,1148,1023,2,276,2838,1664,403,68,67,125,759,1475,344,744,59,725,1632,0,23,240,72,104,839,5702,3117,127,25,115,48,1794,519,509,1,204,65,29,0,204,1023,0,270,1,622,9,390,48,106,6,341,19,2,741,18,0,42,87,1,4,21,74,35,3,28,0,0,0,187,0,35,0,542,0,142,0,7,0,1,0,3,0,3,1,52,8,0,53,0,44,189,0,8,8,7,0,3,0,14,97,0,31,4,1,18,7,17,7,0,0,7,8,10,27,228,10,30,2,1,13,5,5,2,5,1,13,0,22,1,52,53,14,8,1,2,78,0,7,1,1,3,0,16,0,13,1,33,25,15,20,8,0,0,5,0,6,10,0,2,17,1,26,5,1,0,1,26,0,3,8,2,10,0,6,4,2,10,5,0,2,31,1,7,10,20,1,12,0,1,0,7,4,7,1,0,0,1,3,7,1,0,12,2,1,9,33,0,0,9,10,0,21,0,7,3,2,2,3,0,0,11,10,0,0,2,9,0,0,19,2,7,0,0,0,1,2,1,7,2,1,1,0,0,0,7,0,3,8,0,5,0,4,0,0,3,2,0,2,9,6,5,12,0,1,1,0,0,1,0,10,0,0,3,0,3,15,3,8,0,47,31,1,2,0,3,2,2,0,3,2,3,1,3,1,12,5,0,0,0,0,1,0,0,4,7,0,0,14,6,3,11,1,1,1,8,0,1,10,0,0,1,1,10,0,6,1,22,0,0,0,0,5,7,2,1,9,5,0,0,2,1,3,0,0,0,0,0,0,0,1,0,0,5,0,1,0,0,0,2,3,0,0,1,0,3,0,0,15,1,0,0,1,0,2,2,0,1,3,0,0,0,2,7,0,0,1,6,0,2,0,6,0,0,1,1,1,5,0,0,5,0,0,1,4,0,0,0,2,7,0,3,0,0,0,0,1,3,0,5,0,0,0,3,0,0,0,1,1,3,2,0,0,4,0,0,4,0,0,0,2,1,1,0,0,0,0,0,0,0,0,0,0,0,0,0,0,5,0,0,6,2,0,0,0,0,4,0,0,5,0,2,1,0,0,3,0,0,0,9,0,0,0,1,0,0,0,0,0,4,8,4,0,0,0,0,1,0,0,0,0,0,0,0,0,1,2,2,0,2,0,0,0,0,1,0,0,0,0,3,0,1,0,0,2,4,0,4,0,2,0,1,2,3,1,0,0,2,0,0,2,0,0,0,0,0,0,1,2,0,4,3,1,0,1,0,0,0,0,0,0,0,0,1,1,0,1,0,0,0,0,0,0,0,1,0,0,0,0,0,0,4,0,0,0,0,0,2,0,0,0,2,0,0,1,0,0,0,2,0,0,3,0,1,0,0,0,0,0,2,0,3,0,0,0,0,0,2,1,0,0,0,0,0,0,1,0,0,0,0,1,0,1,1,2,0,1,0,2,0,0,0,0,0,1,0,0,2,0,0,0,0,0,0,0,0,0,0,0,0,0,1,1,0,0,0,0,0,0,0,2,0,0,1,0,0,0,0,0,0,0,0,0,0,0,0,0,0,0,3,0,0,1,0,0,0,0,0,0,0,0,0,0,0,0,0,0,0,0,0,0,0,0,0,0,0,0,1,0,0,1,0,0,0,0,0,0,0,0,0,0,0,1,0,0,0,0,0,0,0,0,0,0,0,0,0,0,0,0,0,0,0,0,0,0,0,0,0,0,0,0,0,0,0,0,0,0,0,0,0,0,0,0,0,0,0,0,0,0,0,0,0,0,0,0,0,0,0,0,0,0,0,0,0,0,0,0,0,0,0,0,0,0,0,0,0,0,0,0,0,0,0,0,0,0,0,0,0,0,0,0,0,0,0,0,0,0,0,0,0,0,0,0,0
C_M6,82773,2450,38351,22380,8068,7998,8543,5212,28165,20277,5259,50,6299,3210,6815,12466,5,3020,113,3272,2212,278,76,12325,426,508,686,2866,197,1954,102,2538,6557,62,6,717,4543,585,1316,556,3164,1819,256,1495,310,5348,1990,7184,104,737,278,565,0,1168,3942,0,446,2,544,25,175,169,76,5,176,2325,115,984,483,45,406,16,191,0,277,191,247,1,44,5,0,0,136,1,69,0,2,19,123,30,67,0,5,0,6,0,103,1,159,101,0,126,1006,47,45,0,123,0,195,247,710,21,76,63,0,305,0,2,42,0,138,12,0,0,0,37,6,432,1,327,46,6,1,9,20,92,2,87,14,80,160,13,0,72,60,0,1,20,65,77,3,116,118,0,74,0,39,0,67,0,15,27,52,81,11,4,72,25,0,293,7,1,146,7,0,1,30,1,2,16,8,0,23,1,8,44,90,0,1,0,3,0,0,0,185,18,1,1,21,22,0,80,4,58,0,6,0,0,99,0,7,7,5,2,95,69,3,3,8,4,4,2,2,12,0,1,0,30,2,0,4,0,0,1,41,5,0,0,18,0,6,6,5,0,5,0,79,0,55,3,6,0,0,5,8,0,0,0,12,2,3,5,34,13,0,5,4,6,0,7,5,2,5,4,2,9,0,3,1,0,0,13,2,3,4,1,0,0,4,30,6,1,0,12,29,0,1,0,5,12,0,1,0,0,1,8,42,0,7,4,1,0,3,0,4,0,2,3,0,0,2,7,2,7,2,5,38,5,7,0,1,8,3,5,7,3,3,0,1,11,0,33,0,6,13,1,0,1,3,2,0,0,0,0,11,14,0,0,0,0,4,4,18,0,0,0,6,1,3,0,0,5,1,4,0,0,9,15,0,1,0,4,5,0,3,4,0,0,0,0,1,0,0,0,1,2,0,0,0,3,14,0,14,7,0,1,0,4,0,4,0,0,0,4,3,0,4,18,0,0,31,0,12,1,2,0,0,0,0,26,0,1,0,0,0,0,4,0,9,0,4,2,1,0,0,0,1,0,1,2,12,2,8,4,17,2,0,0,0,0,3,0,10,0,0,1,0,0,0,1,7,1,0,0,0,0,6,0,0,0,0,2,3,0,3,1,0,0,1,0,0,0,0,0,1,1,3,3,2,1,2,1,1,9,0,0,0,0,1,1,1,0,0,2,0,0,0,0,0,0,6,0,0,6,1,0,0,2,0,2,0,0,0,0,0,4,1,0,1,0,0,0,0,0,0,0,0,1,0,0,0,1,0,4,1,0,0,0,0,1,1,2,0,5,8,0,0,0,0,1,4,1,2,0,0,0,0,1,1,0,0,0,1,1,2,1,0,1,2,1,0,0,1,0,0,0,0,0,2,0,1,0,1,2,0,0,6,5,0,10,0,3,3,0,1,0,0,0,7,0,0,0,1,0,6,0,1,0,2,1,0,3,0,0,0,0,3,0,0,0,0,0,0,0,0,0,0,2,0,0,0,0,4,0,0,0,0,0,0,0,0,0,0,0,0,0,1,0,0,0,0,0,0,0,0,0,0,0,0,0,1,2,0,0,0,0,0,0,0,0,0,1,0,0,0,0,2,1,0,0,0,0,0,0,3,0,0,0,2,0,1,0,0,0,0,0,0,0,0,0,0,0,0,0,0,0,0,0,0,0,0,0,0,0,0,0,0,0,0,0,0,0,0,0,0,0,0,0,0,0,0,0,0,0,0,0,0,0,0,0,0,0,0,0,0,0,0,0,0,0,0,0,0,0,0,0,0,0,0,0,0,0,0,0,0,0,0,0,0,0,0,0,0,0,0,0,0,0,0,0,0,0,0,0,0,0,0,0,0,0,0,0,0,0,0,0,0,0,0,0,0,0,0,0,0,0,0,0,0,0,0,0,0,0,0,0,0,0,0,0,0,0,0,0,0,0,0
C_P6,50742,36314,31743,40208,4410,3349,14097,8757,8514,8080,5821,32880,1699,1295,947,4975,184,2565,174,626,924,442,97,1597,567,1015,807,345,613,1065,4618,1511,122,225,3861,322,164,1730,391,274,94,90,483,81,0,168,84,41,1434,660,746,1328,18,605,60,0,633,106,33,5,40,203,27,4,1410,0,734,8,16,5,27,69,338,599,24,0,10,11,78,58,0,25,360,798,4,1,0,5,32,1,39,8,200,0,0,3,79,30,63,26,1,167,17,39,18,0,9,14,5,4,0,12,18,27,0,7,28,22,1,34,26,2,195,0,0,58,59,16,3,27,91,0,15,10,5,58,1,0,12,24,31,2,4,67,6,40,2,43,0,41,0,83,0,0,8,2,43,82,61,3,77,57,91,26,67,2,29,11,25,0,0,0,7,40,0,12,51,10,43,2,23,0,11,28,0,13,5,8,90,6,11,20,16,8,2,25,0,17,23,6,24,14,20,24,15,19,7,1,0,0,17,5,30,0,2,2,43,19,8,3,5,0,1,13,68,4,12,18,11,2,17,0,24,0,4,1,4,0,0,0,38,5,24,6,4,0,0,0,0,0,11,3,2,6,3,0,0,0,3,11,15,0,1,3,0,17,4,13,1,23,32,12,17,5,13,16,0,0,3,0,0,0,3,20,0,0,14,1,13,2,20,1,2,3,1,7,0,1,25,6,2,0,8,3,10,2,0,1,2,15,21,0,0,0,5,0,13,0,0,20,1,2,11,2,3,17,0,9,2,1,0,4,14,20,8,5,1,0,2,3,2,1,5,6,3,2,12,16,3,6,1,0,6,6,2,0,0,3,0,0,4,0,5,2,17,10,1,11,6,3,0,2,0,0,13,14,7,0,3,3,0,5,8,0,16,0,0,5,1,0,3,1,4,0,3,3,1,4,5,6,4,2,2,4,3,0,0,5,0,4,1,0,16,9,0,0,0,3,0,3,0,1,2,1,4,0,0,5,4,1,2,1,3,2,0,1,3,0,0,2,3,1,1,14,0,0,1,9,1,7,1,3,0,0,1,7,0,20,3,0,2,0,0,3,0,0,8,2,0,3,3,1,10,1,1,2,0,0,0,16,0,1,1,0,0,4,0,0,5,0,0,0,0,0,2,0,3,3,7,2,9,1,4,0,1,0,0,0,0,3,0,0,2,2,0,1,0,0,0,4,0,0,2,2,0,4,0,2,8,0,0,1,0,2,0,4,3,0,2,1,1,0,0,7,0,0,0,3,0,0,1,0,0,4,0,0,1,0,3,9,0,0,4,0,0,0,1,0,1,7,2,0,1,0,0,0,0,1,2,4,1,0,1,0,0,0,6,1,3,1,2,0,1,1,0,0,0,0,2,0,1,3,2,5,0,0,3,2,0,0,0,4,1,0,1,2,4,0,0,4,0,0,0,0,0,3,1,0,0,1,0,3,2,6,0,0,0,0,0,1,0,3,0,4,2,0,0,0,3,1,0,0,0,0,2,1,2,0,0,1,2,0,0,0,0,3,0,0,0,1,1,0,0,1,0,0,1,3,0,0,0,0,1,0,1,0,0,0,1,0,5,1,0,0,1,0,0,0,0,0,0,2,0,0,0,2,0,0,0,0,0,0,1,0,0,0,0,0,0,0,0,0,0,0,1,0,0,0,2,0,0,0,0,0,0,0,0,0,0,0,0,0,0,0,1,0,0,0,0,0,0,0,0,1,0,0,0,0,0,0,0,0,0,0,0,0,0,0,0,0,0,0,0,0,0,0,0,0,0,0,0,0,0,0,0,0,0,0,0,0,0,0,0,0,0,0,0,0,0,0,0,0,0,0,0,0,0,0,0,0,0,0,0,0,0,0,0,0,0,0,0,0,0,0,0,0,0,0,0,0,0,0,0,0,0,0,0,0,0,0,0,0,0,0,0,0,0
C_A6,45927,14649,27782,38373,3285,2800,6633,7565,3197,4453,4855,31107,1655,1198,559,3535,294,2270,100,300,776,168,29,2060,186,1556,1080,138,297,469,1641,1820,148,104,1417,259,73,754,387,298,32,92,193,109,0,121,143,27,376,564,323,1560,7,575,27,0,478,44,22,4,32,217,15,5,115,5,1013,0,30,1,25,105,198,425,23,0,10,9,70,20,0,77,60,591,0,0,0,29,94,0,16,0,74,0,0,3,79,50,12,22,0,53,5,50,11,0,5,15,1,5,0,2,9,40,0,7,0,7,0,91,7,3,168,0,0,28,4,9,1,21,23,9,13,5,1,32,2,3,11,12,4,7,0,21,1,41,3,88,0,16,0,43,0,1,6,0,13,229,10,0,20,39,36,16,89,0,17,4,0,0,4,0,11,18,0,15,53,4,36,3,5,0,8,63,6,1,19,6,2,3,23,14,8,0,0,6,0,29,18,5,17,6,4,15,0,7,10,1,0,0,15,0,13,0,3,0,10,44,4,8,0,0,7,10,57,2,36,10,15,2,7,1,24,0,1,1,2,0,1,1,12,13,21,4,6,0,0,0,0,1,7,2,2,7,2,0,0,0,9,8,18,0,3,0,0,20,0,17,3,22,33,10,7,2,20,7,0,0,8,1,0,0,0,13,0,3,32,1,0,0,11,0,0,0,0,2,2,0,22,14,0,0,4,1,5,0,1,2,7,6,1,0,0,2,2,0,2,1,0,21,1,1,1,2,4,8,1,9,0,0,0,3,1,21,6,0,0,0,3,5,1,0,2,2,0,1,0,15,1,13,0,0,1,1,1,0,0,1,2,0,8,7,0,2,4,7,0,8,2,35,0,1,1,2,1,9,2,1,1,2,0,2,2,1,0,1,0,0,1,0,0,0,1,0,0,4,0,10,2,3,2,0,0,3,6,0,0,10,0,7,0,0,0,0,0,0,0,2,1,0,0,0,1,0,8,1,0,0,7,0,7,0,1,1,1,5,3,0,0,1,4,1,0,1,0,6,3,0,0,3,2,2,2,1,1,2,0,4,0,0,2,7,0,0,0,0,0,0,0,2,1,1,2,0,0,0,2,0,0,3,0,1,1,0,1,3,0,0,2,0,0,5,0,1,0,4,11,2,2,2,9,1,4,0,7,0,0,0,7,0,0,2,4,3,0,0,0,0,0,0,1,0,0,0,0,6,1,0,1,0,0,1,3,0,1,2,1,0,2,1,0,4,4,0,1,0,0,3,0,1,0,0,0,0,1,0,1,0,0,3,0,3,1,2,0,0,8,1,1,0,4,1,2,3,0,0,0,0,4,5,0,2,0,0,0,0,2,5,3,1,1,0,0,1,0,0,0,0,1,2,1,9,5,1,0,3,3,1,0,0,1,1,1,0,1,0,1,0,2,0,1,0,1,0,0,2,5,2,0,1,0,2,0,0,0,1,1,0,0,0,1,6,8,0,0,0,0,0,0,0,0,1,0,0,0,2,1,1,6,0,0,1,0,0,2,0,3,0,0,4,4,1,0,0,1,0,0,2,0,0,0,0,3,0,3,0,0,0,0,0,0,0,1,0,0,0,0,0,0,0,0,0,0,0,0,0,0,0,0,0,0,0,2,0,2,0,0,0,1,1,0,0,1,0,0,0,0,0,0,0,0,0,0,0,1,0,0,0,0,0,0,1,0,0,0,0,0,0,0,0,0,0,1,0,0,0,0,0,0,0,0,0,0,0,0,0,0,0,0,0,0,0,0,0,0,0,0,0,0,0,0,0,0,0,0,0,0,0,0,0,0,0,0,0,0,0,0,0,0,0,0,0,0,0,0,0,0,0,0,0,0,0,0,0,0,0,0,0,0,0,0,0,0,0,0,0,0,0,0,0,0,0,0,0,0,0,0,0,0,0,0,0,0,0,0,0,0
C_M7,34479,45297,29907,13501,5,780,4799,3951,3827,3499,1029,283,2846,16,32,2996,4364,196,1702,1050,1056,568,0,19,866,155,1090,1,632,6,39,440,0,0,139,273,713,126,263,1823,3,33,21,35,0,7,206,3,13,99,458,5,3,40,0,1,62,660,22,0,3,62,4,2,77,0,100,2,13,0,4,669,5,655,4,0,26,0,32,0,0,0,88,2,1,0,0,15,57,0,4,0,0,0,1,50,41,13,75,6,0,43,4,28,36,0,1,93,0,0,0,155,0,5,0,0,2,8,0,14,10,1,0,0,0,3,25,0,0,0,58,32,282,8,2,68,0,0,16,9,13,1,0,21,1,15,5,12,3,76,0,42,0,0,6,0,14,0,10,14,32,13,13,12,0,0,5,3,0,0,0,0,0,24,0,17,36,0,0,4,11,1,4,8,0,1,10,7,9,0,4,7,0,8,0,0,0,2,14,1,6,5,25,0,1,4,1,0,0,0,1,32,3,0,1,27,1,6,2,3,6,0,0,17,0,1,19,14,8,0,0,0,41,0,4,2,0,5,4,3,3,3,1,2,6,0,0,5,0,11,15,0,0,15,1,1,0,0,0,13,8,1,0,2,0,1,0,11,21,2,0,5,10,5,4,2,0,0,0,0,0,1,1,0,0,1,0,1,1,0,4,1,0,2,1,0,1,2,0,2,0,0,0,2,6,1,0,1,3,0,6,39,0,0,6,3,18,0,1,1,1,0,6,0,0,1,0,3,0,0,0,14,3,0,5,3,1,0,0,6,1,1,6,0,1,0,0,1,5,2,1,0,0,6,0,0,0,0,4,0,6,3,0,4,0,9,0,2,0,0,0,1,0,7,6,3,5,9,15,0,0,0,0,0,0,7,0,5,3,0,5,0,0,33,14,3,0,0,0,4,0,0,1,2,3,0,0,0,0,4,0,1,0,1,0,0,0,0,0,0,0,1,3,3,1,1,0,0,0,0,1,4,0,5,0,1,1,0,0,0,2,7,0,2,0,0,0,2,1,7,0,0,2,2,0,2,0,0,0,0,1,0,0,0,0,0,0,4,0,0,2,1,0,1,0,0,0,0,0,1,0,1,9,0,0,2,0,0,0,0,0,0,5,1,0,0,1,0,3,1,0,2,1,0,0,0,1,0,2,0,4,1,1,3,0,1,0,0,3,0,0,0,0,0,2,0,0,0,0,0,2,0,2,0,0,1,1,0,0,0,0,0,0,0,0,0,0,4,0,2,0,1,0,0,0,1,0,0,4,0,1,0,0,0,0,0,0,1,7,6,2,0,0,1,0,0,13,0,1,0,0,1,1,0,0,0,1,0,4,2,0,2,1,1,0,1,0,1,2,1,0,1,0,0,0,0,1,0,0,1,0,1,0,0,0,0,0,0,0,0,0,0,0,2,0,0,0,0,0,1,0,1,0,2,0,1,1,0,0,0,0,0,0,0,3,0,0,0,0,1,0,0,0,0,1,1,0,1,2,0,0,0,0,0,0,1,0,0,1,0,0,0,0,0,0,1,1,0,0,0,2,0,0,0,0,0,1,5,0,0,0,0,0,0,0,0,0,0,2,0,0,0,1,0,0,0,0,0,0,0,0,1,0,0,0,1,0,1,0,1,0,0,0,0,0,0,0,0,0,0,0,0,0,0,0,0,0,0,0,0,0,0,0,0,0,0,0,0,0,0,0,0,0,0,0,0,0,0,0,0,0,0,0,0,0,0,0,0,0,0,0,0,0,0,0,0,0,0,0,0,0,0,0,0,0,0,0,0,0,0,0,0,0,0,0,0,0,0,0,0,0,0,0,0,0,0,0,0,0,0,0,0,0,0,0,0,0,0,0,0,0,0,0,0,0,0,0,0,0,0,0,0,0,0,0,0,0,0,0,0,0,0,0,0,0,0,0
C_P7,49128,48180,42784,27882,7,719,3688,4153,5425,12421,5031,86,599,864,35,2166,1491,999,611,507,2575,260,2,107,1056,254,551,3,2231,629,119,824,4,0,336,449,544,186,772,548,6,262,178,243,0,63,62,9,196,1022,253,3,1,48,0,1,75,148,65,0,7,191,63,6,73,0,622,2,58,1,85,603,0,31,57,0,38,2,12,0,0,0,219,24,0,0,0,43,147,0,15,1,0,0,4,132,20,21,133,12,0,192,4,29,118,0,20,82,0,0,0,89,4,1,0,0,11,27,2,15,3,1,0,0,1,3,14,7,0,0,48,16,27,6,1,133,0,0,8,18,63,2,0,101,7,25,0,180,4,52,1,65,0,0,20,0,23,11,8,1,39,76,23,9,5,0,28,6,2,3,0,0,0,11,0,22,41,0,11,42,18,0,4,18,1,2,6,4,17,3,2,20,5,5,0,7,0,0,12,3,6,20,74,1,0,7,12,0,0,0,1,34,5,1,0,13,1,19,0,4,6,0,0,40,0,6,53,24,1,0,29,1,24,0,10,4,1,0,38,1,16,0,5,2,0,0,2,1,0,0,17,1,0,1,4,0,0,0,3,10,10,0,1,3,0,0,0,24,4,1,0,28,18,2,4,6,0,1,2,0,0,7,9,0,0,2,0,10,2,0,7,1,0,2,0,0,0,0,0,13,0,0,0,4,0,2,0,2,3,3,0,1,0,1,0,0,6,0,6,1,0,1,3,4,0,6,0,2,0,2,0,7,2,0,1,0,11,0,0,13,0,0,30,3,0,1,0,0,0,2,0,0,3,5,1,1,0,4,14,0,3,0,0,2,8,3,0,0,13,0,0,0,0,3,3,0,4,0,0,2,0,9,0,1,1,0,0,4,4,0,0,0,0,0,1,3,3,2,0,1,1,0,1,1,0,3,0,1,0,2,0,4,0,2,0,0,0,2,1,0,0,3,4,2,1,5,0,3,4,0,0,3,0,1,0,0,1,0,2,0,8,2,2,3,0,2,0,1,0,3,1,0,12,1,0,2,0,1,0,0,0,0,3,0,0,4,0,1,0,0,2,2,0,1,1,3,0,0,0,0,0,5,0,0,1,4,1,0,0,0,3,0,1,0,1,1,2,5,4,0,0,0,2,0,7,0,0,0,0,2,4,0,4,7,0,0,0,0,0,0,0,0,0,0,0,0,0,1,0,0,0,0,0,0,0,4,1,0,5,1,0,1,3,0,0,0,0,3,0,4,0,0,0,2,0,1,0,0,0,1,0,0,0,0,3,0,1,1,2,1,2,0,0,0,0,0,0,1,1,0,0,6,5,0,0,0,0,1,2,1,3,0,0,1,0,3,0,0,4,0,2,0,1,0,1,0,2,2,0,0,0,1,0,0,1,0,0,0,1,1,7,0,0,0,0,2,0,0,0,1,0,2,1,0,0,0,0,0,0,0,1,0,1,0,0,0,0,0,1,0,0,0,1,0,1,0,0,2,0,5,0,0,1,0,1,1,0,2,2,0,0,1,0,0,0,1,1,0,0,0,0,0,0,0,0,0,0,0,0,0,0,0,0,0,0,2,0,0,0,0,0,0,0,0,0,0,0,0,0,1,0,1,0,0,0,0,0,0,0,0,0,1,0,0,0,0,0,0,0,0,0,0,0,0,0,0,0,0,0,0,1,0,0,0,0,0,0,0,0,0,0,0,0,0,0,0,0,0,0,0,0,0,0,0,0,0,0,0,0,0,0,0,0,0,0,0,0,0,0,0,0,0,0,0,0,0,0,0,0,0,0,0,0,0,0,0,0,0,0,0,0,0,0,0,0,0,0,0,0,0,0,0,0,0,0,0,0,0,0,0,0,0,0,0,0,0,0,0,0,0,0,0,0,0,0,0,0,0,0,0,0,0,0,0,0,0,0
C_A7,95774,18706,49680,23554,34,783,4241,12185,19822,23014,7633,17,827,5698,176,3557,2228,8,1321,1437,4094,1576,6,191,2796,398,3551,3,11238,48,583,1495,23,0,1421,680,1924,725,1235,1752,12,171,117,129,0,92,86,25,15,672,1177,5,0,219,64,0,134,1787,138,6,30,351,187,64,204,0,655,0,28,2,49,85,0,547,45,0,181,566,4,5,0,0,570,77,73,0,0,76,354,0,1,23,52,0,0,416,4,9,193,25,1,192,8,108,132,0,7,99,0,0,0,18,17,0,0,1,158,196,84,268,15,5,0,0,0,17,0,1,0,1,36,82,134,301,0,89,0,0,0,20,10,2,0,61,5,34,224,3,38,33,0,15,0,0,12,0,20,34,15,11,19,45,8,32,0,0,105,21,4,0,1,0,70,14,0,64,9,0,18,90,69,0,7,10,5,37,53,39,72,63,0,0,0,25,1,5,0,18,7,1,0,2,50,0,0,18,32,3,0,3,0,18,6,0,0,13,1,11,0,0,0,0,0,9,6,6,3,14,3,0,38,14,3,0,2,0,120,0,2,0,15,0,7,1,0,0,1,0,0,0,4,0,3,9,70,12,5,0,1,8,8,5,11,0,0,2,0,12,3,5,0,7,5,3,3,2,0,0,7,4,0,0,1,0,0,2,0,0,0,0,4,1,0,0,0,9,0,0,0,6,10,0,6,0,0,13,12,35,1,0,0,1,0,0,3,0,3,0,0,3,0,1,8,2,0,5,0,1,0,6,1,6,2,0,1,4,5,0,0,9,0,12,7,0,5,0,2,0,10,3,2,0,0,6,0,0,0,14,9,0,0,0,0,3,0,0,1,3,12,0,0,0,0,1,0,0,6,0,1,5,0,1,0,0,0,0,0,11,0,0,2,0,0,0,3,4,0,0,0,3,1,0,0,4,0,0,0,0,0,1,1,27,0,1,0,0,0,0,5,15,0,3,0,0,1,1,0,19,0,0,0,4,0,3,0,0,4,4,0,0,2,6,1,0,0,0,1,8,0,0,0,0,0,0,0,5,1,0,0,0,1,1,1,1,0,0,0,0,0,0,0,2,2,15,1,8,0,0,0,0,0,0,2,0,0,1,0,1,0,0,0,0,5,0,0,0,0,4,2,0,0,5,1,0,0,0,0,16,1,1,8,2,8,3,1,0,1,20,6,0,0,4,0,0,7,1,0,0,0,0,3,3,0,1,0,1,1,0,0,3,2,0,4,0,8,4,0,0,2,1,0,0,0,0,0,2,3,0,0,0,0,0,8,2,0,0,0,0,3,1,0,0,0,0,0,0,0,1,0,1,0,6,2,6,0,0,1,0,0,0,1,0,2,0,0,0,3,7,3,2,0,1,0,2,0,0,0,0,0,0,0,0,0,4,0,0,0,0,1,0,2,0,0,1,0,3,2,0,1,3,0,0,0,0,0,2,0,0,0,0,1,0,0,0,0,2,0,1,1,5,0,0,2,0,0,0,0,0,0,0,0,0,0,1,0,0,0,0,0,1,0,0,0,0,0,0,0,0,0,0,0,1,0,0,0,2,0,0,0,0,0,0,0,2,2,0,0,0,0,0,0,0,0,0,0,0,0,0,0,0,1,0,0,0,0,0,0,0,0,0,0,0,0,0,0,0,0,0,0,0,0,0,0,0,0,0,0,0,0,0,0,0,0,0,0,0,0,0,0,0,0,0,0,0,0,0,0,0,0,0,0,0,0,0,0,0,0,0,0,0,0,0,0,0,0,0,0,0,0,0,0,0,0,0,0,0,0,0,0,0,0,0,0,0,0,0,0,0,0,0,0,0,0,0,0,0,0,0,0,0,0,0,0,0,0,0,0,0,0,0,0,0,0,0,0,0,0,0,0,0,0,0,0,0,0,0,0,0,0,0,0,0,0,0,0,0,0
C_M8,21322,10632,12416,7588,36805,10271,5166,2330,2754,413,3880,314,7023,117,203,912,164,5709,7620,688,1305,688,63,415,338,661,750,85,370,532,173,28,5,3408,4,953,0,118,690,12,276,18,1344,13,117,440,497,178,59,161,84,582,36,247,98,0,85,113,230,10,3,17,645,0,56,66,4,31,3,0,3,6,7,10,3,5,18,5,155,68,0,0,3,1,0,0,0,0,46,0,10,8,96,1,0,26,43,8,3,7,1,4,0,5,2,0,1,44,32,24,5,1,20,154,0,78,6,0,0,2,12,0,0,0,6,4,0,12,2,3,4,16,16,1,0,1,1,2,15,13,7,69,6,5,1,6,30,8,7,1,24,1,4,0,8,1,4,0,5,14,1,4,0,5,1,20,0,3,0,0,2,32,1,4,0,13,1,5,5,1,4,0,6,24,5,0,0,1,4,2,20,2,38,3,1,0,1,5,0,2,3,1,0,1,0,0,0,0,3,0,13,0,14,14,1,0,3,0,3,3,17,35,17,2,1,0,0,2,1,19,0,2,0,3,0,0,0,32,0,2,0,6,4,0,5,0,0,0,1,44,2,12,0,5,0,0,6,0,16,8,0,10,1,0,0,2,2,1,1,6,0,0,0,9,9,1,4,0,12,0,5,0,23,6,0,5,1,0,17,4,0,2,1,1,1,0,9,0,0,3,1,0,4,0,0,1,0,4,9,0,0,0,0,0,8,0,7,3,7,5,2,0,0,7,0,0,18,3,1,1,3,2,0,0,1,12,0,0,0,1,0,0,0,3,1,6,0,1,6,0,5,0,0,12,3,1,2,0,0,0,3,1,0,5,1,0,0,1,0,1,0,3,11,1,2,0,2,0,0,0,4,1,0,1,1,16,1,0,3,8,8,3,0,1,1,1,3,1,1,1,1,0,0,3,0,0,5,1,9,1,2,0,0,7,0,5,0,0,1,0,0,3,0,0,0,0,0,0,1,0,3,0,4,4,1,0,2,8,2,0,1,3,0,0,2,1,10,0,0,0,1,9,0,3,1,0,12,0,1,0,2,0,3,3,7,2,0,0,0,0,0,0,0,0,0,1,1,0,0,0,0,1,1,4,0,2,1,1,0,0,1,0,0,1,1,3,0,0,0,0,0,4,0,0,0,3,0,0,0,0,0,1,0,0,0,0,0,0,0,0,2,1,1,0,0,1,0,1,1,0,1,11,3,2,1,0,1,0,0,1,0,0,0,0,3,5,0,1,0,0,2,1,0,1,0,0,0,0,1,0,1,1,0,0,0,1,1,2,0,0,0,2,1,1,6,5,0,3,0,0,0,0,0,0,0,4,0,1,0,1,0,0,0,2,0,0,0,0,0,0,1,0,0,0,1,0,0,0,0,0,0,0,0,2,3,0,0,2,1,0,0,6,4,3,0,0,0,2,3,0,1,0,2,0,2,0,0,1,0,0,1,0,0,1,0,0,0,1,0,0,4,0,0,1,0,1,0,0,0,0,2,0,0,1,0,0,0,0,0,0,0,0,0,0,0,0,2,0,0,0,2,0,1,0,0,0,0,0,0,0,0,0,0,1,0,0,0,0,0,0,0,0,0,0,0,0,0,0,0,0,0,0,0,0,0,1,0,0,0,0,0,0,0,0,0,0,0,0,0,0,0,0,0,0,0,1,0,0,1,0,0,0,0,1,0,0,1,0,0,0,0,0,0,0,0,0,0,0,0,0,0,0,0,0,0,0,0,0,0,0,0,0,0,0,0,0,0,0,0,0,0,0,0,0,0,0,0,0,0,0,0,0,0,0,0,0,0,0,0,0,0,0,0,0,0,0,0,0,0,0,0,0,0,0,0,0,0,0,0,0,0,0,0,0,0,0,0,0,0,0,0,0,0,0,0,0,0,0,0,0,0,0,0,0,0,0,0
C_P8,7124,19463,19947,12254,64173,37961,13663,3725,1223,347,7267,660,12153,129,1021,936,1215,12006,22630,2294,2227,3496,629,3832,350,3066,1902,291,604,2761,175,102,17,11212,2,879,12,96,2201,146,3403,226,5074,207,367,1078,1183,537,996,470,108,443,24,300,568,0,209,591,596,15,2,79,2908,0,409,868,8,107,53,0,64,127,54,22,51,52,12,9,647,3,0,0,5,0,1,0,6,2,56,0,15,47,718,1,0,48,40,76,1,43,0,9,7,68,5,0,17,39,61,89,21,3,70,179,0,56,2,0,0,6,49,0,0,0,0,4,3,2,19,1,3,116,10,4,1,1,5,0,77,26,13,163,6,3,12,38,18,11,9,0,311,2,12,3,4,6,0,0,23,10,1,0,0,17,0,116,1,15,9,11,25,144,7,15,1,16,2,1,0,3,15,0,15,15,10,0,1,19,0,11,15,6,101,4,0,0,1,27,5,4,20,2,0,12,2,1,6,3,0,0,19,0,14,47,3,2,18,7,6,9,5,92,37,0,0,0,0,0,0,20,0,5,0,90,0,0,0,34,2,0,1,4,0,1,16,0,0,0,4,18,0,18,3,20,0,0,75,2,7,1,0,4,4,5,0,0,16,0,3,6,0,0,0,14,4,1,4,0,16,5,28,0,18,1,0,10,1,1,11,15,1,4,0,0,0,0,28,0,0,3,2,0,12,3,0,3,0,3,3,0,21,3,0,0,6,0,1,37,2,1,14,4,0,3,5,0,2,0,5,11,2,0,1,0,0,1,5,0,2,1,0,1,0,2,6,8,1,1,1,0,0,0,0,4,7,0,0,0,1,1,1,5,0,2,1,0,0,1,0,0,0,5,17,0,1,0,0,0,0,1,34,0,0,2,0,5,38,0,1,27,7,4,0,1,1,1,3,1,2,0,0,7,0,1,1,1,18,0,21,0,5,0,0,1,0,3,0,0,0,0,0,3,0,0,1,1,4,0,3,0,1,2,6,3,1,3,0,1,1,0,0,1,0,0,15,0,2,0,0,0,0,0,0,3,0,0,6,0,3,0,1,3,3,2,3,2,0,0,1,1,1,3,0,1,2,0,0,0,0,0,0,4,1,19,0,0,14,5,0,0,0,0,0,6,5,1,0,0,0,0,0,0,0,1,0,6,0,0,4,0,0,2,0,0,0,6,0,0,1,0,0,1,0,0,1,0,0,0,2,1,0,0,2,2,0,0,0,2,0,0,0,7,0,0,2,1,0,0,0,0,4,1,2,0,0,0,0,1,1,0,3,0,0,0,0,5,0,2,0,0,0,0,1,3,7,3,0,4,0,0,0,0,0,0,1,3,0,0,0,0,0,0,0,1,0,3,0,1,0,0,1,0,0,0,1,8,0,0,0,0,2,0,1,2,2,0,1,1,0,0,0,0,1,3,2,0,0,3,2,0,0,0,2,0,0,0,0,1,1,0,1,0,0,0,1,2,0,0,1,0,3,2,0,1,0,0,2,0,0,0,0,2,0,3,0,0,0,0,0,0,0,0,1,1,0,3,0,0,0,0,0,0,0,0,0,0,0,0,1,2,0,0,2,0,0,0,0,0,0,0,0,0,0,3,0,0,0,0,0,0,0,0,0,0,0,0,0,0,0,0,0,0,0,0,0,0,0,0,0,0,0,0,0,0,0,0,1,0,0,0,0,0,1,0,0,0,0,0,0,0,0,0,0,0,0,0,0,0,0,0,0,0,0,0,0,0,0,0,0,0,0,0,0,0,0,0,0,0,0,0,0,0,0,0,0,0,0,0,0,0,0,0,0,0,0,0,0,0,0,0,0,0,0,0,0,0,0,0,0,0,0,0,0,0,0,0,0,0,0,0,0,0,0,0,0,0,0,0,0,0,0,0,0,0,0,0,0,0,0,0,0,0,0,0,0,0,0
C_A8,36396,10521,19478,12394,32771,16194,5522,2283,11933,2986,3364,513,10602,1962,542,8015,291,6917,3848,2694,953,1160,45,1157,1506,6242,877,149,138,805,2505,682,34,1927,24,898,0,723,1115,44,233,877,1283,827,216,755,533,1667,176,192,757,3369,146,253,107,0,416,51,209,17,20,63,594,0,55,210,106,35,264,3730,237,22,9,15,166,134,0,8,25,372,0,0,2,2,0,0,0,0,22,1407,117,5,62,0,0,4,17,174,74,28,0,6,0,27,16,0,80,124,124,15,53,8,35,160,0,274,0,0,0,0,29,0,0,0,90,13,0,0,0,25,18,23,1,0,0,3,1,15,0,17,80,86,15,6,7,0,1,9,0,0,84,1,15,0,0,0,0,0,0,3,0,4,0,0,0,30,0,0,0,0,2,51,3,6,0,9,5,2,106,0,0,0,33,5,32,0,0,0,6,9,0,26,17,0,2,2,1,10,1,0,0,20,0,0,0,0,26,33,0,0,78,0,3,41,0,0,1,0,24,0,0,18,0,8,0,0,0,1,12,1,0,1,0,11,0,0,0,0,15,0,0,0,4,3,1,0,0,0,11,5,1,3,0,0,0,0,11,72,19,1,1,0,0,0,0,3,22,0,0,0,1,0,1,6,2,0,0,9,11,1,0,0,0,2,1,0,3,0,1,0,1,38,0,0,0,0,0,0,2,0,1,0,0,34,0,0,0,1,0,3,0,8,0,59,1,0,0,0,0,0,0,0,0,6,0,0,0,5,1,0,3,0,0,1,1,0,0,0,18,0,0,0,1,0,1,4,0,0,0,0,0,0,1,0,0,5,0,3,4,0,0,0,0,2,0,0,0,1,0,0,0,0,0,0,0,0,1,0,0,19,2,0,0,0,0,1,0,0,0,0,0,0,0,0,0,0,4,0,2,0,0,0,0,0,0,0,10,2,0,0,1,0,0,1,1,0,0,0,0,0,0,0,0,1,0,0,0,0,1,0,0,0,3,1,0,1,0,1,9,0,0,0,0,0,9,0,0,0,0,0,0,1,0,1,0,0,2,0,0,0,0,0,1,1,0,3,0,0,21,0,0,1,0,0,0,0,0,0,0,0,0,0,0,0,0,0,0,15,0,23,4,0,0,0,0,0,0,0,1,0,1,0,0,0,0,0,0,0,1,0,0,0,0,0,0,0,0,0,0,0,0,0,0,0,0,1,0,0,0,3,0,0,0,0,0,0,0,1,0,1,0,1,0,0,0,0,0,0,0,0,0,0,0,0,0,0,0,0,0,0,1,0,0,0,0,1,2,0,0,0,0,1,0,0,0,0,0,0,0,0,0,0,1,0,0,1,0,0,0,0,0,0,0,0,0,0,0,0,0,1,0,0,0,0,0,0,0,0,0,0,0,0,0,0,0,0,0,0,1,0,0,0,0,2,0,0,1,0,0,0,0,0,0,0,0,0,6,0,1,0,0,0,0,0,0,0,0,0,0,0,0,0,0,0,0,0,0,0,0,0,0,1,0,0,0,0,1,0,0,0,0,0,0,0,0,0,0,0,0,0,0,0,0,1,0,0,0,0,0,0,0,0,0,0,0,0,1,0,0,0,3,0,0,0,0,0,0,0,0,0,0,0,0,0,0,0,0,0,0,0,0,0,0,0,0,0,0,0,0,0,0,1,0,0,0,1,0,0,0,0,0,0,0,0,0,0,0,0,0,0,0,0,0,0,0,0,0,0,0,0,0,0,0,0,0,0,0,0,0,0,0,0,0,0,0,0,0,0,0,0,0,0,0,0,0,0,0,0,0,0,0,0,0,0,0,0,0,0,0,0,0,0,0,0,0,0,0,0,0,0,0,0,0,0,0,0,0,0,0,0,0,0,0,0,0,0,0,0,0,0,0,0,0,0,0,0,0,0,0,0,0,0,0,0,0,0,0
C_M9,15773,84251,31104,12659,372,60284,9007,6299,1371,1468,5390,653,3448,471,13771,903,3061,2792,2043,3274,2489,3474,10533,119,339,313,1735,1350,595,2089,418,868,510,1004,13,3704,483,132,629,250,356,255,1664,236,9,573,1213,236,4705,202,275,4,11,1184,122,0,262,404,1036,19,1004,170,28,6,122,0,170,16,49,0,49,9,691,2,35,197,750,3,737,473,0,0,7,1,356,0,0,43,38,0,40,505,0,1,9,292,523,2,216,117,0,6,11,24,7,0,7,76,63,68,0,19,18,23,0,2,0,21,13,77,27,149,0,58,436,20,13,17,11,12,10,60,3,19,5,1,2,7,35,37,42,5,135,2,0,12,30,0,9,2,0,0,0,0,62,275,32,0,40,34,26,3,1,15,0,0,13,11,5,0,24,64,0,28,7,40,2,72,4,6,16,0,1,4,4,0,15,18,10,61,103,2,15,0,1,11,157,37,4,3,8,10,0,0,5,1,7,3,1,0,3,0,11,13,18,2,13,1,17,12,7,0,28,0,0,1,8,1,2,60,0,3,3,1,2,14,0,53,4,4,0,29,1,1,27,0,8,2,4,8,1,34,5,6,0,21,0,1,1,4,5,0,2,19,1,4,1,1,0,11,0,1,0,7,1,5,6,3,12,3,36,5,0,0,0,28,0,2,12,4,1,1,6,1,0,6,13,2,0,0,2,30,5,1,17,2,0,6,0,1,0,2,0,4,5,0,0,8,9,0,21,6,0,3,2,0,0,3,23,0,20,0,6,0,0,6,17,0,3,0,0,0,0,1,4,9,3,2,6,1,1,0,27,2,3,4,0,1,9,0,0,12,0,3,0,1,1,4,0,0,0,0,1,10,0,0,0,0,4,2,1,2,0,4,4,0,0,0,3,1,1,18,0,0,1,6,0,0,0,1,0,1,5,0,1,0,1,0,0,0,5,0,0,0,1,7,10,0,3,0,0,1,0,10,0,0,8,0,0,0,0,1,0,0,19,8,1,1,0,0,0,0,2,6,0,3,1,0,0,0,0,6,2,1,1,1,2,0,12,0,4,0,5,5,8,7,2,7,0,3,0,5,0,0,7,0,9,0,0,0,0,4,0,0,1,0,3,1,0,0,5,0,0,2,7,1,0,0,0,1,0,3,0,2,1,7,4,2,2,0,0,2,0,0,0,3,16,0,4,3,1,2,2,0,0,0,0,1,1,0,0,0,0,5,0,0,1,1,0,0,2,3,2,11,1,1,7,0,0,0,1,0,10,0,1,0,0,4,3,0,0,0,0,0,0,0,0,6,0,0,0,5,0,0,0,2,0,0,0,1,1,0,0,1,0,1,0,0,0,0,0,0,0,0,0,5,0,0,0,0,0,0,1,0,3,0,0,0,0,3,0,0,1,3,0,0,0,1,0,5,0,1,1,1,0,0,0,1,0,0,0,0,2,3,0,1,0,4,3,0,2,0,0,0,0,0,4,2,2,0,1,3,0,3,1,0,0,0,0,0,1,1,2,2,1,0,0,0,0,0,0,0,1,1,1,0,0,0,0,0,0,0,0,0,0,0,0,0,3,0,0,0,0,0,0,0,1,0,0,0,0,0,0,0,0,0,3,0,0,0,0,0,0,0,0,0,0,0,0,0,0,1,1,0,0,0,0,1,0,0,0,0,1,0,0,0,0,0,0,0,0,0,0,0,0,0,0,0,1,0,0,0,0,0,0,0,0,0,0,0,0,0,0,0,0,0,0,0,0,0,0,0,0,0,0,0,0,0,0,0,0,0,0,0,0,0,0,0,0,0,0,0,0,0,0,0,0,0,0,0,0,0,0,0,0,0,0,0,0,0,0,0,0,0,0,0,0,0,0,0,0,0,0,0,0,0,0,0,0,0,0,0,0,0,0,0,0,0,0,0,0,0,0,0,0,0,0
C_P9,22842,47518,35543,17439,741,23898,6265,8148,1394,1798,6104,1998,6412,2136,4759,636,2378,5,496,590,2079,4416,4236,755,796,439,2200,1084,229,2105,716,1687,2497,7,1,1830,269,219,836,24,3164,239,945,274,52,180,619,264,2308,183,159,911,7,603,28,0,177,32,761,15,469,199,172,2,117,0,91,75,82,0,63,3,366,5,55,1267,494,477,60,323,0,3,12,0,706,1,0,0,26,0,6,491,0,1,3,157,8,1,78,56,0,13,0,71,5,0,17,28,118,71,6,76,31,16,0,7,0,35,211,112,46,367,0,117,0,28,1,3,242,2,19,56,0,0,3,0,1,2,37,23,0,25,112,3,0,4,28,4,31,0,1,8,1,0,35,47,38,0,2,10,7,2,0,0,5,0,6,21,6,0,34,19,11,6,0,5,0,4,0,11,5,0,2,2,0,0,10,7,17,42,22,11,0,2,0,0,39,24,4,0,38,0,2,0,89,1,4,2,3,167,0,3,17,21,0,2,21,6,10,2,4,0,22,1,0,0,1,0,6,10,0,6,1,4,0,5,0,0,1,0,1,10,2,23,5,7,0,0,2,7,5,8,8,7,0,13,0,0,6,5,3,0,4,13,6,6,1,0,0,1,3,3,0,3,7,1,0,2,2,28,7,0,14,1,2,4,0,0,0,7,2,1,0,0,10,0,12,0,2,0,5,25,0,0,0,3,0,4,1,0,0,1,0,0,4,1,0,7,0,0,1,1,1,2,19,0,0,1,6,2,4,0,0,1,2,4,0,0,16,0,0,0,0,3,1,3,4,6,3,1,0,0,12,0,0,0,0,1,2,0,3,0,0,9,0,5,8,4,1,0,0,0,1,2,1,0,0,0,1,1,0,0,0,0,1,2,0,0,2,2,0,0,0,0,0,3,1,1,1,0,1,0,1,3,0,0,0,1,2,1,0,0,0,0,1,3,6,0,0,0,0,4,1,6,1,0,10,0,0,0,3,1,3,6,6,3,2,6,6,0,0,4,1,0,0,1,0,0,0,0,0,0,0,0,2,0,3,0,2,0,1,0,0,2,2,0,4,1,0,0,1,3,1,0,4,0,0,0,0,0,0,0,0,1,4,0,0,0,4,0,0,0,0,0,1,1,0,0,0,0,0,4,0,2,0,2,0,0,1,0,0,0,0,0,19,7,2,0,0,0,1,9,2,0,4,1,0,2,0,1,0,3,2,0,0,0,0,0,0,3,1,0,0,0,0,2,1,0,0,0,5,4,6,0,6,0,1,0,0,0,0,1,0,0,0,0,0,0,0,0,0,1,0,2,0,0,0,0,0,2,0,0,0,1,0,4,0,0,0,0,1,3,0,5,0,0,12,0,0,0,1,0,0,0,3,0,0,1,0,0,0,0,1,3,0,0,0,3,0,3,0,1,0,0,0,0,0,0,4,0,2,0,0,0,0,0,0,1,2,3,1,1,0,0,0,0,5,0,1,0,0,0,0,2,0,2,0,1,0,0,0,3,0,0,2,1,0,0,0,0,0,2,2,3,0,0,1,0,0,6,0,0,0,0,0,0,0,0,0,0,0,0,0,1,0,0,0,0,0,0,0,0,0,0,0,0,0,0,0,2,1,0,0,0,0,0,0,0,0,0,0,0,0,0,1,0,0,1,0,0,0,0,0,0,0,0,0,0,0,0,0,0,0,0,0,0,0,0,0,0,0,0,0,0,0,0,0,0,0,0,0,0,0,0,0,0,0,0,0,0,0,0,0,0,0,0,0,0,0,0,0,0,0,0,0,0,0,0,0,0,0,0,0,0,0,0,0,0,0,0,0,0,0,0,0,0,0,0,0,0,0,0,0,0,0,0,0,0,0,0,0,0,0,0,0,0,0,0,0,0,0,0,0,0,0,0,0,0,0,0,0,0,0,0,0,0,0
C_A9,21604,36332,37611,20918,143,31938,6051,15639,3074,5911,7753,125,5940,3678,1721,1490,5119,2,130,885,1116,1430,327,1644,1182,2741,1328,4042,63,1288,2293,4241,4320,1,10,408,1269,1046,2354,26,172,4343,798,3850,5,38,1254,775,381,320,654,65,30,278,1369,0,163,28,481,9,1067,1639,18,11,128,9,329,485,1266,0,994,36,133,1,982,806,410,505,57,254,2091,0,8,1,190,1773,0,1177,11,0,1039,267,0,0,17,110,157,8,16,336,1,22,0,121,11,7,328,13,164,29,69,60,179,7,0,16,570,93,310,40,77,92,0,210,80,59,464,7,32,7,8,126,15,1,66,0,0,10,81,68,0,43,155,8,56,89,78,16,18,5,14,3,22,0,21,0,22,0,10,165,17,2,8,0,5,0,0,120,12,0,136,0,43,10,11,10,0,180,3,14,8,0,28,9,20,0,8,6,0,38,29,28,0,0,0,0,0,0,11,145,11,0,5,0,0,1,21,0,0,0,4,0,2,15,0,0,8,13,1,16,20,0,10,0,0,42,7,0,1,13,14,0,2,20,3,20,0,0,0,0,2,23,5,31,8,99,0,0,17,0,4,4,45,11,1,50,0,8,2,3,2,0,0,0,3,5,1,1,0,0,0,4,3,0,3,3,0,63,5,44,3,0,4,0,1,4,7,36,0,0,0,0,0,0,1,24,1,11,6,1,1,14,0,0,4,1,0,0,0,0,0,0,0,0,1,0,2,0,0,0,6,5,0,1,4,1,1,2,0,0,6,0,0,0,0,0,0,0,3,0,28,0,1,3,0,0,0,0,1,1,1,0,1,0,2,7,2,3,0,0,4,0,0,1,1,0,7,0,0,0,0,0,0,0,1,3,1,0,0,0,0,1,0,0,0,0,0,0,0,0,0,3,0,0,1,0,0,3,1,1,0,14,0,0,6,0,0,1,1,0,0,0,0,0,6,4,3,2,0,0,0,2,0,2,0,15,3,0,1,1,1,0,0,1,0,2,0,1,0,0,0,0,0,0,0,0,0,1,0,0,0,2,0,4,1,1,0,0,1,0,5,0,0,0,0,3,1,1,0,5,0,0,1,0,3,1,0,0,24,0,0,0,0,0,9,0,5,0,0,0,4,0,0,0,3,0,1,0,0,1,0,0,0,0,0,1,0,0,0,0,0,0,0,0,0,0,1,0,0,1,0,0,1,0,0,1,0,2,1,4,0,0,1,0,1,0,0,0,0,0,0,0,0,0,0,0,2,0,0,0,2,3,0,1,6,0,9,0,0,0,0,0,0,0,1,0,1,2,1,0,0,0,0,3,0,0,0,1,0,0,0,0,0,1,0,1,0,0,0,0,0,10,3,0,0,0,0,0,0,0,0,0,0,1,1,1,0,2,0,0,0,0,0,0,0,0,0,4,0,0,0,1,0,0,0,0,0,2,0,0,0,0,1,0,0,0,0,1,0,1,0,0,0,0,0,0,0,0,0,0,0,1,0,0,1,0,0,0,0,0,0,0,0,0,0,0,0,0,0,0,0,0,1,0,3,0,0,0,0,0,0,0,0,0,0,0,0,0,0,0,0,0,0,0,0,0,0,2,0,1,0,0,0,0,0,0,0,0,0,0,0,0,0,0,0,0,0,0,0,0,0,0,0,0,0,0,2,0,0,0,0,0,0,0,0,0,0,0,0,0,0,0,0,0,0,0,0,0,0,0,0,0,0,0,0,0,0,0,0,0,0,0,0,0,0,0,0,0,0,0,0,0,0,0,0,0,0,0,0,0,0,0,0,0,0,0,0,0,0,0,0,0,0,0,0,0,0,0,0,0,0,0,0,0,0,0,0,0,0,0,0,0,0,0,0,0,0,0,0,0,0,0,0,0,0,0,0,0,0,0,0,0,0,0,0,0,0,0,0,0,0,0,0,0,0,0,0
C_M10,6913,89068,11830,10100,23154,5151,29981,9333,2231,446,3596,701,1715,913,9446,436,16735,1598,1,7472,2834,1615,188,269,698,424,560,3303,240,1756,111,56,353,0,47,1494,813,876,410,1297,2,1763,1,1666,7327,359,1414,49,2,768,367,14,6223,295,621,8048,336,706,836,2254,24,344,190,2240,634,67,0,646,470,0,417,405,17,203,313,2,78,0,27,0,0,507,33,2,268,0,547,19,47,0,6,2,67,1276,751,7,4,39,7,199,123,4,3,91,22,15,129,69,14,44,1,0,17,5,799,0,0,26,0,0,21,11,0,3,1,15,0,1,15,5,5,0,3,149,360,0,10,64,15,23,5,17,43,1,177,43,3,0,67,0,0,1,12,417,113,0,31,0,56,22,0,0,1,28,1,9,11,27,256,0,9,0,2,16,188,1,6,2,2,34,8,269,59,6,120,2,0,24,8,2,2,52,3,139,0,6,3,1,5,10,4,12,1,0,11,3,15,125,18,0,0,59,3,1,0,8,3,0,23,36,13,0,2,0,0,30,0,1,24,3,0,0,1,0,3,34,0,0,11,68,0,1,0,2,0,2,6,0,1,0,2,3,18,0,0,1,2,9,0,0,0,27,3,7,60,0,3,0,36,1,0,1,1,4,3,0,49,4,1,0,3,51,0,0,41,6,0,13,2,0,1,9,23,0,0,21,1,56,0,1,1,0,9,0,0,7,1,1,4,1,0,8,63,0,0,60,0,0,29,0,8,2,2,0,0,1,0,0,0,13,9,0,0,0,2,1,0,53,0,0,0,0,0,2,16,2,25,0,0,0,21,40,0,1,4,0,44,0,0,38,0,2,0,0,0,0,3,0,0,1,24,3,3,0,3,0,0,0,3,0,0,0,2,1,0,0,0,3,12,0,6,3,20,1,0,0,0,0,1,0,0,0,5,0,1,16,0,0,0,0,0,1,0,1,3,1,1,1,0,1,0,0,1,1,0,0,1,0,0,0,0,0,3,0,0,0,0,0,0,14,1,1,0,0,0,1,1,1,20,0,0,0,0,0,0,0,0,0,2,10,0,12,0,1,1,0,0,0,1,4,0,0,0,0,0,1,0,18,0,0,0,0,0,0,0,1,0,0,0,0,0,0,1,2,2,0,0,3,0,1,0,0,0,0,0,0,0,0,2,6,0,0,0,0,0,0,0,0,1,6,0,1,1,1,0,0,8,1,1,7,12,0,1,1,3,0,2,4,1,0,1,0,0,0,0,0,1,0,1,3,0,1,0,0,1,0,0,0,2,0,0,0,0,0,0,6,0,1,0,0,0,0,2,1,0,0,0,0,0,0,3,0,0,0,6,0,0,0,0,2,1,0,7,0,7,3,0,2,0,0,0,0,0,0,0,0,0,0,8,0,0,0,0,0,0,6,0,1,0,0,1,0,1,0,0,0,0,0,0,1,0,0,0,0,4,6,0,0,0,0,0,0,0,1,0,0,0,1,0,0,0,0,0,0,0,0,1,0,0,0,0,0,0,0,0,0,0,5,4,1,0,0,0,1,0,0,0,0,3,0,0,2,0,1,0,0,0,0,0,0,0,2,1,0,0,0,0,0,0,0,1,0,0,0,0,0,0,0,0,0,0,0,0,0,0,0,0,0,1,0,0,0,0,0,0,0,0,0,0,2,0,0,0,0,1,0,0,1,0,0,0,0,0,0,0,0,0,0,0,0,0,0,0,0,0,0,0,0,0,0,0,0,0,0,0,0,0,0,0,0,0,0,0,0,0,0,0,0,0,0,0,0,0,0,0,0,0,0,0,0,0,0,0,0,0,0,0,0,0,0,0,0,0,0,0,0,0,0,0,0,0,0,0,0,0,0,0,0,0,0,0,0,0,0,0,0,0,0,0,0,0,0,0,0,0,0,0,0,0,0,0,0,0,0,0,0,0
C_P10,21875,55041,24728,31855,26337,7010,21225,9906,7172,1882,4418,132,1029,3730,2512,1484,9391,1325,0,6319,974,1497,7,825,2472,1319,525,3983,174,1619,313,202,500,0,240,1002,440,2148,117,1115,14,2386,7,2251,4526,162,613,27,18,2851,1029,53,2332,249,301,37,647,1163,276,3910,503,1243,126,2354,349,283,16,466,595,8,642,255,34,53,412,1,134,1,67,17,0,347,22,10,67,7,318,186,123,0,14,11,40,30,221,10,29,171,128,107,242,60,41,143,69,87,154,61,44,286,0,0,51,1,4,0,0,35,0,0,21,13,0,35,1,24,0,20,8,27,34,7,1,16,60,3,106,97,88,65,13,23,14,16,45,62,1,2,92,15,0,9,59,2,28,0,81,0,15,51,6,4,1,25,20,52,0,25,0,1,13,0,1,27,18,8,5,1,5,51,8,0,30,20,47,21,39,33,0,4,2,36,0,24,0,0,0,0,8,14,36,11,1,48,40,54,19,5,21,0,0,0,2,1,10,0,2,1,11,9,37,0,0,1,0,16,0,4,15,2,9,0,1,0,0,32,0,0,3,10,5,3,4,26,7,0,1,0,3,0,3,4,14,2,1,2,0,5,5,1,7,1,1,8,17,4,8,2,14,1,0,4,3,0,1,1,23,0,0,0,3,7,0,2,29,0,2,5,1,0,1,6,27,0,0,3,2,0,0,5,0,1,14,16,3,8,7,0,4,5,0,2,0,0,1,0,2,0,0,0,1,3,2,0,3,1,0,3,0,9,4,0,2,1,0,2,1,4,0,6,0,8,1,4,0,1,0,0,1,0,0,12,0,0,3,10,2,1,0,8,3,9,21,0,0,4,2,0,0,0,18,22,0,0,5,0,1,16,2,0,0,0,1,4,1,0,0,5,4,0,1,1,8,1,5,2,4,5,6,0,1,9,0,0,0,11,0,0,0,0,0,0,1,0,6,9,8,1,19,6,1,0,1,1,2,0,4,1,4,1,1,5,0,0,0,3,0,0,0,11,0,0,4,0,2,10,0,3,4,0,10,0,0,0,1,0,0,0,2,17,0,0,0,2,0,0,0,0,0,3,0,1,0,0,1,5,0,6,0,0,18,0,0,0,1,0,0,0,2,0,0,0,0,1,0,1,0,0,0,2,0,1,1,0,0,1,16,0,0,2,0,0,0,1,0,1,0,0,0,0,0,0,0,1,1,4,11,4,0,0,1,0,0,0,12,0,2,8,3,4,1,3,2,0,0,0,0,1,1,1,0,6,0,0,0,1,0,8,0,0,0,1,1,3,0,2,0,0,0,1,2,4,2,2,0,0,0,0,1,1,11,0,0,0,7,0,1,0,0,5,2,0,0,0,3,0,0,2,0,4,3,0,0,0,0,0,0,0,7,0,1,0,5,0,0,6,0,1,0,0,1,0,1,0,0,2,1,0,0,0,0,0,0,0,2,0,0,2,0,0,0,0,0,2,0,0,0,0,0,0,0,0,0,0,3,0,0,0,0,0,0,0,5,0,0,0,1,0,0,0,0,0,0,0,1,0,0,0,3,0,0,1,0,0,0,0,3,0,0,0,0,1,0,0,0,2,0,1,0,0,0,0,0,0,0,0,0,3,0,0,0,0,0,3,0,0,2,0,0,0,2,0,0,0,0,1,0,0,0,0,1,1,1,0,0,0,0,0,0,1,0,0,0,0,0,0,0,0,0,0,0,1,0,0,0,0,0,0,0,0,0,0,0,0,0,0,0,0,0,0,0,0,0,0,0,0,0,0,0,0,0,0,0,0,0,0,0,0,0,0,0,0,0,0,0,0,0,0,0,0,0,0,0,0,0,0,0,0,0,0,0,0,0,0,0,0,0,0,0,0,0,0,0,0,0,0,0,0,0,0,0,0,0,0,0,0,0,0,0,0,0,0,0,0,0,0,0
C_A10,54910,2411,60240,35543,4015,8701,7886,9224,13496,8516,12513,45,70,30452,526,5630,1113,1088,0,888,729,155,1,538,10129,3226,402,1709,34,258,926,1236,2624,0,1365,22,13,4816,93,113,29,1233,0,1107,23,12,109,153,14,1083,3106,285,976,41,103,0,2197,810,10,4,1463,144,0,100,186,655,36,39,306,0,274,585,0,6,245,0,0,0,29,26,0,1010,11,19,17,0,83,13,171,0,13,1,1,10,291,6,25,627,8,67,795,69,0,102,347,928,73,173,92,0,0,0,205,0,0,0,0,253,3,0,6,0,0,212,0,250,0,34,0,98,48,3,3,0,0,1,389,228,61,12,4,7,0,15,4,8,0,36,108,7,0,23,183,0,10,0,0,0,0,10,4,11,10,19,77,108,28,21,0,0,15,0,0,2,80,12,18,0,14,0,4,3,22,8,0,122,0,64,8,2,2,0,0,13,0,0,0,3,4,0,0,8,9,41,6,49,0,0,27,0,0,0,1,4,25,0,2,7,10,0,17,0,0,5,1,7,0,4,1,0,13,0,0,0,42,0,0,0,6,16,5,0,2,0,1,0,10,88,4,0,22,1,0,0,7,0,0,0,0,10,7,33,19,1,2,0,23,1,0,1,0,3,2,2,3,2,0,0,1,0,0,0,0,0,0,0,9,8,1,0,3,0,16,7,0,0,0,0,2,2,0,0,0,0,0,0,1,0,2,6,17,0,0,0,0,0,0,0,0,0,1,0,2,9,2,6,0,0,1,12,2,0,21,1,6,0,2,0,0,0,0,0,1,5,0,0,0,2,11,2,0,1,0,3,12,2,0,18,0,0,4,2,0,0,0,2,9,3,2,0,0,0,1,0,4,0,1,0,0,0,0,1,0,26,0,0,0,0,0,0,0,2,1,0,3,0,0,0,8,1,1,0,2,0,1,1,0,5,0,1,0,0,0,0,11,1,0,0,0,0,0,2,0,0,1,6,1,2,0,0,2,5,2,0,0,1,0,0,0,0,0,0,14,0,0,1,3,3,1,0,0,0,0,1,1,1,0,0,1,0,0,0,0,0,0,0,0,2,0,0,0,1,5,0,0,0,0,1,0,0,0,1,0,0,1,1,0,0,3,0,0,15,0,0,0,10,1,3,0,0,0,0,1,0,2,0,0,0,0,4,4,0,1,0,0,0,0,0,0,0,0,0,1,0,0,1,0,0,4,1,0,0,0,0,0,0,4,1,0,2,0,0,1,0,0,0,1,0,0,4,1,0,0,1,0,12,0,3,0,1,0,2,2,0,0,0,0,0,1,0,0,0,1,0,3,0,1,1,0,0,0,1,1,6,0,0,0,1,0,1,4,0,0,0,0,0,0,1,0,4,0,1,2,0,1,0,0,0,0,0,9,1,0,0,1,0,0,1,0,0,1,0,0,0,0,0,0,0,0,2,5,0,0,0,0,0,0,0,0,0,0,0,0,0,0,0,0,0,0,0,0,0,2,0,0,0,0,1,0,0,1,0,0,0,2,0,0,0,0,0,0,0,0,0,0,0,0,0,0,0,0,0,0,1,0,0,0,0,0,0,0,0,1,0,0,0,0,0,0,0,0,2,0,0,0,0,0,0,0,0,0,0,0,0,0,0,0,0,0,0,0,0,0,0,0,1,0,0,0,0,0,0,0,0,0,0,0,0,0,0,0,0,0,0,0,0,0,0,0,0,0,0,0,0,0,0,0,0,0,0,0,0,0,0,0,0,0,0,0,0,0,0,0,0,0,0,0,0,0,0,0,0,0,0,0,0,0,0,0,0,0,0,0,0,0,0,0,0,0,0,0,0,0,0,0,0,0,0,0,0,0,0,0,0,0,0,0,0,0,0,0,0,0,0,0,0,0,0,0,0,0,0,0,0,0,0,0,0,0,0,0,0,0,0,0,0,0