,A-Otu0001,F-Otu0002,B-Otu0003,B-Otu0002,B-Otu0001,B-Otu0004,F-Otu0006,F-Otu0007,F-Otu0010,B-Otu0009,B-Otu0007,B-Otu0013,B-Otu0005,B-Otu0008,F-Otu0012,A-Otu0005,B-Otu0011,F-Otu0009,B-Otu0012,F-Otu0008,B-Otu0021,B-Otu0019,B-Otu0016,F-Otu0018,A-Otu0009,F-Otu0023,A-Otu0006,F-Otu0017,B-Otu0014,B-Otu0015,F-Otu0030,F-Otu0032,F-Otu0033,B-Otu0020,F-Otu0037,F-Otu0040,F-Otu0045,F-Otu0016,F-Otu0005,F-Otu0049,B-Otu0031,F-Otu0054,F-Otu0058,F-Otu0052,F-Otu0003,F-Otu0056,F-Otu0059,F-Otu0038,F-Otu0057,F-Otu0060,B-Otu0023,B-Otu0026,F-Otu0020,F-Otu0061,B-Otu0040,B-Otu0028,F-Otu0062,B-Otu0044,A-Otu0025,B-Otu0045,F-Otu0065,B-Otu0032,F-Otu0067,F-Otu0069,F-Otu0071,F-Otu0073,F-Otu0070,F-Otu0075,B-Otu0046,F-Otu0076,A-Otu0026,F-Otu0077,F-Otu0074,B-Otu0049,F-Otu0087,B-Otu0048,A-Otu0020,B-Otu0025,F-Otu0089,F-Otu0088,F-Otu0084,F-Otu0092,B-Otu0037,F-Otu0091,F-Otu0095,F-Otu0097,F-Otu0098,F-Otu0100,B-Otu0038,F-Otu0101,A-Otu0039,F-Otu0104,B-Otu0052,F-Otu0103,F-Otu0102,F-Otu0110,F-Otu0111,F-Otu0114,F-Otu0115,F-Otu0066,F-Otu0120,F-Otu0117,F-Otu0079,F-Otu0124,A-Otu0015,B-Otu0033,F-Otu0126,A-Otu0043,F-Otu0128,A-Otu0045,F-Otu0118,B-Otu0065,B-Otu0030,F-Otu0072,F-Otu0129,F-Otu0130,A-Otu0047,F-Otu0131,A-Otu0049,B-Otu0064,B-Otu0068,F-Otu0139,B-Otu0062,F-Otu0142,F-Otu0143,F-Otu0106,F-Otu0146,F-Otu0147,F-Otu0134,F-Otu0152,F-Otu0153,B-Otu0060,B-Otu0079,B-Otu0082,F-Otu0149,F-Otu0161,F-Otu0162,F-Otu0116,F-Otu0167,F-Otu0164,F-Otu0163,A-Otu0028,A-Otu0057,F-Otu0173,F-Otu0168,B-Otu0085,F-Otu0169,F-Otu0171,F-Otu0132,F-Otu0176,F-Otu0175,B-Otu0088,F-Otu0181,A-Otu0059,F-Otu0015,F-Otu0189,B-Otu0059,F-Otu0190,F-Otu0192,F-Otu0187,F-Otu0093,B-Otu0100,B-Otu0101,F-Otu0196,F-Otu0195,F-Otu0138,F-Otu0053,F-Otu0078,F-Otu0201,B-Otu0006,F-Otu0200,F-Otu0203,F-Otu0133,B-Otu0096,F-Otu0208,F-Otu0212,F-Otu0188,B-Otu0066,F-Otu0214,F-Otu0215,B-Otu0117,B-Otu0110,F-Otu0121,F-Otu0227,A-Otu0073,F-Otu0011,B-Otu0095,F-Otu0231,F-Otu0233,B-Otu0109,A-Otu0065,B-Otu0120,F-Otu0238,F-Otu0234,F-Otu0242,F-Otu0247,F-Otu0224,F-Otu0207,F-Otu0183,B-Otu0086,F-Otu0191,B-Otu0081,B-Otu0105,F-Otu0258,B-Otu0142,F-Otu0256,B-Otu0022,F-Otu0240,A-Otu0082,F-Otu0262,F-Otu0050,F-Otu0156,F-Otu0180,F-Otu0268,F-Otu0269,F-Otu0039,B-Otu0145,B-Otu0147,F-Otu0276,F-Otu0264,F-Otu0270,F-Otu0252,B-Otu0106,F-Otu0266,F-Otu0024,F-Otu0285,F-Otu0213,B-Otu0149,B-Otu0099,F-Otu0286,B-Otu0146,F-Otu0277,F-Otu0287,F-Otu0274,B-Otu0010,B-Otu0156,A-Otu0092,F-Otu0048,F-Otu0306,F-Otu0307,F-Otu0308,F-Otu0223,F-Otu0312,A-Otu0093,B-Otu0170,F-Otu0313,F-Otu0236,B-Otu0154,A-Otu0089,B-Otu0138,F-Otu0273,F-Otu0328,A-Otu0091,B-Otu0174,B-Otu0164,F-Otu0332,B-Otu0144,F-Otu0333,F-Otu0248,B-Otu0127,F-Otu0335,F-Otu0334,F-Otu0225,B-Otu0053,F-Otu0343,B-Otu0071,F-Otu0284,A-Otu0086,F-Otu0349,B-Otu0177,F-Otu0316,A-Otu0102,F-Otu0184,B-Otu0180,F-Otu0199,B-Otu0158,B-Otu0179,B-Otu0188,B-Otu0027,F-Otu0178,F-Otu0372,F-Otu0373,A-Otu0107,F-Otu0342,F-Otu0340,F-Otu0318,B-Otu0214,B-Otu0219,B-Otu0224,B-Otu0171,B-Otu0039,F-Otu0209,F-Otu0364,F-Otu0400,B-Otu0157,B-Otu0165,A-Otu0109,B-Otu0232,F-Otu0288,F-Otu0376,B-Otu0222,F-Otu0381,B-Otu0076,B-Otu0211,B-Otu0043,F-Otu0315,B-Otu0192,F-Otu0301,F-Otu0405,F-Otu0434,A-Otu0119,F-Otu0444,F-Otu0450,A-Otu0103,B-Otu0231,B-Otu0208,F-Otu0459,F-Otu0441,F-Otu0458,F-Otu0323,F-Otu0433,F-Otu0460,F-Otu0463,A-Otu0131,F-Otu0403,F-Otu0466,A-Otu0134,B-Otu0173,A-Otu0087,B-Otu0203,F-Otu0410,F-Otu0464,B-Otu0279,B-Otu0107,F-Otu0177,F-Otu0235,F-Otu0483,F-Otu0322,F-Otu0501,B-Otu0295,F-Otu0446,F-Otu0453,F-Otu0524,F-Otu0531,F-Otu0021,B-Otu0264,B-Otu0291,F-Otu0154,B-Otu0116,F-Otu0535,B-Otu0237,A-Otu0148,B-Otu0089,B-Otu0294,A-Otu0121,F-Otu0457,B-Otu0284,B-Otu0289,B-Otu0287,F-Otu0519,B-Otu0302,B-Otu0321,B-Otu0266,B-Otu0298,B-Otu0225,A-Otu0158,B-Otu0339,B-Otu0296,A-Otu0044,F-Otu0601,A-Otu0100,F-Otu0417,F-Otu0617,F-Otu0560,F-Otu0618,F-Otu0628,B-Otu0047,B-Otu0318,F-Otu0025,A-Otu0165,F-Otu0631,F-Otu0165,B-Otu0306,F-Otu0646,F-Otu0643,F-Otu0202,B-Otu0210,B-Otu0325,F-Otu0652,F-Otu0539,F-Otu0642,F-Otu0237,F-Otu0627,F-Otu0253,B-Otu0307,F-Otu0676,F-Otu0356,B-Otu0255,B-Otu0315,A-Otu0182,F-Otu0688,F-Otu0112,B-Otu0314,B-Otu0357,F-Otu0698,F-Otu0367,B-Otu0229,B-Otu0247,F-Otu0718,A-Otu0192,B-Otu0226,F-Otu0412,F-Otu0609,A-Otu0193,A-Otu0196,F-Otu0748,F-Otu0141,B-Otu0257,F-Otu0502,F-Otu0750,B-Otu0223,F-Otu0765,F-Otu0775,F-Otu0744,B-Otu0212,F-Otu0576,B-Otu0430,F-Otu0738,B-Otu0455,F-Otu0796,F-Otu0580,F-Otu0350,F-Otu0561,B-Otu0420,F-Otu0331,F-Otu0414,B-Otu0404,F-Otu0368,F-Otu0377,B-Otu0391,F-Otu0846,F-Otu0660,B-Otu0456,B-Otu0372,B-Otu0383,B-Otu0532,B-Otu0234,F-Otu0851,A-Otu0042,F-Otu0596,B-Otu0364,B-Otu0378,F-Otu0249,A-Otu0104,F-Otu0420,F-Otu0813,B-Otu0477,B-Otu0598,B-Otu0366,F-Otu0917,B-Otu0578,A-Otu0248,B-Otu0611,F-Otu0031,B-Otu0309,B-Otu0527,F-Otu0935,A-Otu0249,F-Otu1003,F-Otu0145,F-Otu0280,B-Otu0525,F-Otu0931,A-Otu0004,F-Otu0298,B-Otu0415,A-Otu0243,F-Otu1062,F-Otu0158,F-Otu0588,B-Otu0442,F-Otu0739,B-Otu0454,B-Otu0474,F-Otu0836,F-Otu1100,B-Otu0017,F-Otu0577,F-Otu0946,F-Otu1083,F-Otu1146,B-Otu0470,F-Otu0948,A-Otu0274,F-Otu0036,F-Otu0245,F-Otu0257,F-Otu0422,F-Otu0703,B-Otu0444,B-Otu0479,F-Otu0891,B-Otu0568,B-Otu0630,B-Otu0659,F-Otu0358,F-Otu0470,F-Otu0499,B-Otu0538,F-Otu0961,A-Otu0289,F-Otu0243,B-Otu0276,F-Otu0554,B-Otu0329,B-Otu0331,F-Otu0906,F-Otu0517,B-Otu0323,B-Otu0651,F-Otu1061,A-Otu0272,F-Otu1284,F-Otu1338,F-Otu1344,F-Otu0363,B-Otu0379,B-Otu0545,F-Otu1045,F-Otu1055,F-Otu1104,F-Otu1135,B-Otu0810,B-Otu0313,F-Otu0640,B-Otu0540,F-Otu1179,F-Otu0711,F-Otu0841,B-Otu0661,F-Otu1164,F-Otu1412,F-Otu0525,F-Otu0605,F-Otu0690,F-Otu0909,B-Otu0657,F-Otu0174,F-Otu0476,F-Otu0480,B-Otu0398,B-Otu0411,B-Otu0434,B-Otu0460,B-Otu0553,F-Otu0955,B-Otu0704,F-Otu1309,F-Otu0047,F-Otu0296,F-Otu0324,F-Otu0337,F-Otu0544,F-Otu0758,F-Otu0790,F-Otu0793,B-Otu0478,B-Otu0507,B-Otu0534,B-Otu0878,B-Otu0094,F-Otu0581,B-Otu0397,F-Otu0724,F-Otu0816,F-Otu1072,F-Otu1161,F-Otu0194,F-Otu0198,F-Otu0222,F-Otu0281,F-Otu0387,F-Otu0415,F-Otu0452,B-Otu0338,B-Otu0428,F-Otu0727,B-Otu0449,F-Otu0754,F-Otu0812,B-Otu0619,F-Otu1001,F-Otu1005,B-Otu0734,F-Otu1361,A-Otu0034,B-Otu0055,F-Otu0160,F-Otu0186,B-Otu0218,A-Otu0122,F-Otu0534,B-Otu0335,F-Otu0783,F-Otu0804,B-Otu0487,B-Otu0494,F-Otu0884,F-Otu0968,F-Otu1071,B-Otu0702,B-Otu0858,B-Otu0036,B-Otu0041,F-Otu0105,F-Otu0289,B-Otu0281,B-Otu0319,F-Otu0564,F-Otu0585,F-Otu0592,F-Otu0612,F-Otu0977,F-Otu1014,F-Otu1091,F-Otu1154,F-Otu1128,B-Otu0715,B-Otu0719,F-Otu1419,B-Otu0884,F-Otu0182,A-Otu0071,F-Otu0390,F-Otu0455,F-Otu0518,F-Otu0520,F-Otu0550,F-Otu0597,F-Otu0619,F-Otu0624,F-Otu0622,B-Otu0373,F-Otu0708,A-Otu0191,F-Otu0768,F-Otu0800,B-Otu0506,F-Otu0850,F-Otu0871,F-Otu0878,F-Otu0903,F-Otu0924,F-Otu0944,F-Otu1009,F-Otu1017,F-Otu1031,F-Otu1079,F-Otu1080,B-Otu0669,F-Otu1082,F-Otu1199,B-Otu0803,F-Otu1381,F-Otu0001,A-Otu0002,F-Otu0013,B-Otu0018,F-Otu0022,F-Otu0026,B-Otu0024,F-Otu0027,F-Otu0028,F-Otu0029,F-Otu0046,F-Otu0055,A-Otu0022,F-Otu0068,F-Otu0081,F-Otu0082,A-Otu0030,A-Otu0032,A-Otu0033,F-Otu0094,F-Otu0096,A-Otu0037,A-Otu0038,F-Otu0107,F-Otu0108,F-Otu0109,F-Otu0113,F-Otu0119,F-Otu0122,F-Otu0127,A-Otu0046,A-Otu0048,F-Otu0135,F-Otu0136,F-Otu0140,F-Otu0144,F-Otu0151,A-Otu0052,F-Otu0159,A-Otu0055,A-Otu0061,A-Otu0062,F-Otu0179,F-Otu0185,F-Otu0193,A-Otu0067,A-Otu0068,B-Otu0108,F-Otu0226,A-Otu0074,A-Otu0079,A-Otu0080,A-Otu0081,F-Otu0265,A-Otu0084,A-Otu0085,B-Otu0155,F-Otu0317,F-Otu0359,F-Otu0362,A-Otu0106,F-Otu0380,A-Otu0110,F-Otu0418,A-Otu0117,A-Otu0126,A-Otu0127,A-Otu0136,F-Otu0490,F-Otu0496,F-Otu0497,A-Otu0142,F-Otu0527,F-Otu0530,F-Otu0540,B-Otu0311,F-Otu0578,F-Otu0594,F-Otu0603,F-Otu0602,F-Otu0607,F-Otu0608,F-Otu0616,F-Otu0621,A-Otu0171,A-Otu0177,F-Otu0685,F-Otu0699,F-Otu0701,F-Otu0713,F-Otu0731,F-Otu0737,F-Otu0735,F-Otu0743,F-Otu0755,F-Otu0764,F-Otu0780,F-Otu0788,F-Otu0784,F-Otu0787,B-Otu0476,F-Otu0820,F-Otu0834,F-Otu0835,A-Otu0214,F-Otu0842,F-Otu0837,F-Otu0873,F-Otu0877,F-Otu0902,F-Otu0883,F-Otu0885,F-Otu0880,F-Otu0888,F-Otu0900,B-Otu0563,F-Otu0910,B-Otu0573,F-Otu0923,F-Otu0950,F-Otu0937,F-Otu0971,F-Otu0958,F-Otu0962,F-Otu0965,F-Otu0978,F-Otu0996,F-Otu0997,B-Otu0625,A-Otu0250,F-Otu1012,B-Otu0637,F-Otu1032,F-Otu1029,F-Otu1033,F-Otu1036,A-Otu0258,F-Otu1065,F-Otu1054,B-Otu0656,F-Otu1073,F-Otu1078,A-Otu0264,F-Otu1085,F-Otu1084,A-Otu0268,F-Otu1120,F-Otu1125,F-Otu1148,F-Otu1153,F-Otu1115,F-Otu1129,F-Otu1133,F-Otu1116,F-Otu1119,F-Otu1145,F-Otu1150,F-Otu1198,F-Otu1170,F-Otu1173,F-Otu1190,F-Otu1159,F-Otu1183,F-Otu1185,F-Otu1191,F-Otu1156,F-Otu1171,F-Otu1229,F-Otu1239,F-Otu1226,F-Otu1224,F-Otu1225,F-Otu1228,F-Otu1235,F-Otu1245,F-Otu1257,F-Otu1298,F-Otu1283,A-Otu0296,F-Otu1313,F-Otu1362,F-Otu1405,F-Otu1377
R_M2,22157,12748,47116,9102,29794,12321,46692,7932,1741,9593,3643,5348,3754,5386,269,7418,3792,9710,3673,10837,6324,320,351,11724,932,0,5755,3438,1386,1013,1928,624,1118,1888,1955,53,2900,16,149,720,406,93,1,517,71,736,2,549,375,575,575,307,49,949,754,326,1896,78,1881,34,337,261,685,293,224,39,27,2074,149,0,29,24,0,1080,153,6,345,6,607,122,2,38,3,148,978,287,1214,0,108,49,0,356,12,0,24,417,565,349,214,66,597,156,76,0,0,63,74,0,0,130,9,0,63,37,92,57,19,0,2,0,23,4,20,4,83,18,111,10,41,121,12,32,0,2,0,16,176,9,1,177,17,0,23,220,0,6,101,18,21,113,40,187,29,59,6,0,0,140,6,26,43,22,13,24,183,0,26,0,129,78,58,0,15,15,49,61,42,0,43,66,17,0,4,26,3,37,24,119,147,0,0,4,3,13,0,0,38,128,2,4,0,13,4,23,3,2,22,16,17,1,5,134,35,116,2,4,14,52,0,15,6,31,64,44,0,19,59,16,32,1,34,2,26,62,37,6,0,0,38,0,24,0,0,122,66,10,9,4,103,12,2,5,2,9,0,0,11,5,0,16,35,22,27,6,0,13,0,0,26,0,10,1,43,14,134,0,20,0,3,0,0,0,0,36,0,4,37,16,10,0,17,0,39,8,10,0,0,0,0,31,1,0,0,5,0,1,17,12,0,2,38,3,0,6,9,4,0,10,0,5,83,28,1,0,0,0,6,4,1,0,8,6,5,7,21,0,1,0,26,29,0,2,22,2,1,22,8,0,25,0,3,0,0,13,0,1,2,23,4,0,9,7,1,1,4,52,0,9,1,3,5,0,2,21,5,0,2,2,0,25,0,0,12,0,3,0,1,1,1,0,4,0,0,13,4,2,0,6,9,0,0,0,1,6,16,0,4,11,2,0,29,3,0,0,0,5,0,7,4,0,1,1,4,0,2,0,0,1,0,2,0,0,4,2,5,0,2,0,22,4,0,0,0,0,0,0,2,0,0,0,0,0,0,3,0,1,2,3,0,6,0,0,4,0,1,10,0,0,0,0,3,3,0,0,0,2,6,0,0,0,3,0,0,0,0,0,0,0,0,3,1,3,2,0,0,0,3,0,0,0,0,0,1,5,1,3,0,0,1,0,0,0,1,0,0,3,0,0,2,0,0,0,5,0,0,0,0,2,0,1,2,0,0,0,0,0,0,0,1,0,0,0,1,0,0,0,1,0,0,0,0,1,0,0,0,0,0,0,0,0,0,0,0,1,0,0,0,0,3,0,0,0,3,0,0,1,0,0,0,0,0,0,0,0,0,0,0,0,0,0,0,0,0,1,0,0,1,0,0,0,0,0,0,0,0,0,0,0,0,0,0,0,0,0,0,0,0,0,0,0,0,0,0,0,0,0,0,1,0,0,0,0,0,0,0,0,0,0,0,0,0,0,0,0,0,0,0,0,0,0,0,0,0,0,0,0,0,0,0,0,0,0,0,0,0,0,0,0,0,0,0,0,0,0,0,0,0,0,0,0,0,0,0,0,0,0,0,0,0,0,0,0,0,0,0,0,0,0,0,0,0,0,0,0,0,0,0,0,0,0,0,0,0,0,0,0,0,0,0,0,0,0,0,0,0,0,0,0,0,0,0,0,0,0,0,0,0,0,0,0,0,0,0,0,0,0,0,0,0,0,0,0,0,0,0,0,0,0,0,0,0,0,0,0,0,0,0,0,0,0,0,0,0,0,0,0,0,0,0,0,0,0,0,0,0,0,0,0,0,0,0,0,0,0,0,0,0,0,0,0,0,0,0,0,0,0,0,0,0,0,0,0,0,0,0,0,0,0,0,0,0,0,0,0,0,0,0,0,0,0,0,0,0,0,0,0,0,0,0,0,0,0,0,0,0,0,0
R_P2,74014,16390,20076,25333,12637,7924,2389,8214,4686,8569,4279,7444,1572,2722,2554,1454,1817,162,1034,1419,175,1478,568,0,14,2,2212,3730,277,247,1072,2545,2019,243,1096,0,879,4288,173,738,1027,1432,1,680,238,548,89,166,533,0,8,63,33,464,176,48,623,530,0,631,212,46,147,482,612,555,5,0,1750,2295,157,1326,2,157,737,614,441,551,142,377,16,89,0,364,79,39,7,8,45,147,410,0,843,67,196,1,154,199,100,95,46,119,15,425,55,17,221,304,0,0,14,466,16,331,94,34,15,149,0,34,76,65,7,0,35,0,148,345,125,1,499,45,467,600,619,179,3,91,2,14,117,5,91,2,0,221,49,145,3,81,14,103,0,0,0,138,85,37,66,44,16,155,230,49,49,10,0,21,2,0,0,25,47,2,33,0,74,48,35,2,92,208,0,133,123,1,42,69,2,107,200,92,0,50,2,2,68,38,14,82,14,163,5,115,26,19,109,39,0,11,0,2,1,5,53,0,128,67,5,61,82,57,42,8,15,33,5,40,18,16,47,25,52,0,1,43,0,0,1,146,9,9,20,8,63,49,33,54,5,0,12,120,0,60,56,11,19,0,10,24,53,1,12,0,36,4,9,0,26,20,12,1,0,43,0,13,9,86,41,19,123,82,68,6,29,15,42,21,29,5,29,4,0,10,2,41,0,56,35,17,4,2,0,46,3,31,15,11,46,31,1,15,10,9,7,17,2,15,3,8,8,2,8,15,10,4,0,10,52,15,13,0,9,13,10,5,3,0,0,1,1,6,0,13,0,5,37,8,1,1,0,0,44,6,0,2,5,10,2,1,9,4,3,19,1,0,27,22,0,14,18,1,7,0,1,51,13,0,0,8,1,0,18,1,4,12,8,15,0,8,4,7,0,4,11,0,0,0,14,17,2,1,13,4,12,1,0,0,4,0,0,1,35,4,13,7,0,5,0,0,5,16,1,0,2,1,0,1,9,0,1,0,1,0,1,0,4,1,0,2,1,0,4,0,1,1,2,2,0,0,7,2,2,7,6,0,5,1,3,4,0,0,3,1,4,3,0,1,2,0,0,7,0,0,0,1,0,0,0,1,0,1,8,4,0,4,1,7,0,1,2,3,5,2,0,3,0,0,0,1,0,2,4,1,4,0,0,0,0,0,7,0,0,6,3,2,6,0,6,2,0,1,0,0,0,1,2,0,2,2,1,0,0,3,3,1,0,0,2,0,1,4,0,0,0,0,0,1,0,0,2,1,0,1,0,0,0,1,0,0,1,1,0,2,0,0,1,0,0,0,0,2,1,1,0,0,0,0,2,0,0,0,0,0,0,0,0,1,0,0,0,4,0,1,0,1,2,0,0,0,0,0,0,0,0,0,1,0,0,1,0,0,0,2,0,0,1,0,0,0,0,0,0,0,0,0,1,0,0,0,0,0,0,0,0,0,0,0,0,0,0,0,0,0,0,0,0,0,0,0,0,0,0,0,0,0,0,0,0,0,0,0,0,0,0,0,0,0,0,0,0,0,0,0,0,0,0,0,0,0,0,0,0,0,0,0,0,0,0,0,0,0,0,0,0,0,0,0,0,0,0,0,0,0,0,0,0,0,0,0,0,0,0,0,0,0,0,0,0,0,0,0,0,0,0,0,0,0,0,0,0,0,0,0,0,0,0,0,0,0,0,0,0,0,0,0,0,0,0,0,0,0,0,0,0,0,0,0,0,0,0,0,0,0,0,0,0,0,0,0,0,0,0,0,0,0,0,0,0,0,0,0,0,0,0,0,0,0,0,0,0,0,0,0,0,0,0,0,0,0,0,0,0,0,0,0,0,0,0,0,0,0,0,0,0,0,0,0,0,0,0,0,0,0,0,0,0,0,0,0,0,0,0,0,0,0,0,0,0,0,0,0,0,0,0,0,0
R_A2,58909,16776,27299,32535,8620,9781,2309,7968,18898,7488,4057,10547,10283,3163,3050,1077,7953,26,1308,2494,2,4300,293,1,69,0,3927,1339,707,423,599,2160,1124,597,1192,3,552,1266,301,450,423,235,61,831,960,488,2860,292,716,84,226,156,134,249,76,162,195,914,0,100,105,85,108,394,341,1191,20,0,119,0,396,333,2,260,352,165,1030,128,336,426,69,365,0,24,36,32,7,54,86,122,795,0,189,874,157,218,91,125,207,63,169,237,74,337,278,46,33,110,12,0,0,268,112,312,134,233,45,568,773,16,37,71,14,25,101,0,155,104,199,54,41,17,35,6,1,265,0,186,144,58,136,8,300,1,0,43,93,53,173,56,324,117,152,0,0,53,103,9,19,41,25,126,51,240,20,30,0,64,78,0,0,0,69,0,92,0,20,126,37,13,89,12,0,13,35,3,17,0,0,36,99,83,1,12,224,318,30,16,154,36,11,18,16,91,46,4,38,25,0,27,0,0,9,1,138,0,41,48,0,45,22,83,47,3,126,49,1,92,44,48,44,23,14,0,0,30,201,0,16,3,5,3,123,2,22,56,18,6,12,10,11,5,175,85,34,16,9,151,43,24,22,0,13,3,49,6,19,0,14,59,66,112,0,42,0,10,0,27,49,14,11,9,64,8,17,0,14,57,48,8,1,102,0,68,54,22,0,37,2,14,15,23,0,18,3,26,10,4,14,10,0,11,24,2,18,0,13,11,29,40,0,7,5,49,2,2,86,5,33,38,43,0,1,6,11,0,54,7,0,0,0,13,0,30,0,6,21,30,0,0,8,74,9,4,70,0,9,5,14,2,1,28,2,8,18,1,9,16,20,11,14,1,10,0,0,1,3,1,0,16,6,0,7,1,4,0,2,19,11,3,1,5,2,0,17,3,0,3,14,20,6,0,10,3,0,1,10,0,8,32,0,0,1,27,5,23,3,0,0,4,5,9,3,13,5,0,2,2,1,0,0,0,3,0,2,0,6,0,8,0,0,0,1,0,18,1,1,5,0,0,7,7,0,10,3,8,1,4,3,0,1,0,4,1,1,2,12,7,1,0,0,0,0,0,0,2,0,0,9,1,1,0,5,0,0,4,1,4,0,4,3,1,0,1,0,8,0,4,0,0,0,3,6,2,3,1,0,0,2,0,4,0,0,2,1,0,0,0,1,1,0,8,0,0,0,0,0,0,0,3,0,0,2,1,1,0,0,0,0,0,1,3,0,0,0,1,3,0,0,1,2,0,4,0,2,2,0,0,0,0,0,0,0,1,0,0,0,3,0,0,1,0,0,1,0,1,0,0,0,0,0,0,0,1,0,0,1,0,0,0,0,0,1,0,1,0,0,0,0,0,0,1,0,0,0,0,0,0,0,0,2,1,0,0,0,1,0,0,0,0,0,0,0,0,0,1,1,0,0,0,0,0,0,0,1,0,0,0,0,0,0,0,0,0,0,0,1,0,1,0,0,0,0,0,0,0,0,0,0,0,0,0,0,0,0,0,0,0,0,0,0,0,0,0,0,0,0,0,0,0,0,0,0,0,0,0,0,0,0,0,0,0,0,0,0,0,0,0,0,0,0,0,0,0,0,0,0,0,0,0,0,0,0,0,0,0,0,0,0,0,0,0,0,0,0,0,0,0,0,0,0,0,0,0,0,0,0,0,0,0,0,0,0,0,0,0,0,0,0,0,0,0,0,0,0,0,0,0,0,0,0,0,0,0,0,0,0,0,0,0,0,0,0,0,0,0,0,0,0,0,0,0,0,0,0,0,0,0,0,0,0,0,0,0,0,0,0,0,0,0,0,0,0,0,0,0,0,0,0,0,0,0,0,0,0,0,0,0,0,0,0,0,0,0,0,0,0,0,0,0,0,0,0,0,0,0,0,0,0,0,0,0,0,0,0,0,0
R_M3,69226,26609,23924,17747,15142,11737,55,3900,2075,2085,4797,1051,4759,6552,9577,31,3444,647,2650,139,485,2938,1664,3,0,0,674,785,437,330,377,200,235,921,191,0,185,5,90,378,47,79,113,853,18,233,2,338,188,1,51,102,16,342,75,104,5,4,2,0,275,78,232,39,43,23,151,2,24,0,38,16,154,45,21,555,11,6,25,16,244,72,1,17,14,31,0,108,25,63,0,3,15,0,23,2,37,7,32,10,21,8,26,0,0,49,45,0,14,1,27,0,39,3,48,90,14,0,0,153,12,15,2,30,43,91,28,48,78,2,1,10,3,0,2,0,7,8,136,29,24,87,0,3,0,91,6,22,7,20,0,0,59,0,123,0,164,18,5,6,0,1,0,0,4,0,2,0,2,0,0,0,31,0,10,0,50,156,10,10,2,62,27,0,1,43,0,35,18,19,0,11,3,0,6,0,7,0,0,0,50,8,5,0,9,0,0,86,0,4,3,18,7,0,0,6,2,2,24,10,6,0,6,14,0,8,2,19,5,2,1,19,3,0,16,1,0,0,60,0,24,3,3,1,2,5,0,1,2,0,9,0,0,1,0,18,16,14,0,9,8,17,8,1,0,0,0,0,6,11,2,0,0,0,0,33,1,5,0,11,0,0,0,2,5,8,0,0,9,1,3,9,0,0,10,0,0,1,0,1,7,0,97,0,0,0,7,0,9,1,0,1,0,1,11,14,9,2,0,0,0,6,1,0,17,0,0,17,0,3,1,2,0,5,0,0,1,0,0,0,21,0,0,0,2,12,1,0,15,0,1,0,10,6,0,0,4,0,15,1,5,0,3,0,15,0,0,4,0,1,2,1,1,0,0,0,5,3,0,0,0,14,0,8,0,0,5,0,1,4,0,9,0,1,0,0,3,12,7,0,0,3,0,6,0,0,3,3,0,0,3,0,1,0,2,0,0,0,0,0,5,0,0,0,7,0,0,0,0,0,1,1,0,2,0,3,4,2,0,1,0,0,2,7,2,0,5,0,22,1,0,0,0,0,0,0,4,1,0,0,3,4,2,1,4,1,0,0,0,5,0,0,0,7,0,2,0,1,0,0,3,0,0,0,0,0,0,0,7,0,1,3,0,0,0,0,0,0,0,2,0,0,1,0,0,0,0,2,1,2,0,0,1,0,4,1,0,0,0,4,0,0,0,2,0,0,2,2,0,0,1,0,0,0,0,3,2,0,0,1,0,0,0,0,0,0,1,0,0,0,0,3,1,1,0,0,0,0,0,0,0,0,0,0,0,0,2,2,0,1,0,0,0,0,0,0,0,0,0,0,1,0,0,0,0,0,0,0,0,0,0,0,1,0,0,0,0,0,0,0,1,0,0,0,0,1,0,0,0,0,0,0,0,0,0,0,0,1,0,0,0,0,0,0,0,0,0,1,0,0,0,0,0,0,0,0,0,0,0,0,0,0,0,0,0,0,0,0,0,0,0,0,0,0,0,0,0,0,0,0,0,0,0,0,0,0,0,0,0,0,0,0,0,0,0,0,0,0,0,0,0,0,0,0,0,0,0,0,0,0,0,0,0,0,0,0,0,0,0,0,0,0,0,0,0,0,0,0,0,0,0,0,0,0,0,0,0,0,0,0,0,0,0,0,0,0,0,0,0,0,0,0,0,0,0,0,0,0,0,0,0,0,0,0,0,0,0,0,0,0,0,0,0,0,0,0,0,0,0,0,0,0,0,0,0,0,0,0,0,0,0,0,0,0,0,0,0,0,0,0,0,0,0,0,0,0,0,0,0,0,0,0,0,0,0,0,0,0,0,0,0,0,0,0,0,0,0,0,0,0,0,0,0,0,0,0,0,0,0,0,0,0,0,0,0,0,0,0,0,0,0,0,0,0,0,0,0,0,0,0,0,0,0,0,0,0,0
R_P3,94763,68145,47762,39449,17923,8746,22,7934,443,1414,7028,1061,4322,4429,8057,562,2581,238,1218,86,1,1608,1321,3,2068,0,476,1606,700,506,794,635,490,1570,681,23,459,4,314,868,460,15,4655,242,749,395,854,493,213,34,15,166,2784,153,12,178,3,28,1,41,453,133,64,153,194,23,479,0,36,0,0,9,1989,28,54,125,5,2,71,10,707,15,1,188,27,96,0,325,52,226,4,1,27,38,166,0,14,37,75,67,0,75,224,0,0,291,20,13,33,0,402,0,89,8,87,13,26,7,0,227,32,13,7,2,43,87,0,1,6,0,10,35,5,0,0,1,121,17,110,5,16,7,0,106,0,1,40,20,51,23,24,0,0,0,11,0,13,70,0,52,2,2,0,4,0,0,25,5,43,3,0,0,27,0,76,0,8,2,49,86,7,13,2,0,131,20,2,21,2,9,0,0,42,22,9,0,42,1,0,0,130,5,5,0,15,0,10,1,0,20,63,20,16,39,3,0,5,2,24,3,2,6,8,53,0,9,5,3,42,0,2,17,22,0,7,2,0,0,0,0,3,99,2,19,0,10,42,4,1,8,74,12,0,0,2,4,28,1,6,14,3,37,12,0,17,0,20,0,9,28,3,7,0,1,7,20,25,0,3,7,2,30,0,7,1,1,7,0,1,17,0,0,0,0,15,3,32,4,0,0,12,0,2,0,0,1,2,4,6,33,0,27,30,3,5,21,3,11,0,0,0,18,0,2,29,0,0,22,0,11,0,8,0,25,4,24,1,0,0,0,42,3,0,3,5,6,1,0,11,0,1,0,3,6,0,1,7,5,1,0,2,10,9,1,5,0,0,1,0,2,0,0,2,0,0,0,2,1,0,0,1,0,1,0,0,0,11,1,0,3,1,6,0,0,5,6,15,2,0,0,0,0,0,15,0,9,13,2,4,7,0,0,1,0,0,0,0,0,0,0,7,0,0,0,1,0,17,0,1,17,0,28,14,2,0,0,1,0,0,12,26,0,0,1,1,3,4,0,0,3,0,3,0,0,4,2,0,1,0,0,0,0,0,5,4,0,0,0,0,0,0,10,0,1,0,2,0,0,0,8,1,3,0,1,0,3,5,0,1,0,1,3,0,6,0,0,0,8,0,8,1,0,0,0,1,0,4,0,0,4,0,0,6,0,1,1,1,1,0,0,2,0,0,7,3,2,0,0,0,0,0,0,0,1,0,1,3,0,0,2,0,1,1,0,0,0,2,0,0,0,0,0,1,1,1,1,0,0,0,0,0,0,0,0,3,0,1,0,0,1,3,1,0,0,0,1,2,0,0,0,0,0,0,0,2,1,2,0,0,0,0,0,0,0,0,0,0,0,0,3,0,0,1,0,0,0,1,0,0,0,0,1,1,0,1,0,0,0,1,0,0,0,0,0,0,0,0,0,1,0,1,0,1,0,0,0,0,0,0,0,0,0,0,0,0,0,0,1,0,0,0,0,0,0,0,0,0,0,0,0,0,1,0,0,0,0,0,0,0,0,0,0,0,0,0,0,0,0,0,0,0,0,0,0,0,0,0,0,0,0,0,0,0,0,0,0,0,0,0,0,0,0,0,0,0,0,0,0,0,0,0,0,0,0,0,0,0,0,0,0,0,0,0,0,0,0,0,0,0,0,0,0,0,0,0,0,0,0,0,0,0,0,0,0,0,0,0,0,0,0,0,0,0,0,0,0,0,0,0,0,0,0,0,0,0,0,0,0,0,0,0,0,0,0,0,0,0,0,0,0,0,0,0,0,0,0,0,0,0,0,0,0,0,0,0,0,0,0,0,0,0,0,0,0,0,0,0,0,0,0,0,0,0,0,0,0,0,0,0,0,0,0,0,0,0,0,0,0,0,0,0,0,0,0,0,0,0,0,0,0,0,0,0,0,0,0,0
R_A3,18343,24114,8861,7005,9034,3937,4,4358,424,2896,5088,1058,2123,1122,6240,822,431,77,2574,88,0,1285,1032,1,9879,1,713,924,583,373,867,174,298,1507,628,93,200,6,299,292,86,26,122,187,45,385,117,266,230,486,34,132,275,201,67,119,6,98,10,167,471,80,158,98,28,5,872,0,5,0,5,30,16,16,27,49,0,1,54,39,331,21,0,239,11,341,1,163,27,150,61,0,34,5,78,0,6,40,65,16,62,65,173,0,0,176,44,25,827,0,74,7,23,1,62,29,61,5,0,14,8,8,3,96,82,212,0,13,15,1,12,5,0,0,0,3,14,9,7,71,22,4,0,37,0,5,44,32,39,2,0,11,77,0,149,9,7,22,3,105,0,41,0,4,3,0,6,0,3,114,0,371,66,3,0,0,15,2,48,17,12,0,19,6,0,58,8,32,15,0,0,0,239,63,77,0,24,22,0,2,35,5,2,15,2,0,12,4,0,9,29,10,45,0,2,9,5,2,4,5,13,0,0,29,0,10,18,7,0,0,2,3,9,0,48,4,0,1,3,0,3,2,3,4,0,11,5,3,4,2,5,5,0,0,2,1,4,2,84,3,21,21,27,3,0,2,0,0,3,2,17,11,1,2,0,4,2,0,6,5,0,2,0,2,0,4,1,7,0,0,5,0,0,0,3,0,21,0,0,0,1,0,1,22,0,8,0,9,3,2,0,5,2,1,4,5,1,2,0,16,0,14,0,26,12,0,0,1,0,0,0,36,11,0,1,12,1,1,0,0,6,9,0,3,2,0,2,0,6,16,6,0,3,2,0,1,0,6,0,1,6,2,8,0,1,0,1,2,1,1,0,0,3,0,1,0,0,2,2,0,0,0,0,5,0,0,3,0,0,3,0,2,0,5,1,1,0,0,0,0,0,4,0,0,0,1,3,0,1,3,1,2,0,7,1,0,0,0,1,0,0,0,4,0,1,0,2,0,2,2,0,0,2,7,0,0,0,3,0,0,0,1,0,0,0,0,0,0,2,3,0,0,0,0,0,1,1,0,1,0,0,0,0,0,1,0,0,0,0,15,0,0,0,0,0,2,0,1,0,1,0,1,5,0,0,0,0,0,1,0,1,0,2,0,0,2,0,0,0,0,3,1,0,0,1,0,1,1,0,1,2,1,0,0,0,0,0,0,0,0,0,1,0,0,1,0,0,0,0,0,0,0,1,5,0,0,4,1,0,0,0,1,0,0,5,0,0,0,0,1,0,0,0,0,0,1,0,0,0,0,0,1,2,0,0,0,0,0,1,0,0,0,0,0,0,0,1,0,0,0,0,0,0,1,0,2,0,0,0,0,0,0,1,0,0,2,0,0,0,0,0,1,1,1,2,0,0,0,0,0,0,0,0,0,0,0,0,0,0,0,0,0,0,0,1,0,0,0,0,0,0,0,0,0,0,0,0,0,0,0,0,0,0,0,0,0,0,0,0,0,0,0,0,0,0,0,0,0,0,0,0,0,1,0,0,0,0,0,0,0,0,0,0,0,0,0,0,0,0,0,0,0,0,0,0,0,0,0,0,0,0,0,0,0,0,0,0,0,0,0,0,0,0,0,0,0,0,0,0,0,0,0,0,0,0,0,0,0,0,0,0,0,0,0,0,0,0,0,0,0,0,0,0,0,0,0,0,0,0,0,0,0,0,0,0,0,0,0,0,0,0,0,0,0,0,0,0,0,0,0,0,0,0,0,0,0,0,0,0,0,0,0,0,0,0,0,0,0,0,0,0,0,0,0,0,0,0,0,0,0,0,0,0,0,0,0,0,0,0,0,0,0,0,0,0,0,0,0,0,0,0,0,0,0,0,0,0,0,0,0,0,0,0,0,0,0,0,0,0,0,0,0,0,0,0,0,0,0,0,0,0,0,0,0,0,0,0
R_M4,85632,34159,7498,30068,16638,8940,119,8665,7253,7299,1489,5499,1533,2198,779,3,627,10448,270,193,117,1235,9500,17,64,8,254,1135,2072,1963,1201,710,2069,6,467,5,276,74,1202,228,1087,1336,8,275,1169,187,5,912,200,4,20,635,37,286,71,494,19,724,1,12,208,463,83,91,73,12,225,0,71,6,12,58,8,263,124,68,3,437,58,71,59,266,3,100,35,219,17,311,210,148,0,1,31,182,172,1,33,36,111,159,28,15,30,1,0,23,130,10,0,1,87,35,4,31,41,84,19,9,0,50,94,72,14,87,87,116,5,13,42,0,25,4,29,3,0,2,15,36,5,70,41,30,1,7,1,82,22,15,49,37,20,28,10,42,0,217,0,30,34,52,89,39,40,17,37,0,67,16,0,0,0,0,62,17,18,0,16,14,64,42,22,5,1,0,8,1,111,3,18,30,0,13,0,5,0,0,19,9,0,62,29,33,31,2,35,0,10,18,16,10,0,14,1,0,6,21,12,6,121,22,31,4,11,11,0,18,6,31,0,41,12,60,29,0,7,11,0,0,14,2,18,69,0,14,12,2,19,2,1,14,27,6,0,2,0,52,9,0,0,13,3,18,3,39,5,13,16,0,14,0,5,1,0,13,0,0,0,10,3,16,0,8,0,11,10,15,0,0,0,0,8,4,0,3,0,6,1,6,0,0,0,12,5,17,0,7,0,11,6,5,0,11,1,0,10,5,8,3,39,5,2,1,1,0,2,0,0,4,0,0,1,3,0,5,4,10,3,16,0,0,1,19,0,5,4,0,0,6,1,2,0,0,0,0,0,1,0,5,0,4,10,0,7,18,0,0,0,0,0,8,0,0,8,0,0,0,3,13,0,0,2,2,1,1,0,8,3,0,18,1,1,3,5,0,7,8,9,8,2,0,4,10,0,2,0,16,1,0,4,0,0,2,0,0,0,0,3,0,0,0,3,2,1,2,0,0,0,1,3,1,0,1,3,0,0,0,0,3,0,0,0,0,0,0,1,2,3,3,1,3,2,0,0,2,2,3,5,2,14,1,3,5,0,0,1,0,2,0,1,0,0,0,4,6,1,0,0,3,0,4,0,1,0,0,0,0,0,3,0,0,1,0,2,0,13,0,0,0,8,1,0,1,0,0,1,0,2,0,0,1,0,1,4,0,0,0,0,1,0,0,0,0,0,0,1,0,0,2,0,0,4,0,2,0,4,0,0,0,0,0,2,0,1,0,0,0,0,0,3,0,1,0,0,0,0,0,0,0,0,1,0,0,0,0,1,0,0,0,0,0,0,0,1,0,0,1,0,1,0,3,0,0,0,0,0,0,0,0,0,0,1,0,0,0,0,0,0,0,0,0,0,0,0,1,0,0,0,0,0,0,0,0,0,0,0,0,0,0,0,2,0,1,1,0,1,0,0,0,0,0,0,0,0,0,0,1,0,0,0,0,0,1,0,0,0,0,0,0,0,1,0,1,0,0,0,0,0,0,0,0,0,0,0,0,0,0,0,0,0,0,0,0,0,0,0,0,0,0,0,0,0,0,0,0,0,0,0,0,0,0,0,0,0,0,0,0,0,0,0,0,0,0,0,0,0,0,0,0,0,0,0,0,0,0,0,0,0,0,0,0,0,0,0,0,0,0,0,0,0,0,0,0,0,0,0,0,0,0,0,0,0,0,0,0,0,0,0,0,0,0,0,0,0,0,0,0,0,0,0,0,0,0,0,0,0,0,0,0,0,0,0,0,0,0,0,0,0,0,0,0,0,0,0,0,0,0,0,0,0,0,0,0,0,0,0,0,0,0,0,0,0,0,0,0,0,0,0,0,0,0,0,0,0,0,0,0,0,0,0,0,0,0,0,0,0,0,0,0,0,0,0,0,0,0,0,0,0,0,0,0,0,0,0,0,0,0,0
R_P4,56016,29602,13991,27617,18074,14048,185,8077,13512,5572,5124,7082,5964,4141,1314,2228,2159,1472,1503,103,0,7294,7493,7,4292,51,2431,867,538,389,645,166,594,0,1168,9076,208,263,2488,290,595,1220,0,190,471,337,4,420,280,1,204,149,445,260,27,82,67,347,0,1657,222,139,238,112,262,31,281,0,48,0,7,28,0,83,150,215,8,3,83,51,248,473,0,161,44,115,2,407,39,93,0,1,45,28,252,0,15,29,42,15,11,82,36,0,0,4,238,431,0,0,116,34,50,0,47,0,162,0,0,0,152,194,0,159,44,57,0,31,9,41,0,32,8,2,1,12,83,35,8,51,26,33,1,28,0,42,15,27,45,8,60,10,20,120,7,18,6,46,137,27,2,19,8,17,16,0,205,34,1,0,0,0,41,13,33,0,66,13,41,40,67,33,282,15,26,17,17,1,4,0,0,21,0,30,0,0,21,3,0,2,28,40,4,2,68,0,6,37,14,5,0,7,12,13,7,157,7,24,60,6,9,21,25,18,5,37,12,9,6,79,26,49,0,0,3,10,0,198,49,0,30,5,0,6,18,10,6,88,34,23,18,9,0,1,8,51,24,0,9,22,1,8,7,0,1,7,9,147,8,25,2,7,1,27,3,8,2,15,6,58,0,1,0,2,38,51,6,4,2,1,6,2,0,1,23,29,41,10,3,8,0,79,8,4,0,4,17,4,1,8,17,6,1,12,16,17,36,2,9,6,2,7,3,1,1,0,0,4,1,12,1,9,7,9,0,9,0,48,0,0,2,2,22,3,6,1,6,7,7,5,16,0,0,2,0,1,9,3,7,56,20,0,21,3,2,0,5,1,0,1,0,0,2,2,0,0,11,25,43,3,0,35,7,27,1,12,6,0,5,18,32,6,33,2,2,5,16,4,0,0,0,6,0,2,0,11,1,0,15,0,2,1,0,0,0,0,0,5,0,1,3,0,0,2,3,0,3,20,1,4,0,0,0,0,0,2,0,3,0,2,0,28,0,6,1,7,4,3,0,1,5,3,3,0,1,4,3,4,0,2,7,4,2,10,0,0,4,0,8,0,0,0,13,1,0,3,0,11,2,1,1,5,0,0,0,0,0,2,0,1,3,0,1,4,2,0,0,0,3,0,0,2,0,0,0,0,0,2,1,4,0,11,0,0,2,2,1,5,0,0,3,1,0,1,1,0,1,1,0,2,0,0,2,0,0,0,0,0,0,0,0,0,0,1,0,0,1,2,2,2,0,0,1,1,4,0,0,1,0,5,1,1,0,2,2,0,0,0,0,4,0,0,0,0,1,0,0,1,0,1,1,1,0,2,0,0,0,1,3,3,1,0,0,0,0,0,0,0,1,0,2,0,0,0,0,1,0,0,3,0,0,0,1,0,1,0,0,1,0,0,1,1,0,0,0,0,0,0,1,2,0,1,0,0,0,0,1,0,1,0,0,0,0,1,1,0,0,0,0,0,0,0,0,1,0,0,0,0,0,0,0,0,0,0,0,0,0,0,0,0,0,0,0,0,0,0,0,0,0,0,0,0,0,0,0,0,0,0,0,0,0,0,0,0,0,0,0,0,0,0,0,0,0,0,0,0,0,0,0,0,0,0,0,0,0,0,0,0,0,0,0,0,0,0,0,0,0,0,0,0,0,0,0,0,0,0,0,0,0,0,0,0,0,0,0,0,0,0,0,0,0,0,0,0,0,0,0,0,0,0,0,0,0,0,0,0,0,0,0,0,0,0,0,0,0,0,0,0,0,0,0,0,0,0,0,0,0,0,0,0,0,0,0,0,0,0,0,0,0,0,0,0,0,0,0,0,0,0,0,0,0,0,0,0,0,0,0,0,0,0,0,0,0,0,0,0,0,0,0,0,0,0,0,0,0,0,0,0,0,0,0,0,0,0,0,0,0
R_A4,24442,16103,3523,13242,11386,3140,107,5204,8574,3286,1519,986,3735,1838,1238,448,1314,507,849,169,52,1008,1987,4,4574,0,298,955,790,1196,936,451,620,0,871,506,160,157,1411,424,727,142,0,108,247,334,60,196,170,7,576,271,241,162,1429,239,37,418,0,225,245,254,152,138,28,30,279,0,34,0,15,24,0,15,116,33,2,0,154,9,64,308,4,97,5,162,45,76,125,118,0,6,70,0,108,0,12,27,33,20,3,14,251,0,0,91,63,15,23,0,86,13,30,2,36,59,0,1,0,8,40,121,59,1,49,95,2,5,4,0,13,4,78,16,1,0,11,0,32,19,25,0,7,8,525,34,92,21,4,7,4,34,3,0,2,5,73,20,17,78,1,25,74,17,7,0,89,7,1,33,0,0,6,318,24,2,5,8,6,34,20,28,12,0,16,6,36,27,62,135,0,35,1,3,0,0,13,9,0,107,6,11,14,2,0,0,56,2,0,15,0,1,4,3,2,54,32,11,10,0,21,6,20,15,0,7,35,0,12,35,44,22,3,0,85,17,0,1,2,0,38,0,2,3,6,2,7,11,2,85,10,3,0,15,34,19,5,0,11,4,5,8,34,1,3,88,1,13,4,3,8,13,0,0,4,2,88,0,14,7,0,0,0,10,32,6,18,18,0,0,53,0,0,0,1,8,17,0,0,8,0,1,4,5,0,5,1,26,2,1,0,2,6,0,2,1,22,2,18,3,0,2,5,0,1,1,0,6,0,8,2,21,41,3,7,24,0,10,0,0,5,3,0,1,46,0,0,4,1,1,0,0,0,0,0,0,2,0,1,0,0,12,0,15,2,0,17,0,0,2,0,1,8,0,0,0,2,3,8,0,0,0,2,4,1,11,1,0,0,2,0,1,9,9,0,4,4,4,0,0,20,10,20,0,0,2,3,6,0,0,0,1,0,0,0,1,0,13,0,0,1,0,0,0,0,0,0,2,4,4,1,2,0,0,1,7,0,13,0,0,0,0,0,0,4,7,1,10,0,4,3,5,0,0,0,0,0,0,0,1,8,4,0,0,0,0,3,0,3,0,9,0,0,3,0,0,0,2,3,2,0,1,0,0,0,0,0,0,0,0,0,0,0,2,0,2,4,0,4,0,0,0,0,6,2,0,0,7,1,1,0,0,0,0,0,1,0,2,0,0,0,0,0,0,1,1,0,0,0,0,0,0,0,0,0,0,1,0,0,0,2,0,0,0,0,0,0,1,0,1,0,0,0,0,0,2,0,0,0,0,1,2,0,0,0,0,1,0,0,0,0,2,0,0,0,0,2,0,0,0,2,2,1,0,0,0,1,0,1,1,1,0,0,0,0,0,0,0,2,0,0,0,0,0,0,0,0,0,0,0,0,0,0,0,0,0,0,0,0,0,0,0,0,0,0,0,0,0,0,0,0,0,0,0,0,0,0,0,0,0,1,0,0,0,0,0,0,0,0,0,0,0,0,0,0,0,0,1,0,0,0,0,0,0,0,0,0,0,0,0,0,0,0,0,0,0,0,0,0,0,0,0,0,0,0,0,0,0,0,0,0,0,0,0,0,0,0,0,0,0,0,0,0,0,0,0,0,0,0,0,0,0,0,0,0,0,0,0,0,0,0,0,0,0,0,0,0,0,0,0,0,0,0,0,0,0,0,0,0,0,0,0,0,0,0,0,0,0,0,0,0,0,0,0,0,0,0,0,0,0,0,0,0,0,0,0,0,0,0,0,0,0,0,0,0,0,0,0,0,0,0,0,0,0,0,0,0,0,0,0,0,0,0,0,0,0,0,0,0,0,0,0,0,0,0,0,0,0,0,0,0,0,0,0,0,0,0,0,0,0,0,0,0,0,0,0,0,0,0,0,0,0,0,0,0,0,0,0,0,0,0,0,0,0,0,0,0
R_M1,137256,3681,32318,30857,6433,18959,7216,9450,1733,2292,9852,5224,5053,5291,7264,9,5024,177,4624,2218,6,4326,1010,1,5,21663,184,830,229,119,868,2561,1167,704,890,20,807,704,233,428,339,625,1,629,980,798,854,185,745,1,13,55,27,226,5,48,31,52,0,196,133,31,266,285,377,363,46,0,8,0,1474,248,5,35,216,83,8,479,183,541,14,45,736,74,28,31,1,9,15,73,78,0,27,119,42,0,140,59,119,78,14,143,54,257,661,148,38,26,14,0,0,42,272,21,33,31,0,61,0,234,273,182,5,86,16,1,92,54,102,0,11,448,7,0,3,145,46,129,0,4,86,388,17,5,2,5,30,90,73,90,5,4,0,0,1,6,10,13,30,8,26,7,23,35,5,390,0,272,28,0,0,0,15,1,6,0,14,7,10,10,38,2,2,147,0,0,24,0,12,2,32,25,0,23,2,0,32,19,6,16,7,6,6,21,53,246,7,5,0,166,0,3,2,21,36,0,5,39,0,57,39,32,3,15,91,21,21,9,45,4,8,2,16,0,3,79,0,0,3,46,7,2,25,7,2,27,45,14,0,26,1,7,0,5,35,1,36,0,5,21,3,6,11,3,5,1,87,1,12,6,24,2,0,10,0,49,3,6,16,3,3,10,10,9,1,7,8,2,29,64,0,4,20,31,1,14,0,7,78,13,14,1,0,0,9,24,31,10,18,14,0,16,27,0,13,10,4,9,1,8,0,7,71,2,20,86,0,3,0,3,16,5,15,8,27,0,17,0,3,0,1,21,0,14,0,15,0,20,1,13,35,0,4,28,0,63,25,1,18,2,5,4,11,1,17,0,5,3,37,12,13,53,5,0,9,5,12,6,0,0,31,0,1,4,3,6,4,14,9,8,3,5,0,3,1,4,0,5,0,9,11,10,1,7,6,1,5,1,3,0,0,2,1,2,19,0,33,1,5,0,6,8,0,19,14,0,10,2,14,1,30,0,1,19,14,19,12,1,0,5,1,0,22,14,0,6,1,2,0,3,0,0,18,0,4,0,2,5,0,7,0,0,3,0,0,1,0,13,6,0,0,0,3,0,18,2,0,0,4,0,9,0,0,13,0,4,10,1,8,8,1,3,4,1,0,0,3,1,0,1,10,5,1,1,2,10,7,2,0,0,1,0,1,4,1,1,1,2,0,3,0,1,3,2,0,0,0,1,9,2,0,11,4,0,2,4,0,0,6,0,1,0,0,7,0,3,0,3,2,2,1,2,0,3,0,1,4,5,6,0,3,1,4,0,0,6,1,1,1,0,1,0,0,3,4,0,0,2,2,0,0,0,3,0,0,1,0,2,0,0,1,0,1,1,1,0,0,0,0,0,0,1,0,1,0,1,0,0,0,2,1,0,0,0,0,1,1,0,1,0,1,0,1,2,0,1,0,0,0,0,0,0,0,0,0,0,0,0,0,1,0,0,1,0,0,1,0,0,0,0,0,0,0,0,0,1,1,0,1,1,1,0,0,1,0,0,0,0,0,0,0,0,0,0,0,0,0,0,0,0,0,0,0,0,0,0,0,0,0,0,0,0,0,0,0,0,0,0,0,0,0,0,0,0,0,0,0,0,0,0,0,0,0,0,0,0,0,0,0,0,0,0,0,0,0,0,0,0,0,0,0,0,0,0,0,0,0,0,0,0,0,0,0,0,0,0,0,0,0,0,0,0,0,0,0,0,0,0,0,0,0,0,0,0,0,0,0,0,0,0,0,0,0,0,0,0,0,0,0,0,0,0,0,0,0,0,0,0,0,0,0,0,0,0,0,0,0,0,0,0,0,0,0,0,0,0,0,0,0,0,0,0,0,0,0,0,0,0,0,0,0,0,0,0,0,0,0,0,0,0,0,0,0,0,0,0,0,0,0,0,0,0,0,0,0,0,0
R_P1,93489,13388,28935,16889,19759,11054,13319,5302,368,4034,5148,3813,2242,3084,0,12974,2761,6607,10606,7122,10691,276,74,8483,4,0,1340,1945,737,546,1525,497,768,1602,558,15,760,5,61,351,195,103,26,238,2,266,9,745,677,2158,1987,165,23,399,447,165,446,62,94,10,203,83,208,254,142,44,0,61,12,0,34,48,0,65,15,0,1,265,79,98,0,8,550,170,332,53,158,1,51,120,0,554,23,0,29,267,69,222,81,282,32,104,49,0,0,69,31,0,8,128,38,2,150,97,106,96,64,0,0,23,4,0,612,3,61,10,22,28,41,144,30,11,0,0,0,0,78,60,138,38,34,2,121,63,6,3,23,52,28,69,4,0,3,51,2,8,0,25,127,6,184,4,0,16,77,0,0,0,54,45,48,2,18,13,26,8,32,0,27,33,0,0,0,3,0,120,64,22,36,0,0,8,37,32,0,0,18,69,72,3,0,8,162,7,14,1,2,27,19,1,158,36,60,42,3,3,3,1,0,4,16,6,18,16,2,12,52,6,24,0,3,1,2,112,3,3,0,0,6,0,16,2,14,4,0,8,4,2,9,0,5,6,0,0,4,2,13,0,2,17,3,14,9,68,49,29,0,0,18,6,5,0,36,0,3,11,0,0,3,2,4,0,0,19,3,11,0,7,4,31,3,0,33,2,3,0,1,0,0,26,34,0,0,0,100,2,11,7,4,2,4,7,2,46,6,6,1,16,0,4,2,5,0,0,0,0,1,14,1,0,3,0,0,6,0,1,0,0,39,40,0,1,1,2,10,9,0,0,6,21,0,0,0,6,0,0,5,10,5,0,0,0,1,0,0,4,0,4,0,2,1,0,4,18,33,0,3,0,1,0,13,2,3,0,12,0,4,1,4,0,2,3,0,7,0,8,0,3,0,0,3,0,0,0,9,2,1,0,2,0,5,16,1,0,0,4,0,8,22,20,2,2,16,0,0,25,1,0,0,3,0,0,2,0,5,0,2,2,0,4,1,0,0,0,0,1,4,1,0,1,0,4,0,1,3,3,0,2,1,1,0,2,4,2,5,4,0,0,0,0,7,0,0,1,0,2,9,0,0,0,0,5,0,0,12,2,0,0,0,0,2,0,0,0,0,0,3,2,0,2,1,1,2,0,0,0,0,0,8,1,0,0,0,1,1,2,4,1,3,1,4,0,0,0,5,2,6,3,0,0,3,0,0,0,0,1,0,1,0,6,2,0,4,0,2,0,0,0,0,0,1,0,0,0,0,0,1,0,0,0,0,0,0,0,0,0,0,0,1,0,0,0,0,0,0,1,0,0,0,0,0,0,0,0,2,0,0,0,0,0,0,0,0,1,1,0,0,3,0,0,0,0,1,0,1,0,1,2,0,0,0,1,0,0,0,0,0,0,0,0,0,0,0,0,0,0,0,0,0,0,1,0,0,0,0,0,0,1,0,0,0,0,0,0,0,0,0,0,0,0,1,0,1,0,0,0,0,0,0,0,0,0,0,0,0,0,0,0,0,0,0,0,0,0,0,0,0,0,0,0,0,0,0,0,0,0,0,0,0,0,0,0,0,0,0,0,0,0,0,0,0,0,0,0,0,0,0,0,0,0,0,0,0,0,0,0,0,0,0,0,0,0,0,0,0,0,0,0,0,0,0,0,0,0,0,0,0,0,0,0,0,0,0,0,0,0,0,0,0,0,0,0,0,0,0,0,0,0,0,0,0,0,0,0,0,0,0,0,0,0,0,0,0,0,0,0,0,0,0,0,0,0,0,0,0,0,0,0,0,0,0,0,0,0,0,0,0,0,0,0,0,0,0,0,0,0,0,0,0,0,0,0,0,0,0,0,0,0,0,0,0,0,0,0,0,0,0,0,0,0,0,0,0,0,0,0,0,0,0,0,0,0,0,0,0,0,0
R_A1,71689,15505,14910,6808,6614,3792,19311,7511,236,2401,1279,1042,1276,1644,39,11722,908,2648,1726,3526,9125,323,70,4566,1,0,2927,618,6322,5844,669,597,92,1273,237,64,225,5,39,354,86,10,0,221,1,194,37,221,419,920,444,1907,21,189,603,1760,210,0,1147,0,155,1180,484,124,126,70,0,190,56,0,93,39,0,22,9,0,33,0,37,36,2,8,405,59,50,164,114,5,652,70,0,405,0,0,6,327,49,14,64,191,75,27,13,0,0,3,37,0,0,667,14,0,18,19,67,106,392,0,1,0,1,0,0,233,70,10,120,29,16,291,1,3,0,0,0,0,55,7,0,42,27,0,2,66,0,0,14,17,18,2,0,0,141,209,166,8,0,28,2,0,53,0,0,12,31,0,0,0,70,134,292,0,0,0,13,309,36,0,4,20,0,0,0,5,4,40,0,12,24,0,0,36,2,71,4,0,7,4,67,0,1,0,33,3,3,1,0,10,204,1,11,20,68,19,6,1,0,0,0,19,0,0,0,18,0,13,18,0,0,0,0,0,45,46,0,0,0,0,7,0,18,0,0,1,0,0,1,0,16,0,6,1,1,0,0,0,0,0,0,1,11,15,3,41,0,0,0,0,21,0,1,0,71,0,0,0,0,0,0,1,0,1,0,28,1,14,0,0,0,2,0,0,32,1,1,0,10,0,0,0,30,0,0,0,0,3,0,12,0,0,46,1,1,22,0,0,1,16,0,3,0,0,2,0,0,1,0,1,2,0,2,0,0,0,0,0,4,0,14,12,0,0,32,1,0,0,0,0,1,16,4,0,0,0,0,0,0,0,0,0,0,0,0,0,0,7,0,0,1,3,6,2,6,16,8,0,0,0,1,2,0,0,0,1,24,2,3,0,2,0,2,2,0,4,0,7,0,0,0,0,0,1,0,0,2,0,0,20,0,0,1,13,0,0,0,0,0,0,7,14,0,0,8,0,0,9,0,6,0,0,0,0,2,0,3,0,0,2,0,0,1,0,0,0,0,0,0,0,0,6,0,0,0,0,0,1,0,0,0,0,0,3,0,1,0,0,0,0,0,0,1,0,0,0,0,1,4,1,0,0,0,1,0,0,6,1,0,0,0,0,1,0,0,0,0,0,2,0,0,0,0,0,0,0,0,0,0,0,0,0,0,0,0,0,0,0,0,0,0,1,3,0,4,0,0,5,0,0,0,1,0,0,0,0,0,0,0,7,0,0,0,0,1,0,1,4,0,0,0,0,0,0,0,0,0,0,2,0,0,0,0,0,0,0,0,0,0,0,0,0,0,0,0,0,0,0,0,0,0,0,0,1,0,0,0,0,0,0,0,0,0,0,0,0,1,0,0,0,0,0,0,0,0,0,0,0,0,1,0,0,0,0,0,0,0,0,0,0,0,0,0,0,0,0,0,0,0,0,0,0,0,0,0,1,0,0,0,0,0,0,0,0,0,0,0,0,0,0,0,0,0,0,0,0,1,0,0,0,0,0,0,0,0,0,0,0,0,0,0,0,0,0,0,0,0,0,0,0,0,0,0,0,0,0,0,0,0,0,0,0,0,0,0,0,0,0,0,0,0,0,0,0,0,0,0,0,0,0,0,0,0,0,0,0,0,0,0,0,0,0,0,0,0,0,0,0,0,0,0,0,0,0,0,0,0,0,0,0,0,0,0,0,0,0,0,0,0,0,0,0,0,0,0,0,0,0,0,0,0,0,0,0,0,0,0,0,0,0,0,0,0,0,0,0,0,0,0,0,0,0,0,0,0,0,0,0,0,0,0,0,0,0,0,0,0,0,0,0,0,0,0,0,0,0,0,0,0,0,0,0,0,0,0,0,0,0,0,0,0,0,0,0,0,0,0,0,0,0,0,0,0,0,0,0,0,0,0,0,0,0,0,0,0,0,0,0,0